nohup: ignoring input

================================================================================
Processing Member: LE2-1281.001
Destination: /data2/michsh/full_member_data/1281/001
================================================================================
Found 182 total historical and future files for this member.
  Downloading b.e21.BHISTcmip6.f09_g17.LE2-1281.001.cam.h1.TREFHTMX.18500101-18591231.nc ... done
  Downloading b.e21.BHISTcmip6.f09_g17.LE2-1281.001.cam.h1.TREFHTMX.18600101-18691231.nc ... done
  Downloading b.e21.BHISTcmip6.f09_g17.LE2-1281.001.cam.h1.TREFHTMX.18700101-18791231.nc ... done
  Downloading b.e21.BHISTcmip6.f09_g17.LE2-1281.001.cam.h1.TREFHTMX.18800101-18891231.nc ... done
  Downloading b.e21.BHISTcmip6.f09_g17.LE2-1281.001.cam.h1.TREFHTMX.18900101-18991231.nc ... done
  Downloading b.e21.BHISTcmip6.f09_g17.LE2-1281.001.cam.h1.TREFHTMX.19000101-19091231.nc ... done
  Downloading b.e21.BHISTcmip6.f09_g17.LE2-1281.001.cam.h1.TREFHTMX.19100101-19191231.nc ... done
  Downloading b.e21.BHISTcmip6.f09_g17.LE2-1281.001.cam.h1.TREFHTMX.19200101-19291231.nc ... done
  Downloading b.e21.BHISTcmip6.f09_g17.LE2-1281.001.cam.h1.TREFHTMX.19300101-19391231.nc ... done
  Downloading b.e21.BHISTcmip6.f09_g17.LE2-1281.001.cam.h1.TREFHTMX.19400101-19491231.nc ... done
  Downloading b.e21.BHISTcmip6.f09_g17.LE2-1281.001.cam.h1.TREFHTMX.19500101-19591231.nc ... done
  Downloading b.e21.BHISTcmip6.f09_g17.LE2-1281.001.cam.h1.TREFHTMX.19600101-19691231.nc ... done
  Downloading b.e21.BHISTcmip6.f09_g17.LE2-1281.001.cam.h1.TREFHTMX.19700101-19791231.nc ... done
  Downloading b.e21.BHISTcmip6.f09_g17.LE2-1281.001.cam.h1.TREFHTMX.19800101-19891231.nc ... done
  Downloading b.e21.BHISTcmip6.f09_g17.LE2-1281.001.cam.h1.TREFHTMX.19900101-19991231.nc ... done
  Downloading b.e21.BHISTcmip6.f09_g17.LE2-1281.001.cam.h1.TREFHTMX.20000101-20091231.nc ... done
  Downloading b.e21.BHISTcmip6.f09_g17.LE2-1281.001.cam.h1.TREFHTMX.20100101-20141231.nc ... done
  Downloading b.e21.BSSP370cmip6.f09_g17.LE2-1281.001.cam.h1.TREFHTMX.20150101-20241231.nc ... done
  Downloading b.e21.BSSP370cmip6.f09_g17.LE2-1281.001.cam.h1.TREFHTMX.20250101-20341231.nc ... done
  Downloading b.e21.BSSP370cmip6.f09_g17.LE2-1281.001.cam.h1.TREFHTMX.20350101-20441231.nc ... done
  Downloading b.e21.BSSP370cmip6.f09_g17.LE2-1281.001.cam.h1.TREFHTMX.20450101-20541231.nc ... done
  Downloading b.e21.BSSP370cmip6.f09_g17.LE2-1281.001.cam.h1.TREFHTMX.20550101-20641231.nc ... done
  Downloading b.e21.BSSP370cmip6.f09_g17.LE2-1281.001.cam.h1.TREFHTMX.20650101-20741231.nc ... done
  Downloading b.e21.BSSP370cmip6.f09_g17.LE2-1281.001.cam.h1.TREFHTMX.20750101-20841231.nc ... done
  Downloading b.e21.BSSP370cmip6.f09_g17.LE2-1281.001.cam.h1.TREFHTMX.20850101-20941231.nc ... done
  Downloading b.e21.BSSP370cmip6.f09_g17.LE2-1281.001.cam.h1.TREFHTMX.20950101-21001231.nc ... done
  Downloading b.e21.BHISTcmip6.f09_g17.LE2-1281.001.cam.h1.TREFHTMN.18500101-18591231.nc ... done
  Downloading b.e21.BHISTcmip6.f09_g17.LE2-1281.001.cam.h1.TREFHTMN.18600101-18691231.nc ... done
  Downloading b.e21.BHISTcmip6.f09_g17.LE2-1281.001.cam.h1.TREFHTMN.18700101-18791231.nc ... done
  Downloading b.e21.BHISTcmip6.f09_g17.LE2-1281.001.cam.h1.TREFHTMN.18800101-18891231.nc ... done
  Downloading b.e21.BHISTcmip6.f09_g17.LE2-1281.001.cam.h1.TREFHTMN.18900101-18991231.nc ... done
  Downloading b.e21.BHISTcmip6.f09_g17.LE2-1281.001.cam.h1.TREFHTMN.19000101-19091231.nc ... done
  Downloading b.e21.BHISTcmip6.f09_g17.LE2-1281.001.cam.h1.TREFHTMN.19100101-19191231.nc ... done
  Downloading b.e21.BHISTcmip6.f09_g17.LE2-1281.001.cam.h1.TREFHTMN.19200101-19291231.nc ... done
  Downloading b.e21.BHISTcmip6.f09_g17.LE2-1281.001.cam.h1.TREFHTMN.19300101-19391231.nc ... done
  Downloading b.e21.BHISTcmip6.f09_g17.LE2-1281.001.cam.h1.TREFHTMN.19400101-19491231.nc ... done
  Downloading b.e21.BHISTcmip6.f09_g17.LE2-1281.001.cam.h1.TREFHTMN.19500101-19591231.nc ... done
  Downloading b.e21.BHISTcmip6.f09_g17.LE2-1281.001.cam.h1.TREFHTMN.19600101-19691231.nc ... done
  Downloading b.e21.BHISTcmip6.f09_g17.LE2-1281.001.cam.h1.TREFHTMN.19700101-19791231.nc ... done
  Downloading b.e21.BHISTcmip6.f09_g17.LE2-1281.001.cam.h1.TREFHTMN.19800101-19891231.nc ... done
  Downloading b.e21.BHISTcmip6.f09_g17.LE2-1281.001.cam.h1.TREFHTMN.19900101-19991231.nc ... done
  Downloading b.e21.BHISTcmip6.f09_g17.LE2-1281.001.cam.h1.TREFHTMN.20000101-20091231.nc ... done
  Downloading b.e21.BHISTcmip6.f09_g17.LE2-1281.001.cam.h1.TREFHTMN.20100101-20141231.nc ... done
  Downloading b.e21.BSSP370cmip6.f09_g17.LE2-1281.001.cam.h1.TREFHTMN.20150101-20241231.nc ... done
  Downloading b.e21.BSSP370cmip6.f09_g17.LE2-1281.001.cam.h1.TREFHTMN.20250101-20341231.nc ... done
  Downloading b.e21.BSSP370cmip6.f09_g17.LE2-1281.001.cam.h1.TREFHTMN.20350101-20441231.nc ... done
  Downloading b.e21.BSSP370cmip6.f09_g17.LE2-1281.001.cam.h1.TREFHTMN.20450101-20541231.nc ... done
  Downloading b.e21.BSSP370cmip6.f09_g17.LE2-1281.001.cam.h1.TREFHTMN.20550101-20641231.nc ... done
  Downloading b.e21.BSSP370cmip6.f09_g17.LE2-1281.001.cam.h1.TREFHTMN.20650101-20741231.nc ... done
  Downloading b.e21.BSSP370cmip6.f09_g17.LE2-1281.001.cam.h1.TREFHTMN.20750101-20841231.nc ... done
  Downloading b.e21.BSSP370cmip6.f09_g17.LE2-1281.001.cam.h1.TREFHTMN.20850101-20941231.nc ... done
  Downloading b.e21.BSSP370cmip6.f09_g17.LE2-1281.001.cam.h1.TREFHTMN.20950101-21001231.nc ... done
  Downloading b.e21.BHISTcmip6.f09_g17.LE2-1281.001.cam.h1.FSNS.18500101-18591231.nc ... done
  Downloading b.e21.BHISTcmip6.f09_g17.LE2-1281.001.cam.h1.FSNS.18600101-18691231.nc ... done
  Downloading b.e21.BHISTcmip6.f09_g17.LE2-1281.001.cam.h1.FSNS.18700101-18791231.nc ... done
  Downloading b.e21.BHISTcmip6.f09_g17.LE2-1281.001.cam.h1.FSNS.18800101-18891231.nc ... done
  Downloading b.e21.BHISTcmip6.f09_g17.LE2-1281.001.cam.h1.FSNS.18900101-18991231.nc ... done
  Downloading b.e21.BHISTcmip6.f09_g17.LE2-1281.001.cam.h1.FSNS.19000101-19091231.nc ... done
  Downloading b.e21.BHISTcmip6.f09_g17.LE2-1281.001.cam.h1.FSNS.19100101-19191231.nc ... done
  Downloading b.e21.BHISTcmip6.f09_g17.LE2-1281.001.cam.h1.FSNS.19200101-19291231.nc ... done
  Downloading b.e21.BHISTcmip6.f09_g17.LE2-1281.001.cam.h1.FSNS.19300101-19391231.nc ... done
  Downloading b.e21.BHISTcmip6.f09_g17.LE2-1281.001.cam.h1.FSNS.19400101-19491231.nc ... done
  Downloading b.e21.BHISTcmip6.f09_g17.LE2-1281.001.cam.h1.FSNS.19500101-19591231.nc ... done
  Downloading b.e21.BHISTcmip6.f09_g17.LE2-1281.001.cam.h1.FSNS.19600101-19691231.nc ... done
  Downloading b.e21.BHISTcmip6.f09_g17.LE2-1281.001.cam.h1.FSNS.19700101-19791231.nc ... done
  Downloading b.e21.BHISTcmip6.f09_g17.LE2-1281.001.cam.h1.FSNS.19800101-19891231.nc ... done
  Downloading b.e21.BHISTcmip6.f09_g17.LE2-1281.001.cam.h1.FSNS.19900101-19991231.nc ... done
  Downloading b.e21.BHISTcmip6.f09_g17.LE2-1281.001.cam.h1.FSNS.20000101-20091231.nc ... done
  Downloading b.e21.BHISTcmip6.f09_g17.LE2-1281.001.cam.h1.FSNS.20100101-20141231.nc ... done
  Downloading b.e21.BSSP370cmip6.f09_g17.LE2-1281.001.cam.h1.FSNS.20150101-20241231.nc ... done
  Downloading b.e21.BSSP370cmip6.f09_g17.LE2-1281.001.cam.h1.FSNS.20250101-20341231.nc ... done
  Downloading b.e21.BSSP370cmip6.f09_g17.LE2-1281.001.cam.h1.FSNS.20350101-20441231.nc ... done
  Downloading b.e21.BSSP370cmip6.f09_g17.LE2-1281.001.cam.h1.FSNS.20450101-20541231.nc ... done
  Downloading b.e21.BSSP370cmip6.f09_g17.LE2-1281.001.cam.h1.FSNS.20550101-20641231.nc ... done
  Downloading b.e21.BSSP370cmip6.f09_g17.LE2-1281.001.cam.h1.FSNS.20650101-20741231.nc ... done
  Downloading b.e21.BSSP370cmip6.f09_g17.LE2-1281.001.cam.h1.FSNS.20750101-20841231.nc ... done
  Downloading b.e21.BSSP370cmip6.f09_g17.LE2-1281.001.cam.h1.FSNS.20850101-20941231.nc ... done
  Downloading b.e21.BSSP370cmip6.f09_g17.LE2-1281.001.cam.h1.FSNS.20950101-21001231.nc ... done
  Downloading b.e21.BHISTcmip6.f09_g17.LE2-1281.001.cam.h1.FLNS.18500101-18591231.nc ... done
  Downloading b.e21.BHISTcmip6.f09_g17.LE2-1281.001.cam.h1.FLNS.18600101-18691231.nc ... done
  Downloading b.e21.BHISTcmip6.f09_g17.LE2-1281.001.cam.h1.FLNS.18700101-18791231.nc ... done
  Downloading b.e21.BHISTcmip6.f09_g17.LE2-1281.001.cam.h1.FLNS.18800101-18891231.nc ... done
  Downloading b.e21.BHISTcmip6.f09_g17.LE2-1281.001.cam.h1.FLNS.18900101-18991231.nc ... done
  Downloading b.e21.BHISTcmip6.f09_g17.LE2-1281.001.cam.h1.FLNS.19000101-19091231.nc ... done
  Downloading b.e21.BHISTcmip6.f09_g17.LE2-1281.001.cam.h1.FLNS.19100101-19191231.nc ... done
  Downloading b.e21.BHISTcmip6.f09_g17.LE2-1281.001.cam.h1.FLNS.19200101-19291231.nc ... done
  Downloading b.e21.BHISTcmip6.f09_g17.LE2-1281.001.cam.h1.FLNS.19300101-19391231.nc ... done
  Downloading b.e21.BHISTcmip6.f09_g17.LE2-1281.001.cam.h1.FLNS.19400101-19491231.nc ... done
  Downloading b.e21.BHISTcmip6.f09_g17.LE2-1281.001.cam.h1.FLNS.19500101-19591231.nc ... done
  Downloading b.e21.BHISTcmip6.f09_g17.LE2-1281.001.cam.h1.FLNS.19600101-19691231.nc ... done
  Downloading b.e21.BHISTcmip6.f09_g17.LE2-1281.001.cam.h1.FLNS.19700101-19791231.nc ... done
  Downloading b.e21.BHISTcmip6.f09_g17.LE2-1281.001.cam.h1.FLNS.19800101-19891231.nc ... done
  Downloading b.e21.BHISTcmip6.f09_g17.LE2-1281.001.cam.h1.FLNS.19900101-19991231.nc ... done
  Downloading b.e21.BHISTcmip6.f09_g17.LE2-1281.001.cam.h1.FLNS.20000101-20091231.nc ... done
  Downloading b.e21.BHISTcmip6.f09_g17.LE2-1281.001.cam.h1.FLNS.20100101-20141231.nc ... done
  Downloading b.e21.BSSP370cmip6.f09_g17.LE2-1281.001.cam.h1.FLNS.20150101-20241231.nc ... done
  Downloading b.e21.BSSP370cmip6.f09_g17.LE2-1281.001.cam.h1.FLNS.20250101-20341231.nc ... done
  Downloading b.e21.BSSP370cmip6.f09_g17.LE2-1281.001.cam.h1.FLNS.20350101-20441231.nc ... done
  Downloading b.e21.BSSP370cmip6.f09_g17.LE2-1281.001.cam.h1.FLNS.20450101-20541231.nc ... done
  Downloading b.e21.BSSP370cmip6.f09_g17.LE2-1281.001.cam.h1.FLNS.20550101-20641231.nc ... done
  Downloading b.e21.BSSP370cmip6.f09_g17.LE2-1281.001.cam.h1.FLNS.20650101-20741231.nc ... done
  Downloading b.e21.BSSP370cmip6.f09_g17.LE2-1281.001.cam.h1.FLNS.20750101-20841231.nc ... done
  Downloading b.e21.BSSP370cmip6.f09_g17.LE2-1281.001.cam.h1.FLNS.20850101-20941231.nc ... done
  Downloading b.e21.BSSP370cmip6.f09_g17.LE2-1281.001.cam.h1.FLNS.20950101-21001231.nc ... done
  Downloading b.e21.BHISTcmip6.f09_g17.LE2-1281.001.cam.h1.PS.18500101-18591231.nc ... done
  Downloading b.e21.BHISTcmip6.f09_g17.LE2-1281.001.cam.h1.PS.18600101-18691231.nc ... done
  Downloading b.e21.BHISTcmip6.f09_g17.LE2-1281.001.cam.h1.PS.18700101-18791231.nc ... done
  Downloading b.e21.BHISTcmip6.f09_g17.LE2-1281.001.cam.h1.PS.18800101-18891231.nc ... done
  Downloading b.e21.BHISTcmip6.f09_g17.LE2-1281.001.cam.h1.PS.18900101-18991231.nc ... done
  Downloading b.e21.BHISTcmip6.f09_g17.LE2-1281.001.cam.h1.PS.19000101-19091231.nc ... done
  Downloading b.e21.BHISTcmip6.f09_g17.LE2-1281.001.cam.h1.PS.19100101-19191231.nc ... done
  Downloading b.e21.BHISTcmip6.f09_g17.LE2-1281.001.cam.h1.PS.19200101-19291231.nc ... done
  Downloading b.e21.BHISTcmip6.f09_g17.LE2-1281.001.cam.h1.PS.19300101-19391231.nc ... done
  Downloading b.e21.BHISTcmip6.f09_g17.LE2-1281.001.cam.h1.PS.19400101-19491231.nc ... done
  Downloading b.e21.BHISTcmip6.f09_g17.LE2-1281.001.cam.h1.PS.19500101-19591231.nc ... done
  Downloading b.e21.BHISTcmip6.f09_g17.LE2-1281.001.cam.h1.PS.19600101-19691231.nc ... done
  Downloading b.e21.BHISTcmip6.f09_g17.LE2-1281.001.cam.h1.PS.19700101-19791231.nc ... done
  Downloading b.e21.BHISTcmip6.f09_g17.LE2-1281.001.cam.h1.PS.19800101-19891231.nc ... done
  Downloading b.e21.BHISTcmip6.f09_g17.LE2-1281.001.cam.h1.PS.19900101-19991231.nc ... done
  Downloading b.e21.BHISTcmip6.f09_g17.LE2-1281.001.cam.h1.PS.20000101-20091231.nc ... done
  Downloading b.e21.BHISTcmip6.f09_g17.LE2-1281.001.cam.h1.PS.20100101-20141231.nc ... done
  Downloading b.e21.BSSP370cmip6.f09_g17.LE2-1281.001.cam.h1.PS.20150101-20241231.nc ... done
  Downloading b.e21.BSSP370cmip6.f09_g17.LE2-1281.001.cam.h1.PS.20250101-20341231.nc ... done
  Downloading b.e21.BSSP370cmip6.f09_g17.LE2-1281.001.cam.h1.PS.20350101-20441231.nc ... done
  Downloading b.e21.BSSP370cmip6.f09_g17.LE2-1281.001.cam.h1.PS.20450101-20541231.nc ... done
  Downloading b.e21.BSSP370cmip6.f09_g17.LE2-1281.001.cam.h1.PS.20550101-20641231.nc ... done
  Downloading b.e21.BSSP370cmip6.f09_g17.LE2-1281.001.cam.h1.PS.20650101-20741231.nc ... done
  Downloading b.e21.BSSP370cmip6.f09_g17.LE2-1281.001.cam.h1.PS.20750101-20841231.nc ... done
  Downloading b.e21.BSSP370cmip6.f09_g17.LE2-1281.001.cam.h1.PS.20850101-20941231.nc ... done
  Downloading b.e21.BSSP370cmip6.f09_g17.LE2-1281.001.cam.h1.PS.20950101-21001231.nc ... done
  Downloading b.e21.BHISTcmip6.f09_g17.LE2-1281.001.cam.h1.WSPDSRFAV.18500101-18591231.nc ... done
  Downloading b.e21.BHISTcmip6.f09_g17.LE2-1281.001.cam.h1.WSPDSRFAV.18600101-18691231.nc ... done
  Downloading b.e21.BHISTcmip6.f09_g17.LE2-1281.001.cam.h1.WSPDSRFAV.18700101-18791231.nc ... done
  Downloading b.e21.BHISTcmip6.f09_g17.LE2-1281.001.cam.h1.WSPDSRFAV.18800101-18891231.nc ... done
  Downloading b.e21.BHISTcmip6.f09_g17.LE2-1281.001.cam.h1.WSPDSRFAV.18900101-18991231.nc ... done
  Downloading b.e21.BHISTcmip6.f09_g17.LE2-1281.001.cam.h1.WSPDSRFAV.19000101-19091231.nc ... done
  Downloading b.e21.BHISTcmip6.f09_g17.LE2-1281.001.cam.h1.WSPDSRFAV.19100101-19191231.nc ... done
  Downloading b.e21.BHISTcmip6.f09_g17.LE2-1281.001.cam.h1.WSPDSRFAV.19200101-19291231.nc ... done
  Downloading b.e21.BHISTcmip6.f09_g17.LE2-1281.001.cam.h1.WSPDSRFAV.19300101-19391231.nc ... done
  Downloading b.e21.BHISTcmip6.f09_g17.LE2-1281.001.cam.h1.WSPDSRFAV.19400101-19491231.nc ... done
  Downloading b.e21.BHISTcmip6.f09_g17.LE2-1281.001.cam.h1.WSPDSRFAV.19500101-19591231.nc ... done
  Downloading b.e21.BHISTcmip6.f09_g17.LE2-1281.001.cam.h1.WSPDSRFAV.19600101-19691231.nc ... done
  Downloading b.e21.BHISTcmip6.f09_g17.LE2-1281.001.cam.h1.WSPDSRFAV.19700101-19791231.nc ... done
  Downloading b.e21.BHISTcmip6.f09_g17.LE2-1281.001.cam.h1.WSPDSRFAV.19800101-19891231.nc ... done
  Downloading b.e21.BHISTcmip6.f09_g17.LE2-1281.001.cam.h1.WSPDSRFAV.19900101-19991231.nc ... done
  Downloading b.e21.BHISTcmip6.f09_g17.LE2-1281.001.cam.h1.WSPDSRFAV.20000101-20091231.nc ... done
  Downloading b.e21.BHISTcmip6.f09_g17.LE2-1281.001.cam.h1.WSPDSRFAV.20100101-20141231.nc ... done
  Downloading b.e21.BSSP370cmip6.f09_g17.LE2-1281.001.cam.h1.WSPDSRFAV.20150101-20241231.nc ... done
  Downloading b.e21.BSSP370cmip6.f09_g17.LE2-1281.001.cam.h1.WSPDSRFAV.20250101-20341231.nc ... done
  Downloading b.e21.BSSP370cmip6.f09_g17.LE2-1281.001.cam.h1.WSPDSRFAV.20350101-20441231.nc ... done
  Downloading b.e21.BSSP370cmip6.f09_g17.LE2-1281.001.cam.h1.WSPDSRFAV.20450101-20541231.nc ... done
  Downloading b.e21.BSSP370cmip6.f09_g17.LE2-1281.001.cam.h1.WSPDSRFAV.20550101-20641231.nc ... done
  Downloading b.e21.BSSP370cmip6.f09_g17.LE2-1281.001.cam.h1.WSPDSRFAV.20650101-20741231.nc ... done
  Downloading b.e21.BSSP370cmip6.f09_g17.LE2-1281.001.cam.h1.WSPDSRFAV.20750101-20841231.nc ... done
  Downloading b.e21.BSSP370cmip6.f09_g17.LE2-1281.001.cam.h1.WSPDSRFAV.20850101-20941231.nc ... done
  Downloading b.e21.BSSP370cmip6.f09_g17.LE2-1281.001.cam.h1.WSPDSRFAV.20950101-21001231.nc ... done
  Downloading b.e21.BHISTcmip6.f09_g17.LE2-1281.001.cam.h1.QREFHT.18500101-18591231.nc ... done
  Downloading b.e21.BHISTcmip6.f09_g17.LE2-1281.001.cam.h1.QREFHT.18600101-18691231.nc ... done
  Downloading b.e21.BHISTcmip6.f09_g17.LE2-1281.001.cam.h1.QREFHT.18700101-18791231.nc ... done
  Downloading b.e21.BHISTcmip6.f09_g17.LE2-1281.001.cam.h1.QREFHT.18800101-18891231.nc ... done
  Downloading b.e21.BHISTcmip6.f09_g17.LE2-1281.001.cam.h1.QREFHT.18900101-18991231.nc ... done
  Downloading b.e21.BHISTcmip6.f09_g17.LE2-1281.001.cam.h1.QREFHT.19000101-19091231.nc ... done
  Downloading b.e21.BHISTcmip6.f09_g17.LE2-1281.001.cam.h1.QREFHT.19100101-19191231.nc ... done
  Downloading b.e21.BHISTcmip6.f09_g17.LE2-1281.001.cam.h1.QREFHT.19200101-19291231.nc ... done
  Downloading b.e21.BHISTcmip6.f09_g17.LE2-1281.001.cam.h1.QREFHT.19300101-19391231.nc ... done
  Downloading b.e21.BHISTcmip6.f09_g17.LE2-1281.001.cam.h1.QREFHT.19400101-19491231.nc ... done
  Downloading b.e21.BHISTcmip6.f09_g17.LE2-1281.001.cam.h1.QREFHT.19500101-19591231.nc ... done
  Downloading b.e21.BHISTcmip6.f09_g17.LE2-1281.001.cam.h1.QREFHT.19600101-19691231.nc ... done
  Downloading b.e21.BHISTcmip6.f09_g17.LE2-1281.001.cam.h1.QREFHT.19700101-19791231.nc ... done
  Downloading b.e21.BHISTcmip6.f09_g17.LE2-1281.001.cam.h1.QREFHT.19800101-19891231.nc ... done
  Downloading b.e21.BHISTcmip6.f09_g17.LE2-1281.001.cam.h1.QREFHT.19900101-19991231.nc ... done
  Downloading b.e21.BHISTcmip6.f09_g17.LE2-1281.001.cam.h1.QREFHT.20000101-20091231.nc ... done
  Downloading b.e21.BHISTcmip6.f09_g17.LE2-1281.001.cam.h1.QREFHT.20100101-20141231.nc ... done
  Downloading b.e21.BSSP370cmip6.f09_g17.LE2-1281.001.cam.h1.QREFHT.20150101-20241231.nc ... done
  Downloading b.e21.BSSP370cmip6.f09_g17.LE2-1281.001.cam.h1.QREFHT.20250101-20341231.nc ... done
  Downloading b.e21.BSSP370cmip6.f09_g17.LE2-1281.001.cam.h1.QREFHT.20350101-20441231.nc ... done
  Downloading b.e21.BSSP370cmip6.f09_g17.LE2-1281.001.cam.h1.QREFHT.20450101-20541231.nc ... done
  Downloading b.e21.BSSP370cmip6.f09_g17.LE2-1281.001.cam.h1.QREFHT.20550101-20641231.nc ... done
  Downloading b.e21.BSSP370cmip6.f09_g17.LE2-1281.001.cam.h1.QREFHT.20650101-20741231.nc ... done
  Downloading b.e21.BSSP370cmip6.f09_g17.LE2-1281.001.cam.h1.QREFHT.20750101-20841231.nc ... done
  Downloading b.e21.BSSP370cmip6.f09_g17.LE2-1281.001.cam.h1.QREFHT.20850101-20941231.nc ... done
  Downloading b.e21.BSSP370cmip6.f09_g17.LE2-1281.001.cam.h1.QREFHT.20950101-21001231.nc ... done

================================================================================
Processing Member: LE2-1281.002
Destination: /data2/michsh/full_member_data/1281/002
================================================================================
Found 182 total historical and future files for this member.
  Downloading b.e21.BHISTcmip6.f09_g17.LE2-1281.002.cam.h1.TREFHTMX.18500101-18591231.nc ... done
  Downloading b.e21.BHISTcmip6.f09_g17.LE2-1281.002.cam.h1.TREFHTMX.18600101-18691231.nc ... done
  Downloading b.e21.BHISTcmip6.f09_g17.LE2-1281.002.cam.h1.TREFHTMX.18700101-18791231.nc ... done
  Downloading b.e21.BHISTcmip6.f09_g17.LE2-1281.002.cam.h1.TREFHTMX.18800101-18891231.nc ... done
  Downloading b.e21.BHISTcmip6.f09_g17.LE2-1281.002.cam.h1.TREFHTMX.18900101-18991231.nc ... done
  Downloading b.e21.BHISTcmip6.f09_g17.LE2-1281.002.cam.h1.TREFHTMX.19000101-19091231.nc ... done
  Downloading b.e21.BHISTcmip6.f09_g17.LE2-1281.002.cam.h1.TREFHTMX.19100101-19191231.nc ... done
  Downloading b.e21.BHISTcmip6.f09_g17.LE2-1281.002.cam.h1.TREFHTMX.19200101-19291231.nc ... done
  Downloading b.e21.BHISTcmip6.f09_g17.LE2-1281.002.cam.h1.TREFHTMX.19300101-19391231.nc ... done
  Downloading b.e21.BHISTcmip6.f09_g17.LE2-1281.002.cam.h1.TREFHTMX.19400101-19491231.nc ... done
  Downloading b.e21.BHISTcmip6.f09_g17.LE2-1281.002.cam.h1.TREFHTMX.19500101-19591231.nc ... done
  Downloading b.e21.BHISTcmip6.f09_g17.LE2-1281.002.cam.h1.TREFHTMX.19600101-19691231.nc ... done
  Downloading b.e21.BHISTcmip6.f09_g17.LE2-1281.002.cam.h1.TREFHTMX.19700101-19791231.nc ... done
  Downloading b.e21.BHISTcmip6.f09_g17.LE2-1281.002.cam.h1.TREFHTMX.19800101-19891231.nc ... done
  Downloading b.e21.BHISTcmip6.f09_g17.LE2-1281.002.cam.h1.TREFHTMX.19900101-19991231.nc ... done
  Downloading b.e21.BHISTcmip6.f09_g17.LE2-1281.002.cam.h1.TREFHTMX.20000101-20091231.nc ... done
  Downloading b.e21.BHISTcmip6.f09_g17.LE2-1281.002.cam.h1.TREFHTMX.20100101-20141231.nc ... done
  Downloading b.e21.BSSP370cmip6.f09_g17.LE2-1281.002.cam.h1.TREFHTMX.20150101-20241231.nc ... done
  Downloading b.e21.BSSP370cmip6.f09_g17.LE2-1281.002.cam.h1.TREFHTMX.20250101-20341231.nc ... done
  Downloading b.e21.BSSP370cmip6.f09_g17.LE2-1281.002.cam.h1.TREFHTMX.20350101-20441231.nc ... done
  Downloading b.e21.BSSP370cmip6.f09_g17.LE2-1281.002.cam.h1.TREFHTMX.20450101-20541231.nc ... done
  Downloading b.e21.BSSP370cmip6.f09_g17.LE2-1281.002.cam.h1.TREFHTMX.20550101-20641231.nc ... done
  Downloading b.e21.BSSP370cmip6.f09_g17.LE2-1281.002.cam.h1.TREFHTMX.20650101-20741231.nc ... done
  Downloading b.e21.BSSP370cmip6.f09_g17.LE2-1281.002.cam.h1.TREFHTMX.20750101-20841231.nc ... done
  Downloading b.e21.BSSP370cmip6.f09_g17.LE2-1281.002.cam.h1.TREFHTMX.20850101-20941231.nc ... done
  Downloading b.e21.BSSP370cmip6.f09_g17.LE2-1281.002.cam.h1.TREFHTMX.20950101-21001231.nc ... done
  Downloading b.e21.BHISTcmip6.f09_g17.LE2-1281.002.cam.h1.TREFHTMN.18500101-18591231.nc ... done
  Downloading b.e21.BHISTcmip6.f09_g17.LE2-1281.002.cam.h1.TREFHTMN.18600101-18691231.nc ... done
  Downloading b.e21.BHISTcmip6.f09_g17.LE2-1281.002.cam.h1.TREFHTMN.18700101-18791231.nc ... done
  Downloading b.e21.BHISTcmip6.f09_g17.LE2-1281.002.cam.h1.TREFHTMN.18800101-18891231.nc ... done
  Downloading b.e21.BHISTcmip6.f09_g17.LE2-1281.002.cam.h1.TREFHTMN.18900101-18991231.nc ... done
  Downloading b.e21.BHISTcmip6.f09_g17.LE2-1281.002.cam.h1.TREFHTMN.19000101-19091231.nc ... done
  Downloading b.e21.BHISTcmip6.f09_g17.LE2-1281.002.cam.h1.TREFHTMN.19100101-19191231.nc ... done
  Downloading b.e21.BHISTcmip6.f09_g17.LE2-1281.002.cam.h1.TREFHTMN.19200101-19291231.nc ... done
  Downloading b.e21.BHISTcmip6.f09_g17.LE2-1281.002.cam.h1.TREFHTMN.19300101-19391231.nc ... done
  Downloading b.e21.BHISTcmip6.f09_g17.LE2-1281.002.cam.h1.TREFHTMN.19400101-19491231.nc ... done
  Downloading b.e21.BHISTcmip6.f09_g17.LE2-1281.002.cam.h1.TREFHTMN.19500101-19591231.nc ... done
  Downloading b.e21.BHISTcmip6.f09_g17.LE2-1281.002.cam.h1.TREFHTMN.19600101-19691231.nc ... done
  Downloading b.e21.BHISTcmip6.f09_g17.LE2-1281.002.cam.h1.TREFHTMN.19700101-19791231.nc ... done
  Downloading b.e21.BHISTcmip6.f09_g17.LE2-1281.002.cam.h1.TREFHTMN.19800101-19891231.nc ... done
  Downloading b.e21.BHISTcmip6.f09_g17.LE2-1281.002.cam.h1.TREFHTMN.19900101-19991231.nc ... done
  Downloading b.e21.BHISTcmip6.f09_g17.LE2-1281.002.cam.h1.TREFHTMN.20000101-20091231.nc ... done
  Downloading b.e21.BHISTcmip6.f09_g17.LE2-1281.002.cam.h1.TREFHTMN.20100101-20141231.nc ... done
  Downloading b.e21.BSSP370cmip6.f09_g17.LE2-1281.002.cam.h1.TREFHTMN.20150101-20241231.nc ... done
  Downloading b.e21.BSSP370cmip6.f09_g17.LE2-1281.002.cam.h1.TREFHTMN.20250101-20341231.nc ... done
  Downloading b.e21.BSSP370cmip6.f09_g17.LE2-1281.002.cam.h1.TREFHTMN.20350101-20441231.nc ... done
  Downloading b.e21.BSSP370cmip6.f09_g17.LE2-1281.002.cam.h1.TREFHTMN.20450101-20541231.nc ... done
  Downloading b.e21.BSSP370cmip6.f09_g17.LE2-1281.002.cam.h1.TREFHTMN.20550101-20641231.nc ... done
  Downloading b.e21.BSSP370cmip6.f09_g17.LE2-1281.002.cam.h1.TREFHTMN.20650101-20741231.nc ... done
  Downloading b.e21.BSSP370cmip6.f09_g17.LE2-1281.002.cam.h1.TREFHTMN.20750101-20841231.nc ... done
  Downloading b.e21.BSSP370cmip6.f09_g17.LE2-1281.002.cam.h1.TREFHTMN.20850101-20941231.nc ... done
  Downloading b.e21.BSSP370cmip6.f09_g17.LE2-1281.002.cam.h1.TREFHTMN.20950101-21001231.nc ... done
  Downloading b.e21.BHISTcmip6.f09_g17.LE2-1281.002.cam.h1.FSNS.18500101-18591231.nc ... done
  Downloading b.e21.BHISTcmip6.f09_g17.LE2-1281.002.cam.h1.FSNS.18600101-18691231.nc ... done
  Downloading b.e21.BHISTcmip6.f09_g17.LE2-1281.002.cam.h1.FSNS.18700101-18791231.nc ... done
  Downloading b.e21.BHISTcmip6.f09_g17.LE2-1281.002.cam.h1.FSNS.18800101-18891231.nc ... done
  Downloading b.e21.BHISTcmip6.f09_g17.LE2-1281.002.cam.h1.FSNS.18900101-18991231.nc ... done
  Downloading b.e21.BHISTcmip6.f09_g17.LE2-1281.002.cam.h1.FSNS.19000101-19091231.nc ... done
  Downloading b.e21.BHISTcmip6.f09_g17.LE2-1281.002.cam.h1.FSNS.19100101-19191231.nc ... done
  Downloading b.e21.BHISTcmip6.f09_g17.LE2-1281.002.cam.h1.FSNS.19200101-19291231.nc ... done
  Downloading b.e21.BHISTcmip6.f09_g17.LE2-1281.002.cam.h1.FSNS.19300101-19391231.nc ... done
  Downloading b.e21.BHISTcmip6.f09_g17.LE2-1281.002.cam.h1.FSNS.19400101-19491231.nc ... done
  Downloading b.e21.BHISTcmip6.f09_g17.LE2-1281.002.cam.h1.FSNS.19500101-19591231.nc ... done
  Downloading b.e21.BHISTcmip6.f09_g17.LE2-1281.002.cam.h1.FSNS.19600101-19691231.nc ... done
  Downloading b.e21.BHISTcmip6.f09_g17.LE2-1281.002.cam.h1.FSNS.19700101-19791231.nc ... done
  Downloading b.e21.BHISTcmip6.f09_g17.LE2-1281.002.cam.h1.FSNS.19800101-19891231.nc ... done
  Downloading b.e21.BHISTcmip6.f09_g17.LE2-1281.002.cam.h1.FSNS.19900101-19991231.nc ... done
  Downloading b.e21.BHISTcmip6.f09_g17.LE2-1281.002.cam.h1.FSNS.20000101-20091231.nc ... done
  Downloading b.e21.BHISTcmip6.f09_g17.LE2-1281.002.cam.h1.FSNS.20100101-20141231.nc ... done
  Downloading b.e21.BSSP370cmip6.f09_g17.LE2-1281.002.cam.h1.FSNS.20150101-20241231.nc ... done
  Downloading b.e21.BSSP370cmip6.f09_g17.LE2-1281.002.cam.h1.FSNS.20250101-20341231.nc ... done
  Downloading b.e21.BSSP370cmip6.f09_g17.LE2-1281.002.cam.h1.FSNS.20350101-20441231.nc ... done
  Downloading b.e21.BSSP370cmip6.f09_g17.LE2-1281.002.cam.h1.FSNS.20450101-20541231.nc ... done
  Downloading b.e21.BSSP370cmip6.f09_g17.LE2-1281.002.cam.h1.FSNS.20550101-20641231.nc ... done
  Downloading b.e21.BSSP370cmip6.f09_g17.LE2-1281.002.cam.h1.FSNS.20650101-20741231.nc ... done
  Downloading b.e21.BSSP370cmip6.f09_g17.LE2-1281.002.cam.h1.FSNS.20750101-20841231.nc ... done
  Downloading b.e21.BSSP370cmip6.f09_g17.LE2-1281.002.cam.h1.FSNS.20850101-20941231.nc ... done
  Downloading b.e21.BSSP370cmip6.f09_g17.LE2-1281.002.cam.h1.FSNS.20950101-21001231.nc ... done
  Downloading b.e21.BHISTcmip6.f09_g17.LE2-1281.002.cam.h1.FLNS.18500101-18591231.nc ... done
  Downloading b.e21.BHISTcmip6.f09_g17.LE2-1281.002.cam.h1.FLNS.18600101-18691231.nc ... done
  Downloading b.e21.BHISTcmip6.f09_g17.LE2-1281.002.cam.h1.FLNS.18700101-18791231.nc ... done
  Downloading b.e21.BHISTcmip6.f09_g17.LE2-1281.002.cam.h1.FLNS.18800101-18891231.nc ... done
  Downloading b.e21.BHISTcmip6.f09_g17.LE2-1281.002.cam.h1.FLNS.18900101-18991231.nc ... done
  Downloading b.e21.BHISTcmip6.f09_g17.LE2-1281.002.cam.h1.FLNS.19000101-19091231.nc ... done
  Downloading b.e21.BHISTcmip6.f09_g17.LE2-1281.002.cam.h1.FLNS.19100101-19191231.nc ... done
  Downloading b.e21.BHISTcmip6.f09_g17.LE2-1281.002.cam.h1.FLNS.19200101-19291231.nc ... done
  Downloading b.e21.BHISTcmip6.f09_g17.LE2-1281.002.cam.h1.FLNS.19300101-19391231.nc ... done
  Downloading b.e21.BHISTcmip6.f09_g17.LE2-1281.002.cam.h1.FLNS.19400101-19491231.nc ... done
  Downloading b.e21.BHISTcmip6.f09_g17.LE2-1281.002.cam.h1.FLNS.19500101-19591231.nc ... done
  Downloading b.e21.BHISTcmip6.f09_g17.LE2-1281.002.cam.h1.FLNS.19600101-19691231.nc ... done
  Downloading b.e21.BHISTcmip6.f09_g17.LE2-1281.002.cam.h1.FLNS.19700101-19791231.nc ... done
  Downloading b.e21.BHISTcmip6.f09_g17.LE2-1281.002.cam.h1.FLNS.19800101-19891231.nc ... done
  Downloading b.e21.BHISTcmip6.f09_g17.LE2-1281.002.cam.h1.FLNS.19900101-19991231.nc ... done
  Downloading b.e21.BHISTcmip6.f09_g17.LE2-1281.002.cam.h1.FLNS.20000101-20091231.nc ... done
  Downloading b.e21.BHISTcmip6.f09_g17.LE2-1281.002.cam.h1.FLNS.20100101-20141231.nc ... done
  Downloading b.e21.BSSP370cmip6.f09_g17.LE2-1281.002.cam.h1.FLNS.20150101-20241231.nc ... done
  Downloading b.e21.BSSP370cmip6.f09_g17.LE2-1281.002.cam.h1.FLNS.20250101-20341231.nc ... done
  Downloading b.e21.BSSP370cmip6.f09_g17.LE2-1281.002.cam.h1.FLNS.20350101-20441231.nc ... done
  Downloading b.e21.BSSP370cmip6.f09_g17.LE2-1281.002.cam.h1.FLNS.20450101-20541231.nc ... done
  Downloading b.e21.BSSP370cmip6.f09_g17.LE2-1281.002.cam.h1.FLNS.20550101-20641231.nc ... done
  Downloading b.e21.BSSP370cmip6.f09_g17.LE2-1281.002.cam.h1.FLNS.20650101-20741231.nc ... done
  Downloading b.e21.BSSP370cmip6.f09_g17.LE2-1281.002.cam.h1.FLNS.20750101-20841231.nc ... done
  Downloading b.e21.BSSP370cmip6.f09_g17.LE2-1281.002.cam.h1.FLNS.20850101-20941231.nc ... done
  Downloading b.e21.BSSP370cmip6.f09_g17.LE2-1281.002.cam.h1.FLNS.20950101-21001231.nc ... done
  Downloading b.e21.BHISTcmip6.f09_g17.LE2-1281.002.cam.h1.PS.18500101-18591231.nc ... done
  Downloading b.e21.BHISTcmip6.f09_g17.LE2-1281.002.cam.h1.PS.18600101-18691231.nc ... done
  Downloading b.e21.BHISTcmip6.f09_g17.LE2-1281.002.cam.h1.PS.18700101-18791231.nc ... done
  Downloading b.e21.BHISTcmip6.f09_g17.LE2-1281.002.cam.h1.PS.18800101-18891231.nc ... done
  Downloading b.e21.BHISTcmip6.f09_g17.LE2-1281.002.cam.h1.PS.18900101-18991231.nc ... done
  Downloading b.e21.BHISTcmip6.f09_g17.LE2-1281.002.cam.h1.PS.19000101-19091231.nc ... done
  Downloading b.e21.BHISTcmip6.f09_g17.LE2-1281.002.cam.h1.PS.19100101-19191231.nc ... done
  Downloading b.e21.BHISTcmip6.f09_g17.LE2-1281.002.cam.h1.PS.19200101-19291231.nc ... done
  Downloading b.e21.BHISTcmip6.f09_g17.LE2-1281.002.cam.h1.PS.19300101-19391231.nc ... done
  Downloading b.e21.BHISTcmip6.f09_g17.LE2-1281.002.cam.h1.PS.19400101-19491231.nc ... done
  Downloading b.e21.BHISTcmip6.f09_g17.LE2-1281.002.cam.h1.PS.19500101-19591231.nc ... done
  Downloading b.e21.BHISTcmip6.f09_g17.LE2-1281.002.cam.h1.PS.19600101-19691231.nc ... done
  Downloading b.e21.BHISTcmip6.f09_g17.LE2-1281.002.cam.h1.PS.19700101-19791231.nc ... done
  Downloading b.e21.BHISTcmip6.f09_g17.LE2-1281.002.cam.h1.PS.19800101-19891231.nc ... done
  Downloading b.e21.BHISTcmip6.f09_g17.LE2-1281.002.cam.h1.PS.19900101-19991231.nc ... done
  Downloading b.e21.BHISTcmip6.f09_g17.LE2-1281.002.cam.h1.PS.20000101-20091231.nc ... done
  Downloading b.e21.BHISTcmip6.f09_g17.LE2-1281.002.cam.h1.PS.20100101-20141231.nc ... done
  Downloading b.e21.BSSP370cmip6.f09_g17.LE2-1281.002.cam.h1.PS.20150101-20241231.nc ... done
  Downloading b.e21.BSSP370cmip6.f09_g17.LE2-1281.002.cam.h1.PS.20250101-20341231.nc ... done
  Downloading b.e21.BSSP370cmip6.f09_g17.LE2-1281.002.cam.h1.PS.20350101-20441231.nc ... done
  Downloading b.e21.BSSP370cmip6.f09_g17.LE2-1281.002.cam.h1.PS.20450101-20541231.nc ... done
  Downloading b.e21.BSSP370cmip6.f09_g17.LE2-1281.002.cam.h1.PS.20550101-20641231.nc ... done
  Downloading b.e21.BSSP370cmip6.f09_g17.LE2-1281.002.cam.h1.PS.20650101-20741231.nc ... done
  Downloading b.e21.BSSP370cmip6.f09_g17.LE2-1281.002.cam.h1.PS.20750101-20841231.nc ... done
  Downloading b.e21.BSSP370cmip6.f09_g17.LE2-1281.002.cam.h1.PS.20850101-20941231.nc ... done
  Downloading b.e21.BSSP370cmip6.f09_g17.LE2-1281.002.cam.h1.PS.20950101-21001231.nc ... done
  Downloading b.e21.BHISTcmip6.f09_g17.LE2-1281.002.cam.h1.WSPDSRFAV.18500101-18591231.nc ... done
  Downloading b.e21.BHISTcmip6.f09_g17.LE2-1281.002.cam.h1.WSPDSRFAV.18600101-18691231.nc ... done
  Downloading b.e21.BHISTcmip6.f09_g17.LE2-1281.002.cam.h1.WSPDSRFAV.18700101-18791231.nc ... done
  Downloading b.e21.BHISTcmip6.f09_g17.LE2-1281.002.cam.h1.WSPDSRFAV.18800101-18891231.nc ... done
  Downloading b.e21.BHISTcmip6.f09_g17.LE2-1281.002.cam.h1.WSPDSRFAV.18900101-18991231.nc ... done
  Downloading b.e21.BHISTcmip6.f09_g17.LE2-1281.002.cam.h1.WSPDSRFAV.19000101-19091231.nc ... done
  Downloading b.e21.BHISTcmip6.f09_g17.LE2-1281.002.cam.h1.WSPDSRFAV.19100101-19191231.nc ... done
  Downloading b.e21.BHISTcmip6.f09_g17.LE2-1281.002.cam.h1.WSPDSRFAV.19200101-19291231.nc ... done
  Downloading b.e21.BHISTcmip6.f09_g17.LE2-1281.002.cam.h1.WSPDSRFAV.19300101-19391231.nc ... done
  Downloading b.e21.BHISTcmip6.f09_g17.LE2-1281.002.cam.h1.WSPDSRFAV.19400101-19491231.nc ... done
  Downloading b.e21.BHISTcmip6.f09_g17.LE2-1281.002.cam.h1.WSPDSRFAV.19500101-19591231.nc ... done
  Downloading b.e21.BHISTcmip6.f09_g17.LE2-1281.002.cam.h1.WSPDSRFAV.19600101-19691231.nc ... done
  Downloading b.e21.BHISTcmip6.f09_g17.LE2-1281.002.cam.h1.WSPDSRFAV.19700101-19791231.nc ... done
  Downloading b.e21.BHISTcmip6.f09_g17.LE2-1281.002.cam.h1.WSPDSRFAV.19800101-19891231.nc ... done
  Downloading b.e21.BHISTcmip6.f09_g17.LE2-1281.002.cam.h1.WSPDSRFAV.19900101-19991231.nc ... done
  Downloading b.e21.BHISTcmip6.f09_g17.LE2-1281.002.cam.h1.WSPDSRFAV.20000101-20091231.nc ... done
  Downloading b.e21.BHISTcmip6.f09_g17.LE2-1281.002.cam.h1.WSPDSRFAV.20100101-20141231.nc ... done
  Downloading b.e21.BSSP370cmip6.f09_g17.LE2-1281.002.cam.h1.WSPDSRFAV.20150101-20241231.nc ... done
  Downloading b.e21.BSSP370cmip6.f09_g17.LE2-1281.002.cam.h1.WSPDSRFAV.20250101-20341231.nc ... done
  Downloading b.e21.BSSP370cmip6.f09_g17.LE2-1281.002.cam.h1.WSPDSRFAV.20350101-20441231.nc ... done
  Downloading b.e21.BSSP370cmip6.f09_g17.LE2-1281.002.cam.h1.WSPDSRFAV.20450101-20541231.nc ... done
  Downloading b.e21.BSSP370cmip6.f09_g17.LE2-1281.002.cam.h1.WSPDSRFAV.20550101-20641231.nc ... done
  Downloading b.e21.BSSP370cmip6.f09_g17.LE2-1281.002.cam.h1.WSPDSRFAV.20650101-20741231.nc ... done
  Downloading b.e21.BSSP370cmip6.f09_g17.LE2-1281.002.cam.h1.WSPDSRFAV.20750101-20841231.nc ... done
  Downloading b.e21.BSSP370cmip6.f09_g17.LE2-1281.002.cam.h1.WSPDSRFAV.20850101-20941231.nc ... done
  Downloading b.e21.BSSP370cmip6.f09_g17.LE2-1281.002.cam.h1.WSPDSRFAV.20950101-21001231.nc ... done
  Downloading b.e21.BHISTcmip6.f09_g17.LE2-1281.002.cam.h1.QREFHT.18500101-18591231.nc ... done
  Downloading b.e21.BHISTcmip6.f09_g17.LE2-1281.002.cam.h1.QREFHT.18600101-18691231.nc ... done
  Downloading b.e21.BHISTcmip6.f09_g17.LE2-1281.002.cam.h1.QREFHT.18700101-18791231.nc ... done
  Downloading b.e21.BHISTcmip6.f09_g17.LE2-1281.002.cam.h1.QREFHT.18800101-18891231.nc ... done
  Downloading b.e21.BHISTcmip6.f09_g17.LE2-1281.002.cam.h1.QREFHT.18900101-18991231.nc ... done
  Downloading b.e21.BHISTcmip6.f09_g17.LE2-1281.002.cam.h1.QREFHT.19000101-19091231.nc ... done
  Downloading b.e21.BHISTcmip6.f09_g17.LE2-1281.002.cam.h1.QREFHT.19100101-19191231.nc ... done
  Downloading b.e21.BHISTcmip6.f09_g17.LE2-1281.002.cam.h1.QREFHT.19200101-19291231.nc ... done
  Downloading b.e21.BHISTcmip6.f09_g17.LE2-1281.002.cam.h1.QREFHT.19300101-19391231.nc ... done
  Downloading b.e21.BHISTcmip6.f09_g17.LE2-1281.002.cam.h1.QREFHT.19400101-19491231.nc ... done
  Downloading b.e21.BHISTcmip6.f09_g17.LE2-1281.002.cam.h1.QREFHT.19500101-19591231.nc ... done
  Downloading b.e21.BHISTcmip6.f09_g17.LE2-1281.002.cam.h1.QREFHT.19600101-19691231.nc ... done
  Downloading b.e21.BHISTcmip6.f09_g17.LE2-1281.002.cam.h1.QREFHT.19700101-19791231.nc ... done
  Downloading b.e21.BHISTcmip6.f09_g17.LE2-1281.002.cam.h1.QREFHT.19800101-19891231.nc ... done
  Downloading b.e21.BHISTcmip6.f09_g17.LE2-1281.002.cam.h1.QREFHT.19900101-19991231.nc ... done
  Downloading b.e21.BHISTcmip6.f09_g17.LE2-1281.002.cam.h1.QREFHT.20000101-20091231.nc ... done
  Downloading b.e21.BHISTcmip6.f09_g17.LE2-1281.002.cam.h1.QREFHT.20100101-20141231.nc ... done
  Downloading b.e21.BSSP370cmip6.f09_g17.LE2-1281.002.cam.h1.QREFHT.20150101-20241231.nc ... done
  Downloading b.e21.BSSP370cmip6.f09_g17.LE2-1281.002.cam.h1.QREFHT.20250101-20341231.nc ... done
  Downloading b.e21.BSSP370cmip6.f09_g17.LE2-1281.002.cam.h1.QREFHT.20350101-20441231.nc ... done
  Downloading b.e21.BSSP370cmip6.f09_g17.LE2-1281.002.cam.h1.QREFHT.20450101-20541231.nc ... done
  Downloading b.e21.BSSP370cmip6.f09_g17.LE2-1281.002.cam.h1.QREFHT.20550101-20641231.nc ... done
  Downloading b.e21.BSSP370cmip6.f09_g17.LE2-1281.002.cam.h1.QREFHT.20650101-20741231.nc ... done
  Downloading b.e21.BSSP370cmip6.f09_g17.LE2-1281.002.cam.h1.QREFHT.20750101-20841231.nc ... done
  Downloading b.e21.BSSP370cmip6.f09_g17.LE2-1281.002.cam.h1.QREFHT.20850101-20941231.nc ... done
  Downloading b.e21.BSSP370cmip6.f09_g17.LE2-1281.002.cam.h1.QREFHT.20950101-21001231.nc ... done

================================================================================
Processing Member: LE2-1281.003
Destination: /data2/michsh/full_member_data/1281/003
================================================================================
Found 182 total historical and future files for this member.
  Downloading b.e21.BHISTcmip6.f09_g17.LE2-1281.003.cam.h1.TREFHTMX.18500101-18591231.nc ... done
  Downloading b.e21.BHISTcmip6.f09_g17.LE2-1281.003.cam.h1.TREFHTMX.18600101-18691231.nc ... done
  Downloading b.e21.BHISTcmip6.f09_g17.LE2-1281.003.cam.h1.TREFHTMX.18700101-18791231.nc ... done
  Downloading b.e21.BHISTcmip6.f09_g17.LE2-1281.003.cam.h1.TREFHTMX.18800101-18891231.nc ... done
  Downloading b.e21.BHISTcmip6.f09_g17.LE2-1281.003.cam.h1.TREFHTMX.18900101-18991231.nc ... done
  Downloading b.e21.BHISTcmip6.f09_g17.LE2-1281.003.cam.h1.TREFHTMX.19000101-19091231.nc ... done
  Downloading b.e21.BHISTcmip6.f09_g17.LE2-1281.003.cam.h1.TREFHTMX.19100101-19191231.nc ... done
  Downloading b.e21.BHISTcmip6.f09_g17.LE2-1281.003.cam.h1.TREFHTMX.19200101-19291231.nc ... done
  Downloading b.e21.BHISTcmip6.f09_g17.LE2-1281.003.cam.h1.TREFHTMX.19300101-19391231.nc ... done
  Downloading b.e21.BHISTcmip6.f09_g17.LE2-1281.003.cam.h1.TREFHTMX.19400101-19491231.nc ... done
  Downloading b.e21.BHISTcmip6.f09_g17.LE2-1281.003.cam.h1.TREFHTMX.19500101-19591231.nc ... done
  Downloading b.e21.BHISTcmip6.f09_g17.LE2-1281.003.cam.h1.TREFHTMX.19600101-19691231.nc ... done
  Downloading b.e21.BHISTcmip6.f09_g17.LE2-1281.003.cam.h1.TREFHTMX.19700101-19791231.nc ... done
  Downloading b.e21.BHISTcmip6.f09_g17.LE2-1281.003.cam.h1.TREFHTMX.19800101-19891231.nc ... done
  Downloading b.e21.BHISTcmip6.f09_g17.LE2-1281.003.cam.h1.TREFHTMX.19900101-19991231.nc ... done
  Downloading b.e21.BHISTcmip6.f09_g17.LE2-1281.003.cam.h1.TREFHTMX.20000101-20091231.nc ... done
  Downloading b.e21.BHISTcmip6.f09_g17.LE2-1281.003.cam.h1.TREFHTMX.20100101-20141231.nc ... done
  Downloading b.e21.BSSP370cmip6.f09_g17.LE2-1281.003.cam.h1.TREFHTMX.20150101-20241231.nc ... done
  Downloading b.e21.BSSP370cmip6.f09_g17.LE2-1281.003.cam.h1.TREFHTMX.20250101-20341231.nc ... done
  Downloading b.e21.BSSP370cmip6.f09_g17.LE2-1281.003.cam.h1.TREFHTMX.20350101-20441231.nc ... done
  Downloading b.e21.BSSP370cmip6.f09_g17.LE2-1281.003.cam.h1.TREFHTMX.20450101-20541231.nc ... done
  Downloading b.e21.BSSP370cmip6.f09_g17.LE2-1281.003.cam.h1.TREFHTMX.20550101-20641231.nc ... done
  Downloading b.e21.BSSP370cmip6.f09_g17.LE2-1281.003.cam.h1.TREFHTMX.20650101-20741231.nc ... done
  Downloading b.e21.BSSP370cmip6.f09_g17.LE2-1281.003.cam.h1.TREFHTMX.20750101-20841231.nc ... done
  Downloading b.e21.BSSP370cmip6.f09_g17.LE2-1281.003.cam.h1.TREFHTMX.20850101-20941231.nc ... done
  Downloading b.e21.BSSP370cmip6.f09_g17.LE2-1281.003.cam.h1.TREFHTMX.20950101-21001231.nc ... done
  Downloading b.e21.BHISTcmip6.f09_g17.LE2-1281.003.cam.h1.TREFHTMN.18500101-18591231.nc ... done
  Downloading b.e21.BHISTcmip6.f09_g17.LE2-1281.003.cam.h1.TREFHTMN.18600101-18691231.nc ... done
  Downloading b.e21.BHISTcmip6.f09_g17.LE2-1281.003.cam.h1.TREFHTMN.18700101-18791231.nc ... done
  Downloading b.e21.BHISTcmip6.f09_g17.LE2-1281.003.cam.h1.TREFHTMN.18800101-18891231.nc ... done
  Downloading b.e21.BHISTcmip6.f09_g17.LE2-1281.003.cam.h1.TREFHTMN.18900101-18991231.nc ... done
  Downloading b.e21.BHISTcmip6.f09_g17.LE2-1281.003.cam.h1.TREFHTMN.19000101-19091231.nc ... done
  Downloading b.e21.BHISTcmip6.f09_g17.LE2-1281.003.cam.h1.TREFHTMN.19100101-19191231.nc ... done
  Downloading b.e21.BHISTcmip6.f09_g17.LE2-1281.003.cam.h1.TREFHTMN.19200101-19291231.nc ... done
  Downloading b.e21.BHISTcmip6.f09_g17.LE2-1281.003.cam.h1.TREFHTMN.19300101-19391231.nc ... done
  Downloading b.e21.BHISTcmip6.f09_g17.LE2-1281.003.cam.h1.TREFHTMN.19400101-19491231.nc ... done
  Downloading b.e21.BHISTcmip6.f09_g17.LE2-1281.003.cam.h1.TREFHTMN.19500101-19591231.nc ... done
  Downloading b.e21.BHISTcmip6.f09_g17.LE2-1281.003.cam.h1.TREFHTMN.19600101-19691231.nc ... done
  Downloading b.e21.BHISTcmip6.f09_g17.LE2-1281.003.cam.h1.TREFHTMN.19700101-19791231.nc ... done
  Downloading b.e21.BHISTcmip6.f09_g17.LE2-1281.003.cam.h1.TREFHTMN.19800101-19891231.nc ... done
  Downloading b.e21.BHISTcmip6.f09_g17.LE2-1281.003.cam.h1.TREFHTMN.19900101-19991231.nc ... done
  Downloading b.e21.BHISTcmip6.f09_g17.LE2-1281.003.cam.h1.TREFHTMN.20000101-20091231.nc ... done
  Downloading b.e21.BHISTcmip6.f09_g17.LE2-1281.003.cam.h1.TREFHTMN.20100101-20141231.nc ... done
  Downloading b.e21.BSSP370cmip6.f09_g17.LE2-1281.003.cam.h1.TREFHTMN.20150101-20241231.nc ... done
  Downloading b.e21.BSSP370cmip6.f09_g17.LE2-1281.003.cam.h1.TREFHTMN.20250101-20341231.nc ... done
  Downloading b.e21.BSSP370cmip6.f09_g17.LE2-1281.003.cam.h1.TREFHTMN.20350101-20441231.nc ... done
  Downloading b.e21.BSSP370cmip6.f09_g17.LE2-1281.003.cam.h1.TREFHTMN.20450101-20541231.nc ... done
  Downloading b.e21.BSSP370cmip6.f09_g17.LE2-1281.003.cam.h1.TREFHTMN.20550101-20641231.nc ... done
  Downloading b.e21.BSSP370cmip6.f09_g17.LE2-1281.003.cam.h1.TREFHTMN.20650101-20741231.nc ... done
  Downloading b.e21.BSSP370cmip6.f09_g17.LE2-1281.003.cam.h1.TREFHTMN.20750101-20841231.nc ... done
  Downloading b.e21.BSSP370cmip6.f09_g17.LE2-1281.003.cam.h1.TREFHTMN.20850101-20941231.nc ... done
  Downloading b.e21.BSSP370cmip6.f09_g17.LE2-1281.003.cam.h1.TREFHTMN.20950101-21001231.nc ... done
  Downloading b.e21.BHISTcmip6.f09_g17.LE2-1281.003.cam.h1.FSNS.18500101-18591231.nc ... done
  Downloading b.e21.BHISTcmip6.f09_g17.LE2-1281.003.cam.h1.FSNS.18600101-18691231.nc ... done
  Downloading b.e21.BHISTcmip6.f09_g17.LE2-1281.003.cam.h1.FSNS.18700101-18791231.nc ... done
  Downloading b.e21.BHISTcmip6.f09_g17.LE2-1281.003.cam.h1.FSNS.18800101-18891231.nc ... done
  Downloading b.e21.BHISTcmip6.f09_g17.LE2-1281.003.cam.h1.FSNS.18900101-18991231.nc ... done
  Downloading b.e21.BHISTcmip6.f09_g17.LE2-1281.003.cam.h1.FSNS.19000101-19091231.nc ... done
  Downloading b.e21.BHISTcmip6.f09_g17.LE2-1281.003.cam.h1.FSNS.19100101-19191231.nc ... done
  Downloading b.e21.BHISTcmip6.f09_g17.LE2-1281.003.cam.h1.FSNS.19200101-19291231.nc ... done
  Downloading b.e21.BHISTcmip6.f09_g17.LE2-1281.003.cam.h1.FSNS.19300101-19391231.nc ... done
  Downloading b.e21.BHISTcmip6.f09_g17.LE2-1281.003.cam.h1.FSNS.19400101-19491231.nc ... done
  Downloading b.e21.BHISTcmip6.f09_g17.LE2-1281.003.cam.h1.FSNS.19500101-19591231.nc ... done
  Downloading b.e21.BHISTcmip6.f09_g17.LE2-1281.003.cam.h1.FSNS.19600101-19691231.nc ... done
  Downloading b.e21.BHISTcmip6.f09_g17.LE2-1281.003.cam.h1.FSNS.19700101-19791231.nc ... 
  [ERROR] Failed to download b.e21.BHISTcmip6.f09_g17.LE2-1281.003.cam.h1.FSNS.19700101-19791231.nc after 3 attempts. Error: ('Connection broken: IncompleteRead(0 bytes read, 571592214 more expected)', IncompleteRead(0 bytes read, 571592214 more expected))
  Downloading b.e21.BHISTcmip6.f09_g17.LE2-1281.003.cam.h1.FSNS.19800101-19891231.nc ... done
  Downloading b.e21.BHISTcmip6.f09_g17.LE2-1281.003.cam.h1.FSNS.19900101-19991231.nc ... done
  Downloading b.e21.BHISTcmip6.f09_g17.LE2-1281.003.cam.h1.FSNS.20000101-20091231.nc ... done
  Downloading b.e21.BHISTcmip6.f09_g17.LE2-1281.003.cam.h1.FSNS.20100101-20141231.nc ... done
  Downloading b.e21.BSSP370cmip6.f09_g17.LE2-1281.003.cam.h1.FSNS.20150101-20241231.nc ... done
  Downloading b.e21.BSSP370cmip6.f09_g17.LE2-1281.003.cam.h1.FSNS.20250101-20341231.nc ... done
  Downloading b.e21.BSSP370cmip6.f09_g17.LE2-1281.003.cam.h1.FSNS.20350101-20441231.nc ... done
  Downloading b.e21.BSSP370cmip6.f09_g17.LE2-1281.003.cam.h1.FSNS.20450101-20541231.nc ... done
  Downloading b.e21.BSSP370cmip6.f09_g17.LE2-1281.003.cam.h1.FSNS.20550101-20641231.nc ... done
  Downloading b.e21.BSSP370cmip6.f09_g17.LE2-1281.003.cam.h1.FSNS.20650101-20741231.nc ... done
  Downloading b.e21.BSSP370cmip6.f09_g17.LE2-1281.003.cam.h1.FSNS.20750101-20841231.nc ... done
  Downloading b.e21.BSSP370cmip6.f09_g17.LE2-1281.003.cam.h1.FSNS.20850101-20941231.nc ... done
  Downloading b.e21.BSSP370cmip6.f09_g17.LE2-1281.003.cam.h1.FSNS.20950101-21001231.nc ... done
  Downloading b.e21.BHISTcmip6.f09_g17.LE2-1281.003.cam.h1.FLNS.18500101-18591231.nc ... done
  Downloading b.e21.BHISTcmip6.f09_g17.LE2-1281.003.cam.h1.FLNS.18600101-18691231.nc ... done
  Downloading b.e21.BHISTcmip6.f09_g17.LE2-1281.003.cam.h1.FLNS.18700101-18791231.nc ... done
  Downloading b.e21.BHISTcmip6.f09_g17.LE2-1281.003.cam.h1.FLNS.18800101-18891231.nc ... done
  Downloading b.e21.BHISTcmip6.f09_g17.LE2-1281.003.cam.h1.FLNS.18900101-18991231.nc ... done
  Downloading b.e21.BHISTcmip6.f09_g17.LE2-1281.003.cam.h1.FLNS.19000101-19091231.nc ... done
  Downloading b.e21.BHISTcmip6.f09_g17.LE2-1281.003.cam.h1.FLNS.19100101-19191231.nc ... done
  Downloading b.e21.BHISTcmip6.f09_g17.LE2-1281.003.cam.h1.FLNS.19200101-19291231.nc ... done
  Downloading b.e21.BHISTcmip6.f09_g17.LE2-1281.003.cam.h1.FLNS.19300101-19391231.nc ... done
  Downloading b.e21.BHISTcmip6.f09_g17.LE2-1281.003.cam.h1.FLNS.19400101-19491231.nc ... done
  Downloading b.e21.BHISTcmip6.f09_g17.LE2-1281.003.cam.h1.FLNS.19500101-19591231.nc ... done
  Downloading b.e21.BHISTcmip6.f09_g17.LE2-1281.003.cam.h1.FLNS.19600101-19691231.nc ... done
  Downloading b.e21.BHISTcmip6.f09_g17.LE2-1281.003.cam.h1.FLNS.19700101-19791231.nc ... done
  Downloading b.e21.BHISTcmip6.f09_g17.LE2-1281.003.cam.h1.FLNS.19800101-19891231.nc ... done
  Downloading b.e21.BHISTcmip6.f09_g17.LE2-1281.003.cam.h1.FLNS.19900101-19991231.nc ... done
  Downloading b.e21.BHISTcmip6.f09_g17.LE2-1281.003.cam.h1.FLNS.20000101-20091231.nc ... done
  Downloading b.e21.BHISTcmip6.f09_g17.LE2-1281.003.cam.h1.FLNS.20100101-20141231.nc ... done
  Downloading b.e21.BSSP370cmip6.f09_g17.LE2-1281.003.cam.h1.FLNS.20150101-20241231.nc ... done
  Downloading b.e21.BSSP370cmip6.f09_g17.LE2-1281.003.cam.h1.FLNS.20250101-20341231.nc ... 
  [ERROR] Failed to download b.e21.BSSP370cmip6.f09_g17.LE2-1281.003.cam.h1.FLNS.20250101-20341231.nc after 3 attempts. Error: 500 Server Error: Internal Server Error for url: https://pelican-cache.rc.duke.edu:443/ncar/gdex/d651056/CESM2-LE/atm/proc/tseries/day_1/FLNS/b.e21.BSSP370cmip6.f09_g17.LE2-1281.003.cam.h1.FLNS.20250101-20341231.nc
  Downloading b.e21.BSSP370cmip6.f09_g17.LE2-1281.003.cam.h1.FLNS.20350101-20441231.nc ... done
  Downloading b.e21.BSSP370cmip6.f09_g17.LE2-1281.003.cam.h1.FLNS.20450101-20541231.nc ... done
  Downloading b.e21.BSSP370cmip6.f09_g17.LE2-1281.003.cam.h1.FLNS.20550101-20641231.nc ... done
  Downloading b.e21.BSSP370cmip6.f09_g17.LE2-1281.003.cam.h1.FLNS.20650101-20741231.nc ... done
  Downloading b.e21.BSSP370cmip6.f09_g17.LE2-1281.003.cam.h1.FLNS.20750101-20841231.nc ... done
  Downloading b.e21.BSSP370cmip6.f09_g17.LE2-1281.003.cam.h1.FLNS.20850101-20941231.nc ... done
  Downloading b.e21.BSSP370cmip6.f09_g17.LE2-1281.003.cam.h1.FLNS.20950101-21001231.nc ... done
  Downloading b.e21.BHISTcmip6.f09_g17.LE2-1281.003.cam.h1.PS.18500101-18591231.nc ... done
  Downloading b.e21.BHISTcmip6.f09_g17.LE2-1281.003.cam.h1.PS.18600101-18691231.nc ... done
  Downloading b.e21.BHISTcmip6.f09_g17.LE2-1281.003.cam.h1.PS.18700101-18791231.nc ... done
  Downloading b.e21.BHISTcmip6.f09_g17.LE2-1281.003.cam.h1.PS.18800101-18891231.nc ... done
  Downloading b.e21.BHISTcmip6.f09_g17.LE2-1281.003.cam.h1.PS.18900101-18991231.nc ... done
  Downloading b.e21.BHISTcmip6.f09_g17.LE2-1281.003.cam.h1.PS.19000101-19091231.nc ... done
  Downloading b.e21.BHISTcmip6.f09_g17.LE2-1281.003.cam.h1.PS.19100101-19191231.nc ... done
  Downloading b.e21.BHISTcmip6.f09_g17.LE2-1281.003.cam.h1.PS.19200101-19291231.nc ... done
  Downloading b.e21.BHISTcmip6.f09_g17.LE2-1281.003.cam.h1.PS.19300101-19391231.nc ... done
  Downloading b.e21.BHISTcmip6.f09_g17.LE2-1281.003.cam.h1.PS.19400101-19491231.nc ... done
  Downloading b.e21.BHISTcmip6.f09_g17.LE2-1281.003.cam.h1.PS.19500101-19591231.nc ... done
  Downloading b.e21.BHISTcmip6.f09_g17.LE2-1281.003.cam.h1.PS.19600101-19691231.nc ... done
  Downloading b.e21.BHISTcmip6.f09_g17.LE2-1281.003.cam.h1.PS.19700101-19791231.nc ... done
  Downloading b.e21.BHISTcmip6.f09_g17.LE2-1281.003.cam.h1.PS.19800101-19891231.nc ... done
  Downloading b.e21.BHISTcmip6.f09_g17.LE2-1281.003.cam.h1.PS.19900101-19991231.nc ... done
  Downloading b.e21.BHISTcmip6.f09_g17.LE2-1281.003.cam.h1.PS.20000101-20091231.nc ... done
  Downloading b.e21.BHISTcmip6.f09_g17.LE2-1281.003.cam.h1.PS.20100101-20141231.nc ... done
  Downloading b.e21.BSSP370cmip6.f09_g17.LE2-1281.003.cam.h1.PS.20150101-20241231.nc ... done
  Downloading b.e21.BSSP370cmip6.f09_g17.LE2-1281.003.cam.h1.PS.20250101-20341231.nc ... done
  Downloading b.e21.BSSP370cmip6.f09_g17.LE2-1281.003.cam.h1.PS.20350101-20441231.nc ... done
  Downloading b.e21.BSSP370cmip6.f09_g17.LE2-1281.003.cam.h1.PS.20450101-20541231.nc ... done
  Downloading b.e21.BSSP370cmip6.f09_g17.LE2-1281.003.cam.h1.PS.20550101-20641231.nc ... done
  Downloading b.e21.BSSP370cmip6.f09_g17.LE2-1281.003.cam.h1.PS.20650101-20741231.nc ... done
  Downloading b.e21.BSSP370cmip6.f09_g17.LE2-1281.003.cam.h1.PS.20750101-20841231.nc ... done
  Downloading b.e21.BSSP370cmip6.f09_g17.LE2-1281.003.cam.h1.PS.20850101-20941231.nc ... done
  Downloading b.e21.BSSP370cmip6.f09_g17.LE2-1281.003.cam.h1.PS.20950101-21001231.nc ... done
  Downloading b.e21.BHISTcmip6.f09_g17.LE2-1281.003.cam.h1.WSPDSRFAV.18500101-18591231.nc ... done
  Downloading b.e21.BHISTcmip6.f09_g17.LE2-1281.003.cam.h1.WSPDSRFAV.18600101-18691231.nc ... done
  Downloading b.e21.BHISTcmip6.f09_g17.LE2-1281.003.cam.h1.WSPDSRFAV.18700101-18791231.nc ... done
  Downloading b.e21.BHISTcmip6.f09_g17.LE2-1281.003.cam.h1.WSPDSRFAV.18800101-18891231.nc ... done
  Downloading b.e21.BHISTcmip6.f09_g17.LE2-1281.003.cam.h1.WSPDSRFAV.18900101-18991231.nc ... done
  Downloading b.e21.BHISTcmip6.f09_g17.LE2-1281.003.cam.h1.WSPDSRFAV.19000101-19091231.nc ... done
  Downloading b.e21.BHISTcmip6.f09_g17.LE2-1281.003.cam.h1.WSPDSRFAV.19100101-19191231.nc ... done
  Downloading b.e21.BHISTcmip6.f09_g17.LE2-1281.003.cam.h1.WSPDSRFAV.19200101-19291231.nc ... done
  Downloading b.e21.BHISTcmip6.f09_g17.LE2-1281.003.cam.h1.WSPDSRFAV.19300101-19391231.nc ... done
  Downloading b.e21.BHISTcmip6.f09_g17.LE2-1281.003.cam.h1.WSPDSRFAV.19400101-19491231.nc ... done
  Downloading b.e21.BHISTcmip6.f09_g17.LE2-1281.003.cam.h1.WSPDSRFAV.19500101-19591231.nc ... done
  Downloading b.e21.BHISTcmip6.f09_g17.LE2-1281.003.cam.h1.WSPDSRFAV.19600101-19691231.nc ... done
  Downloading b.e21.BHISTcmip6.f09_g17.LE2-1281.003.cam.h1.WSPDSRFAV.19700101-19791231.nc ... done
  Downloading b.e21.BHISTcmip6.f09_g17.LE2-1281.003.cam.h1.WSPDSRFAV.19800101-19891231.nc ... done
  Downloading b.e21.BHISTcmip6.f09_g17.LE2-1281.003.cam.h1.WSPDSRFAV.19900101-19991231.nc ... done
  Downloading b.e21.BHISTcmip6.f09_g17.LE2-1281.003.cam.h1.WSPDSRFAV.20000101-20091231.nc ... done
  Downloading b.e21.BHISTcmip6.f09_g17.LE2-1281.003.cam.h1.WSPDSRFAV.20100101-20141231.nc ... done
  Downloading b.e21.BSSP370cmip6.f09_g17.LE2-1281.003.cam.h1.WSPDSRFAV.20150101-20241231.nc ... done
  Downloading b.e21.BSSP370cmip6.f09_g17.LE2-1281.003.cam.h1.WSPDSRFAV.20250101-20341231.nc ... done
  Downloading b.e21.BSSP370cmip6.f09_g17.LE2-1281.003.cam.h1.WSPDSRFAV.20350101-20441231.nc ... done
  Downloading b.e21.BSSP370cmip6.f09_g17.LE2-1281.003.cam.h1.WSPDSRFAV.20450101-20541231.nc ... done
  Downloading b.e21.BSSP370cmip6.f09_g17.LE2-1281.003.cam.h1.WSPDSRFAV.20550101-20641231.nc ... done
  Downloading b.e21.BSSP370cmip6.f09_g17.LE2-1281.003.cam.h1.WSPDSRFAV.20650101-20741231.nc ... done
  Downloading b.e21.BSSP370cmip6.f09_g17.LE2-1281.003.cam.h1.WSPDSRFAV.20750101-20841231.nc ... done
  Downloading b.e21.BSSP370cmip6.f09_g17.LE2-1281.003.cam.h1.WSPDSRFAV.20850101-20941231.nc ... done
  Downloading b.e21.BSSP370cmip6.f09_g17.LE2-1281.003.cam.h1.WSPDSRFAV.20950101-21001231.nc ... done
  Downloading b.e21.BHISTcmip6.f09_g17.LE2-1281.003.cam.h1.QREFHT.18500101-18591231.nc ... done
  Downloading b.e21.BHISTcmip6.f09_g17.LE2-1281.003.cam.h1.QREFHT.18600101-18691231.nc ... done
  Downloading b.e21.BHISTcmip6.f09_g17.LE2-1281.003.cam.h1.QREFHT.18700101-18791231.nc ... done
  Downloading b.e21.BHISTcmip6.f09_g17.LE2-1281.003.cam.h1.QREFHT.18800101-18891231.nc ... done
  Downloading b.e21.BHISTcmip6.f09_g17.LE2-1281.003.cam.h1.QREFHT.18900101-18991231.nc ... done
  Downloading b.e21.BHISTcmip6.f09_g17.LE2-1281.003.cam.h1.QREFHT.19000101-19091231.nc ... done
  Downloading b.e21.BHISTcmip6.f09_g17.LE2-1281.003.cam.h1.QREFHT.19100101-19191231.nc ... done
  Downloading b.e21.BHISTcmip6.f09_g17.LE2-1281.003.cam.h1.QREFHT.19200101-19291231.nc ... done
  Downloading b.e21.BHISTcmip6.f09_g17.LE2-1281.003.cam.h1.QREFHT.19300101-19391231.nc ... done
  Downloading b.e21.BHISTcmip6.f09_g17.LE2-1281.003.cam.h1.QREFHT.19400101-19491231.nc ... done
  Downloading b.e21.BHISTcmip6.f09_g17.LE2-1281.003.cam.h1.QREFHT.19500101-19591231.nc ... done
  Downloading b.e21.BHISTcmip6.f09_g17.LE2-1281.003.cam.h1.QREFHT.19600101-19691231.nc ... done
  Downloading b.e21.BHISTcmip6.f09_g17.LE2-1281.003.cam.h1.QREFHT.19700101-19791231.nc ... done
  Downloading b.e21.BHISTcmip6.f09_g17.LE2-1281.003.cam.h1.QREFHT.19800101-19891231.nc ... done
  Downloading b.e21.BHISTcmip6.f09_g17.LE2-1281.003.cam.h1.QREFHT.19900101-19991231.nc ... done
  Downloading b.e21.BHISTcmip6.f09_g17.LE2-1281.003.cam.h1.QREFHT.20000101-20091231.nc ... done
  Downloading b.e21.BHISTcmip6.f09_g17.LE2-1281.003.cam.h1.QREFHT.20100101-20141231.nc ... done
  Downloading b.e21.BSSP370cmip6.f09_g17.LE2-1281.003.cam.h1.QREFHT.20150101-20241231.nc ... done
  Downloading b.e21.BSSP370cmip6.f09_g17.LE2-1281.003.cam.h1.QREFHT.20250101-20341231.nc ... done
  Downloading b.e21.BSSP370cmip6.f09_g17.LE2-1281.003.cam.h1.QREFHT.20350101-20441231.nc ... done
  Downloading b.e21.BSSP370cmip6.f09_g17.LE2-1281.003.cam.h1.QREFHT.20450101-20541231.nc ... done
  Downloading b.e21.BSSP370cmip6.f09_g17.LE2-1281.003.cam.h1.QREFHT.20550101-20641231.nc ... done
  Downloading b.e21.BSSP370cmip6.f09_g17.LE2-1281.003.cam.h1.QREFHT.20650101-20741231.nc ... done
  Downloading b.e21.BSSP370cmip6.f09_g17.LE2-1281.003.cam.h1.QREFHT.20750101-20841231.nc ... done
  Downloading b.e21.BSSP370cmip6.f09_g17.LE2-1281.003.cam.h1.QREFHT.20850101-20941231.nc ... done
  Downloading b.e21.BSSP370cmip6.f09_g17.LE2-1281.003.cam.h1.QREFHT.20950101-21001231.nc ... done

================================================================================
Processing Member: LE2-1281.004
Destination: /data2/michsh/full_member_data/1281/004
================================================================================
Found 182 total historical and future files for this member.
  Downloading b.e21.BHISTcmip6.f09_g17.LE2-1281.004.cam.h1.TREFHTMX.18500101-18591231.nc ... done
  Downloading b.e21.BHISTcmip6.f09_g17.LE2-1281.004.cam.h1.TREFHTMX.18600101-18691231.nc ... done
  Downloading b.e21.BHISTcmip6.f09_g17.LE2-1281.004.cam.h1.TREFHTMX.18700101-18791231.nc ... done
  Downloading b.e21.BHISTcmip6.f09_g17.LE2-1281.004.cam.h1.TREFHTMX.18800101-18891231.nc ... done
  Downloading b.e21.BHISTcmip6.f09_g17.LE2-1281.004.cam.h1.TREFHTMX.18900101-18991231.nc ... done
  Downloading b.e21.BHISTcmip6.f09_g17.LE2-1281.004.cam.h1.TREFHTMX.19000101-19091231.nc ... done
  Downloading b.e21.BHISTcmip6.f09_g17.LE2-1281.004.cam.h1.TREFHTMX.19100101-19191231.nc ... done
  Downloading b.e21.BHISTcmip6.f09_g17.LE2-1281.004.cam.h1.TREFHTMX.19200101-19291231.nc ... done
  Downloading b.e21.BHISTcmip6.f09_g17.LE2-1281.004.cam.h1.TREFHTMX.19300101-19391231.nc ... done
  Downloading b.e21.BHISTcmip6.f09_g17.LE2-1281.004.cam.h1.TREFHTMX.19400101-19491231.nc ... done
  Downloading b.e21.BHISTcmip6.f09_g17.LE2-1281.004.cam.h1.TREFHTMX.19500101-19591231.nc ... done
  Downloading b.e21.BHISTcmip6.f09_g17.LE2-1281.004.cam.h1.TREFHTMX.19600101-19691231.nc ... done
  Downloading b.e21.BHISTcmip6.f09_g17.LE2-1281.004.cam.h1.TREFHTMX.19700101-19791231.nc ... done
  Downloading b.e21.BHISTcmip6.f09_g17.LE2-1281.004.cam.h1.TREFHTMX.19800101-19891231.nc ... done
  Downloading b.e21.BHISTcmip6.f09_g17.LE2-1281.004.cam.h1.TREFHTMX.19900101-19991231.nc ... done
  Downloading b.e21.BHISTcmip6.f09_g17.LE2-1281.004.cam.h1.TREFHTMX.20000101-20091231.nc ... done
  Downloading b.e21.BHISTcmip6.f09_g17.LE2-1281.004.cam.h1.TREFHTMX.20100101-20141231.nc ... done
  Downloading b.e21.BSSP370cmip6.f09_g17.LE2-1281.004.cam.h1.TREFHTMX.20150101-20241231.nc ... done
  Downloading b.e21.BSSP370cmip6.f09_g17.LE2-1281.004.cam.h1.TREFHTMX.20250101-20341231.nc ... done
  Downloading b.e21.BSSP370cmip6.f09_g17.LE2-1281.004.cam.h1.TREFHTMX.20350101-20441231.nc ... done
  Downloading b.e21.BSSP370cmip6.f09_g17.LE2-1281.004.cam.h1.TREFHTMX.20450101-20541231.nc ... done
  Downloading b.e21.BSSP370cmip6.f09_g17.LE2-1281.004.cam.h1.TREFHTMX.20550101-20641231.nc ... done
  Downloading b.e21.BSSP370cmip6.f09_g17.LE2-1281.004.cam.h1.TREFHTMX.20650101-20741231.nc ... 
  [ERROR] Failed to download b.e21.BSSP370cmip6.f09_g17.LE2-1281.004.cam.h1.TREFHTMX.20650101-20741231.nc after 3 attempts. Error: 500 Server Error: Internal Server Error for url: https://osdf1.chic.nrp.internet2.edu:8443/ncar/gdex/d651056/CESM2-LE/atm/proc/tseries/day_1/TREFHTMX/b.e21.BSSP370cmip6.f09_g17.LE2-1281.004.cam.h1.TREFHTMX.20650101-20741231.nc
  Downloading b.e21.BSSP370cmip6.f09_g17.LE2-1281.004.cam.h1.TREFHTMX.20750101-20841231.nc ... done
  Downloading b.e21.BSSP370cmip6.f09_g17.LE2-1281.004.cam.h1.TREFHTMX.20850101-20941231.nc ... done
  Downloading b.e21.BSSP370cmip6.f09_g17.LE2-1281.004.cam.h1.TREFHTMX.20950101-21001231.nc ... done
  Downloading b.e21.BHISTcmip6.f09_g17.LE2-1281.004.cam.h1.TREFHTMN.18500101-18591231.nc ... done
  Downloading b.e21.BHISTcmip6.f09_g17.LE2-1281.004.cam.h1.TREFHTMN.18600101-18691231.nc ... done
  Downloading b.e21.BHISTcmip6.f09_g17.LE2-1281.004.cam.h1.TREFHTMN.18700101-18791231.nc ... done
  Downloading b.e21.BHISTcmip6.f09_g17.LE2-1281.004.cam.h1.TREFHTMN.18800101-18891231.nc ... done
  Downloading b.e21.BHISTcmip6.f09_g17.LE2-1281.004.cam.h1.TREFHTMN.18900101-18991231.nc ... done
  Downloading b.e21.BHISTcmip6.f09_g17.LE2-1281.004.cam.h1.TREFHTMN.19000101-19091231.nc ... done
  Downloading b.e21.BHISTcmip6.f09_g17.LE2-1281.004.cam.h1.TREFHTMN.19100101-19191231.nc ... done
  Downloading b.e21.BHISTcmip6.f09_g17.LE2-1281.004.cam.h1.TREFHTMN.19200101-19291231.nc ... done
  Downloading b.e21.BHISTcmip6.f09_g17.LE2-1281.004.cam.h1.TREFHTMN.19300101-19391231.nc ... done
  Downloading b.e21.BHISTcmip6.f09_g17.LE2-1281.004.cam.h1.TREFHTMN.19400101-19491231.nc ... done
  Downloading b.e21.BHISTcmip6.f09_g17.LE2-1281.004.cam.h1.TREFHTMN.19500101-19591231.nc ... done
  Downloading b.e21.BHISTcmip6.f09_g17.LE2-1281.004.cam.h1.TREFHTMN.19600101-19691231.nc ... done
  Downloading b.e21.BHISTcmip6.f09_g17.LE2-1281.004.cam.h1.TREFHTMN.19700101-19791231.nc ... done
  Downloading b.e21.BHISTcmip6.f09_g17.LE2-1281.004.cam.h1.TREFHTMN.19800101-19891231.nc ... done
  Downloading b.e21.BHISTcmip6.f09_g17.LE2-1281.004.cam.h1.TREFHTMN.19900101-19991231.nc ... done
  Downloading b.e21.BHISTcmip6.f09_g17.LE2-1281.004.cam.h1.TREFHTMN.20000101-20091231.nc ... done
  Downloading b.e21.BHISTcmip6.f09_g17.LE2-1281.004.cam.h1.TREFHTMN.20100101-20141231.nc ... done
  Downloading b.e21.BSSP370cmip6.f09_g17.LE2-1281.004.cam.h1.TREFHTMN.20150101-20241231.nc ... done
  Downloading b.e21.BSSP370cmip6.f09_g17.LE2-1281.004.cam.h1.TREFHTMN.20250101-20341231.nc ... done
  Downloading b.e21.BSSP370cmip6.f09_g17.LE2-1281.004.cam.h1.TREFHTMN.20350101-20441231.nc ... done
  Downloading b.e21.BSSP370cmip6.f09_g17.LE2-1281.004.cam.h1.TREFHTMN.20450101-20541231.nc ... done
  Downloading b.e21.BSSP370cmip6.f09_g17.LE2-1281.004.cam.h1.TREFHTMN.20550101-20641231.nc ... done
  Downloading b.e21.BSSP370cmip6.f09_g17.LE2-1281.004.cam.h1.TREFHTMN.20650101-20741231.nc ... done
  Downloading b.e21.BSSP370cmip6.f09_g17.LE2-1281.004.cam.h1.TREFHTMN.20750101-20841231.nc ... done
  Downloading b.e21.BSSP370cmip6.f09_g17.LE2-1281.004.cam.h1.TREFHTMN.20850101-20941231.nc ... done
  Downloading b.e21.BSSP370cmip6.f09_g17.LE2-1281.004.cam.h1.TREFHTMN.20950101-21001231.nc ... done
  Downloading b.e21.BHISTcmip6.f09_g17.LE2-1281.004.cam.h1.FSNS.18500101-18591231.nc ... done
  Downloading b.e21.BHISTcmip6.f09_g17.LE2-1281.004.cam.h1.FSNS.18600101-18691231.nc ... done
  Downloading b.e21.BHISTcmip6.f09_g17.LE2-1281.004.cam.h1.FSNS.18700101-18791231.nc ... done
  Downloading b.e21.BHISTcmip6.f09_g17.LE2-1281.004.cam.h1.FSNS.18800101-18891231.nc ... done
  Downloading b.e21.BHISTcmip6.f09_g17.LE2-1281.004.cam.h1.FSNS.18900101-18991231.nc ... done
  Downloading b.e21.BHISTcmip6.f09_g17.LE2-1281.004.cam.h1.FSNS.19000101-19091231.nc ... done
  Downloading b.e21.BHISTcmip6.f09_g17.LE2-1281.004.cam.h1.FSNS.19100101-19191231.nc ... done
  Downloading b.e21.BHISTcmip6.f09_g17.LE2-1281.004.cam.h1.FSNS.19200101-19291231.nc ... done
  Downloading b.e21.BHISTcmip6.f09_g17.LE2-1281.004.cam.h1.FSNS.19300101-19391231.nc ... done
  Downloading b.e21.BHISTcmip6.f09_g17.LE2-1281.004.cam.h1.FSNS.19400101-19491231.nc ... done
  Downloading b.e21.BHISTcmip6.f09_g17.LE2-1281.004.cam.h1.FSNS.19500101-19591231.nc ... done
  Downloading b.e21.BHISTcmip6.f09_g17.LE2-1281.004.cam.h1.FSNS.19600101-19691231.nc ... done
  Downloading b.e21.BHISTcmip6.f09_g17.LE2-1281.004.cam.h1.FSNS.19700101-19791231.nc ... done
  Downloading b.e21.BHISTcmip6.f09_g17.LE2-1281.004.cam.h1.FSNS.19800101-19891231.nc ... done
  Downloading b.e21.BHISTcmip6.f09_g17.LE2-1281.004.cam.h1.FSNS.19900101-19991231.nc ... done
  Downloading b.e21.BHISTcmip6.f09_g17.LE2-1281.004.cam.h1.FSNS.20000101-20091231.nc ... done
  Downloading b.e21.BHISTcmip6.f09_g17.LE2-1281.004.cam.h1.FSNS.20100101-20141231.nc ... done
  Downloading b.e21.BSSP370cmip6.f09_g17.LE2-1281.004.cam.h1.FSNS.20150101-20241231.nc ... done
  Downloading b.e21.BSSP370cmip6.f09_g17.LE2-1281.004.cam.h1.FSNS.20250101-20341231.nc ... done
  Downloading b.e21.BSSP370cmip6.f09_g17.LE2-1281.004.cam.h1.FSNS.20350101-20441231.nc ... done
  Downloading b.e21.BSSP370cmip6.f09_g17.LE2-1281.004.cam.h1.FSNS.20450101-20541231.nc ... done
  Downloading b.e21.BSSP370cmip6.f09_g17.LE2-1281.004.cam.h1.FSNS.20550101-20641231.nc ... done
  Downloading b.e21.BSSP370cmip6.f09_g17.LE2-1281.004.cam.h1.FSNS.20650101-20741231.nc ... done
  Downloading b.e21.BSSP370cmip6.f09_g17.LE2-1281.004.cam.h1.FSNS.20750101-20841231.nc ... done
  Downloading b.e21.BSSP370cmip6.f09_g17.LE2-1281.004.cam.h1.FSNS.20850101-20941231.nc ... done
  Downloading b.e21.BSSP370cmip6.f09_g17.LE2-1281.004.cam.h1.FSNS.20950101-21001231.nc ... done
  Downloading b.e21.BHISTcmip6.f09_g17.LE2-1281.004.cam.h1.FLNS.18500101-18591231.nc ... done
  Downloading b.e21.BHISTcmip6.f09_g17.LE2-1281.004.cam.h1.FLNS.18600101-18691231.nc ... done
  Downloading b.e21.BHISTcmip6.f09_g17.LE2-1281.004.cam.h1.FLNS.18700101-18791231.nc ... done
  Downloading b.e21.BHISTcmip6.f09_g17.LE2-1281.004.cam.h1.FLNS.18800101-18891231.nc ... done
  Downloading b.e21.BHISTcmip6.f09_g17.LE2-1281.004.cam.h1.FLNS.18900101-18991231.nc ... done
  Downloading b.e21.BHISTcmip6.f09_g17.LE2-1281.004.cam.h1.FLNS.19000101-19091231.nc ... done
  Downloading b.e21.BHISTcmip6.f09_g17.LE2-1281.004.cam.h1.FLNS.19100101-19191231.nc ... done
  Downloading b.e21.BHISTcmip6.f09_g17.LE2-1281.004.cam.h1.FLNS.19200101-19291231.nc ... done
  Downloading b.e21.BHISTcmip6.f09_g17.LE2-1281.004.cam.h1.FLNS.19300101-19391231.nc ... done
  Downloading b.e21.BHISTcmip6.f09_g17.LE2-1281.004.cam.h1.FLNS.19400101-19491231.nc ... done
  Downloading b.e21.BHISTcmip6.f09_g17.LE2-1281.004.cam.h1.FLNS.19500101-19591231.nc ... done
  Downloading b.e21.BHISTcmip6.f09_g17.LE2-1281.004.cam.h1.FLNS.19600101-19691231.nc ... done
  Downloading b.e21.BHISTcmip6.f09_g17.LE2-1281.004.cam.h1.FLNS.19700101-19791231.nc ... done
  Downloading b.e21.BHISTcmip6.f09_g17.LE2-1281.004.cam.h1.FLNS.19800101-19891231.nc ... done
  Downloading b.e21.BHISTcmip6.f09_g17.LE2-1281.004.cam.h1.FLNS.19900101-19991231.nc ... done
  Downloading b.e21.BHISTcmip6.f09_g17.LE2-1281.004.cam.h1.FLNS.20000101-20091231.nc ... done
  Downloading b.e21.BHISTcmip6.f09_g17.LE2-1281.004.cam.h1.FLNS.20100101-20141231.nc ... done
  Downloading b.e21.BSSP370cmip6.f09_g17.LE2-1281.004.cam.h1.FLNS.20150101-20241231.nc ... done
  Downloading b.e21.BSSP370cmip6.f09_g17.LE2-1281.004.cam.h1.FLNS.20250101-20341231.nc ... done
  Downloading b.e21.BSSP370cmip6.f09_g17.LE2-1281.004.cam.h1.FLNS.20350101-20441231.nc ... done
  Downloading b.e21.BSSP370cmip6.f09_g17.LE2-1281.004.cam.h1.FLNS.20450101-20541231.nc ... done
  Downloading b.e21.BSSP370cmip6.f09_g17.LE2-1281.004.cam.h1.FLNS.20550101-20641231.nc ... done
  Downloading b.e21.BSSP370cmip6.f09_g17.LE2-1281.004.cam.h1.FLNS.20650101-20741231.nc ... done
  Downloading b.e21.BSSP370cmip6.f09_g17.LE2-1281.004.cam.h1.FLNS.20750101-20841231.nc ... done
  Downloading b.e21.BSSP370cmip6.f09_g17.LE2-1281.004.cam.h1.FLNS.20850101-20941231.nc ... done
  Downloading b.e21.BSSP370cmip6.f09_g17.LE2-1281.004.cam.h1.FLNS.20950101-21001231.nc ... done
  Downloading b.e21.BHISTcmip6.f09_g17.LE2-1281.004.cam.h1.PS.18500101-18591231.nc ... done
  Downloading b.e21.BHISTcmip6.f09_g17.LE2-1281.004.cam.h1.PS.18600101-18691231.nc ... done
  Downloading b.e21.BHISTcmip6.f09_g17.LE2-1281.004.cam.h1.PS.18700101-18791231.nc ... done
  Downloading b.e21.BHISTcmip6.f09_g17.LE2-1281.004.cam.h1.PS.18800101-18891231.nc ... done
  Downloading b.e21.BHISTcmip6.f09_g17.LE2-1281.004.cam.h1.PS.18900101-18991231.nc ... done
  Downloading b.e21.BHISTcmip6.f09_g17.LE2-1281.004.cam.h1.PS.19000101-19091231.nc ... done
  Downloading b.e21.BHISTcmip6.f09_g17.LE2-1281.004.cam.h1.PS.19100101-19191231.nc ... done
  Downloading b.e21.BHISTcmip6.f09_g17.LE2-1281.004.cam.h1.PS.19200101-19291231.nc ... done
  Downloading b.e21.BHISTcmip6.f09_g17.LE2-1281.004.cam.h1.PS.19300101-19391231.nc ... done
  Downloading b.e21.BHISTcmip6.f09_g17.LE2-1281.004.cam.h1.PS.19400101-19491231.nc ... done
  Downloading b.e21.BHISTcmip6.f09_g17.LE2-1281.004.cam.h1.PS.19500101-19591231.nc ... done
  Downloading b.e21.BHISTcmip6.f09_g17.LE2-1281.004.cam.h1.PS.19600101-19691231.nc ... done
  Downloading b.e21.BHISTcmip6.f09_g17.LE2-1281.004.cam.h1.PS.19700101-19791231.nc ... done
  Downloading b.e21.BHISTcmip6.f09_g17.LE2-1281.004.cam.h1.PS.19800101-19891231.nc ... done
  Downloading b.e21.BHISTcmip6.f09_g17.LE2-1281.004.cam.h1.PS.19900101-19991231.nc ... done
  Downloading b.e21.BHISTcmip6.f09_g17.LE2-1281.004.cam.h1.PS.20000101-20091231.nc ... done
  Downloading b.e21.BHISTcmip6.f09_g17.LE2-1281.004.cam.h1.PS.20100101-20141231.nc ... done
  Downloading b.e21.BSSP370cmip6.f09_g17.LE2-1281.004.cam.h1.PS.20150101-20241231.nc ... done
  Downloading b.e21.BSSP370cmip6.f09_g17.LE2-1281.004.cam.h1.PS.20250101-20341231.nc ... done
  Downloading b.e21.BSSP370cmip6.f09_g17.LE2-1281.004.cam.h1.PS.20350101-20441231.nc ... done
  Downloading b.e21.BSSP370cmip6.f09_g17.LE2-1281.004.cam.h1.PS.20450101-20541231.nc ... done
  Downloading b.e21.BSSP370cmip6.f09_g17.LE2-1281.004.cam.h1.PS.20550101-20641231.nc ... done
  Downloading b.e21.BSSP370cmip6.f09_g17.LE2-1281.004.cam.h1.PS.20650101-20741231.nc ... done
  Downloading b.e21.BSSP370cmip6.f09_g17.LE2-1281.004.cam.h1.PS.20750101-20841231.nc ... done
  Downloading b.e21.BSSP370cmip6.f09_g17.LE2-1281.004.cam.h1.PS.20850101-20941231.nc ... done
  Downloading b.e21.BSSP370cmip6.f09_g17.LE2-1281.004.cam.h1.PS.20950101-21001231.nc ... done
  Downloading b.e21.BHISTcmip6.f09_g17.LE2-1281.004.cam.h1.WSPDSRFAV.18500101-18591231.nc ... done
  Downloading b.e21.BHISTcmip6.f09_g17.LE2-1281.004.cam.h1.WSPDSRFAV.18600101-18691231.nc ... done
  Downloading b.e21.BHISTcmip6.f09_g17.LE2-1281.004.cam.h1.WSPDSRFAV.18700101-18791231.nc ... done
  Downloading b.e21.BHISTcmip6.f09_g17.LE2-1281.004.cam.h1.WSPDSRFAV.18800101-18891231.nc ... done
  Downloading b.e21.BHISTcmip6.f09_g17.LE2-1281.004.cam.h1.WSPDSRFAV.18900101-18991231.nc ... done
  Downloading b.e21.BHISTcmip6.f09_g17.LE2-1281.004.cam.h1.WSPDSRFAV.19000101-19091231.nc ... done
  Downloading b.e21.BHISTcmip6.f09_g17.LE2-1281.004.cam.h1.WSPDSRFAV.19100101-19191231.nc ... done
  Downloading b.e21.BHISTcmip6.f09_g17.LE2-1281.004.cam.h1.WSPDSRFAV.19200101-19291231.nc ... done
  Downloading b.e21.BHISTcmip6.f09_g17.LE2-1281.004.cam.h1.WSPDSRFAV.19300101-19391231.nc ... done
  Downloading b.e21.BHISTcmip6.f09_g17.LE2-1281.004.cam.h1.WSPDSRFAV.19400101-19491231.nc ... done
  Downloading b.e21.BHISTcmip6.f09_g17.LE2-1281.004.cam.h1.WSPDSRFAV.19500101-19591231.nc ... done
  Downloading b.e21.BHISTcmip6.f09_g17.LE2-1281.004.cam.h1.WSPDSRFAV.19600101-19691231.nc ... done
  Downloading b.e21.BHISTcmip6.f09_g17.LE2-1281.004.cam.h1.WSPDSRFAV.19700101-19791231.nc ... done
  Downloading b.e21.BHISTcmip6.f09_g17.LE2-1281.004.cam.h1.WSPDSRFAV.19800101-19891231.nc ... done
  Downloading b.e21.BHISTcmip6.f09_g17.LE2-1281.004.cam.h1.WSPDSRFAV.19900101-19991231.nc ... done
  Downloading b.e21.BHISTcmip6.f09_g17.LE2-1281.004.cam.h1.WSPDSRFAV.20000101-20091231.nc ... done
  Downloading b.e21.BHISTcmip6.f09_g17.LE2-1281.004.cam.h1.WSPDSRFAV.20100101-20141231.nc ... done
  Downloading b.e21.BSSP370cmip6.f09_g17.LE2-1281.004.cam.h1.WSPDSRFAV.20150101-20241231.nc ... done
  Downloading b.e21.BSSP370cmip6.f09_g17.LE2-1281.004.cam.h1.WSPDSRFAV.20250101-20341231.nc ... done
  Downloading b.e21.BSSP370cmip6.f09_g17.LE2-1281.004.cam.h1.WSPDSRFAV.20350101-20441231.nc ... done
  Downloading b.e21.BSSP370cmip6.f09_g17.LE2-1281.004.cam.h1.WSPDSRFAV.20450101-20541231.nc ... done
  Downloading b.e21.BSSP370cmip6.f09_g17.LE2-1281.004.cam.h1.WSPDSRFAV.20550101-20641231.nc ... done
  Downloading b.e21.BSSP370cmip6.f09_g17.LE2-1281.004.cam.h1.WSPDSRFAV.20650101-20741231.nc ... done
  Downloading b.e21.BSSP370cmip6.f09_g17.LE2-1281.004.cam.h1.WSPDSRFAV.20750101-20841231.nc ... done
  Downloading b.e21.BSSP370cmip6.f09_g17.LE2-1281.004.cam.h1.WSPDSRFAV.20850101-20941231.nc ... done
  Downloading b.e21.BSSP370cmip6.f09_g17.LE2-1281.004.cam.h1.WSPDSRFAV.20950101-21001231.nc ... done
  Downloading b.e21.BHISTcmip6.f09_g17.LE2-1281.004.cam.h1.QREFHT.18500101-18591231.nc ... done
  Downloading b.e21.BHISTcmip6.f09_g17.LE2-1281.004.cam.h1.QREFHT.18600101-18691231.nc ... done
  Downloading b.e21.BHISTcmip6.f09_g17.LE2-1281.004.cam.h1.QREFHT.18700101-18791231.nc ... done
  Downloading b.e21.BHISTcmip6.f09_g17.LE2-1281.004.cam.h1.QREFHT.18800101-18891231.nc ... done
  Downloading b.e21.BHISTcmip6.f09_g17.LE2-1281.004.cam.h1.QREFHT.18900101-18991231.nc ... done
  Downloading b.e21.BHISTcmip6.f09_g17.LE2-1281.004.cam.h1.QREFHT.19000101-19091231.nc ... done
  Downloading b.e21.BHISTcmip6.f09_g17.LE2-1281.004.cam.h1.QREFHT.19100101-19191231.nc ... done
  Downloading b.e21.BHISTcmip6.f09_g17.LE2-1281.004.cam.h1.QREFHT.19200101-19291231.nc ... done
  Downloading b.e21.BHISTcmip6.f09_g17.LE2-1281.004.cam.h1.QREFHT.19300101-19391231.nc ... done
  Downloading b.e21.BHISTcmip6.f09_g17.LE2-1281.004.cam.h1.QREFHT.19400101-19491231.nc ... done
  Downloading b.e21.BHISTcmip6.f09_g17.LE2-1281.004.cam.h1.QREFHT.19500101-19591231.nc ... done
  Downloading b.e21.BHISTcmip6.f09_g17.LE2-1281.004.cam.h1.QREFHT.19600101-19691231.nc ... done
  Downloading b.e21.BHISTcmip6.f09_g17.LE2-1281.004.cam.h1.QREFHT.19700101-19791231.nc ... done
  Downloading b.e21.BHISTcmip6.f09_g17.LE2-1281.004.cam.h1.QREFHT.19800101-19891231.nc ... done
  Downloading b.e21.BHISTcmip6.f09_g17.LE2-1281.004.cam.h1.QREFHT.19900101-19991231.nc ... done
  Downloading b.e21.BHISTcmip6.f09_g17.LE2-1281.004.cam.h1.QREFHT.20000101-20091231.nc ... done
  Downloading b.e21.BHISTcmip6.f09_g17.LE2-1281.004.cam.h1.QREFHT.20100101-20141231.nc ... done
  Downloading b.e21.BSSP370cmip6.f09_g17.LE2-1281.004.cam.h1.QREFHT.20150101-20241231.nc ... done
  Downloading b.e21.BSSP370cmip6.f09_g17.LE2-1281.004.cam.h1.QREFHT.20250101-20341231.nc ... done
  Downloading b.e21.BSSP370cmip6.f09_g17.LE2-1281.004.cam.h1.QREFHT.20350101-20441231.nc ... done
  Downloading b.e21.BSSP370cmip6.f09_g17.LE2-1281.004.cam.h1.QREFHT.20450101-20541231.nc ... done
  Downloading b.e21.BSSP370cmip6.f09_g17.LE2-1281.004.cam.h1.QREFHT.20550101-20641231.nc ... done
  Downloading b.e21.BSSP370cmip6.f09_g17.LE2-1281.004.cam.h1.QREFHT.20650101-20741231.nc ... done
  Downloading b.e21.BSSP370cmip6.f09_g17.LE2-1281.004.cam.h1.QREFHT.20750101-20841231.nc ... done
  Downloading b.e21.BSSP370cmip6.f09_g17.LE2-1281.004.cam.h1.QREFHT.20850101-20941231.nc ... done
  Downloading b.e21.BSSP370cmip6.f09_g17.LE2-1281.004.cam.h1.QREFHT.20950101-21001231.nc ... done

================================================================================
Processing Member: LE2-1281.005
Destination: /data2/michsh/full_member_data/1281/005
================================================================================
Found 182 total historical and future files for this member.
  Downloading b.e21.BHISTcmip6.f09_g17.LE2-1281.005.cam.h1.TREFHTMX.18500101-18591231.nc ... done
  Downloading b.e21.BHISTcmip6.f09_g17.LE2-1281.005.cam.h1.TREFHTMX.18600101-18691231.nc ... done
  Downloading b.e21.BHISTcmip6.f09_g17.LE2-1281.005.cam.h1.TREFHTMX.18700101-18791231.nc ... done
  Downloading b.e21.BHISTcmip6.f09_g17.LE2-1281.005.cam.h1.TREFHTMX.18800101-18891231.nc ... done
  Downloading b.e21.BHISTcmip6.f09_g17.LE2-1281.005.cam.h1.TREFHTMX.18900101-18991231.nc ... done
  Downloading b.e21.BHISTcmip6.f09_g17.LE2-1281.005.cam.h1.TREFHTMX.19000101-19091231.nc ... done
  Downloading b.e21.BHISTcmip6.f09_g17.LE2-1281.005.cam.h1.TREFHTMX.19100101-19191231.nc ... done
  Downloading b.e21.BHISTcmip6.f09_g17.LE2-1281.005.cam.h1.TREFHTMX.19200101-19291231.nc ... done
  Downloading b.e21.BHISTcmip6.f09_g17.LE2-1281.005.cam.h1.TREFHTMX.19300101-19391231.nc ... done
  Downloading b.e21.BHISTcmip6.f09_g17.LE2-1281.005.cam.h1.TREFHTMX.19400101-19491231.nc ... done
  Downloading b.e21.BHISTcmip6.f09_g17.LE2-1281.005.cam.h1.TREFHTMX.19500101-19591231.nc ... done
  Downloading b.e21.BHISTcmip6.f09_g17.LE2-1281.005.cam.h1.TREFHTMX.19600101-19691231.nc ... done
  Downloading b.e21.BHISTcmip6.f09_g17.LE2-1281.005.cam.h1.TREFHTMX.19700101-19791231.nc ... done
  Downloading b.e21.BHISTcmip6.f09_g17.LE2-1281.005.cam.h1.TREFHTMX.19800101-19891231.nc ... done
  Downloading b.e21.BHISTcmip6.f09_g17.LE2-1281.005.cam.h1.TREFHTMX.19900101-19991231.nc ... done
  Downloading b.e21.BHISTcmip6.f09_g17.LE2-1281.005.cam.h1.TREFHTMX.20000101-20091231.nc ... done
  Downloading b.e21.BHISTcmip6.f09_g17.LE2-1281.005.cam.h1.TREFHTMX.20100101-20141231.nc ... done
  Downloading b.e21.BSSP370cmip6.f09_g17.LE2-1281.005.cam.h1.TREFHTMX.20150101-20241231.nc ... done
  Downloading b.e21.BSSP370cmip6.f09_g17.LE2-1281.005.cam.h1.TREFHTMX.20250101-20341231.nc ... done
  Downloading b.e21.BSSP370cmip6.f09_g17.LE2-1281.005.cam.h1.TREFHTMX.20350101-20441231.nc ... done
  Downloading b.e21.BSSP370cmip6.f09_g17.LE2-1281.005.cam.h1.TREFHTMX.20450101-20541231.nc ... done
  Downloading b.e21.BSSP370cmip6.f09_g17.LE2-1281.005.cam.h1.TREFHTMX.20550101-20641231.nc ... done
  Downloading b.e21.BSSP370cmip6.f09_g17.LE2-1281.005.cam.h1.TREFHTMX.20650101-20741231.nc ... done
  Downloading b.e21.BSSP370cmip6.f09_g17.LE2-1281.005.cam.h1.TREFHTMX.20750101-20841231.nc ... done
  Downloading b.e21.BSSP370cmip6.f09_g17.LE2-1281.005.cam.h1.TREFHTMX.20850101-20941231.nc ... done
  Downloading b.e21.BSSP370cmip6.f09_g17.LE2-1281.005.cam.h1.TREFHTMX.20950101-21001231.nc ... done
  Downloading b.e21.BHISTcmip6.f09_g17.LE2-1281.005.cam.h1.TREFHTMN.18500101-18591231.nc ... done
  Downloading b.e21.BHISTcmip6.f09_g17.LE2-1281.005.cam.h1.TREFHTMN.18600101-18691231.nc ... done
  Downloading b.e21.BHISTcmip6.f09_g17.LE2-1281.005.cam.h1.TREFHTMN.18700101-18791231.nc ... done
  Downloading b.e21.BHISTcmip6.f09_g17.LE2-1281.005.cam.h1.TREFHTMN.18800101-18891231.nc ... done
  Downloading b.e21.BHISTcmip6.f09_g17.LE2-1281.005.cam.h1.TREFHTMN.18900101-18991231.nc ... done
  Downloading b.e21.BHISTcmip6.f09_g17.LE2-1281.005.cam.h1.TREFHTMN.19000101-19091231.nc ... done
  Downloading b.e21.BHISTcmip6.f09_g17.LE2-1281.005.cam.h1.TREFHTMN.19100101-19191231.nc ... done
  Downloading b.e21.BHISTcmip6.f09_g17.LE2-1281.005.cam.h1.TREFHTMN.19200101-19291231.nc ... done
  Downloading b.e21.BHISTcmip6.f09_g17.LE2-1281.005.cam.h1.TREFHTMN.19300101-19391231.nc ... done
  Downloading b.e21.BHISTcmip6.f09_g17.LE2-1281.005.cam.h1.TREFHTMN.19400101-19491231.nc ... done
  Downloading b.e21.BHISTcmip6.f09_g17.LE2-1281.005.cam.h1.TREFHTMN.19500101-19591231.nc ... done
  Downloading b.e21.BHISTcmip6.f09_g17.LE2-1281.005.cam.h1.TREFHTMN.19600101-19691231.nc ... done
  Downloading b.e21.BHISTcmip6.f09_g17.LE2-1281.005.cam.h1.TREFHTMN.19700101-19791231.nc ... done
  Downloading b.e21.BHISTcmip6.f09_g17.LE2-1281.005.cam.h1.TREFHTMN.19800101-19891231.nc ... done
  Downloading b.e21.BHISTcmip6.f09_g17.LE2-1281.005.cam.h1.TREFHTMN.19900101-19991231.nc ... done
  Downloading b.e21.BHISTcmip6.f09_g17.LE2-1281.005.cam.h1.TREFHTMN.20000101-20091231.nc ... done
  Downloading b.e21.BHISTcmip6.f09_g17.LE2-1281.005.cam.h1.TREFHTMN.20100101-20141231.nc ... done
  Downloading b.e21.BSSP370cmip6.f09_g17.LE2-1281.005.cam.h1.TREFHTMN.20150101-20241231.nc ... done
  Downloading b.e21.BSSP370cmip6.f09_g17.LE2-1281.005.cam.h1.TREFHTMN.20250101-20341231.nc ... done
  Downloading b.e21.BSSP370cmip6.f09_g17.LE2-1281.005.cam.h1.TREFHTMN.20350101-20441231.nc ... done
  Downloading b.e21.BSSP370cmip6.f09_g17.LE2-1281.005.cam.h1.TREFHTMN.20450101-20541231.nc ... done
  Downloading b.e21.BSSP370cmip6.f09_g17.LE2-1281.005.cam.h1.TREFHTMN.20550101-20641231.nc ... done
  Downloading b.e21.BSSP370cmip6.f09_g17.LE2-1281.005.cam.h1.TREFHTMN.20650101-20741231.nc ... done
  Downloading b.e21.BSSP370cmip6.f09_g17.LE2-1281.005.cam.h1.TREFHTMN.20750101-20841231.nc ... done
  Downloading b.e21.BSSP370cmip6.f09_g17.LE2-1281.005.cam.h1.TREFHTMN.20850101-20941231.nc ... done
  Downloading b.e21.BSSP370cmip6.f09_g17.LE2-1281.005.cam.h1.TREFHTMN.20950101-21001231.nc ... done
  Downloading b.e21.BHISTcmip6.f09_g17.LE2-1281.005.cam.h1.FSNS.18500101-18591231.nc ... done
  Downloading b.e21.BHISTcmip6.f09_g17.LE2-1281.005.cam.h1.FSNS.18600101-18691231.nc ... done
  Downloading b.e21.BHISTcmip6.f09_g17.LE2-1281.005.cam.h1.FSNS.18700101-18791231.nc ... done
  Downloading b.e21.BHISTcmip6.f09_g17.LE2-1281.005.cam.h1.FSNS.18800101-18891231.nc ... done
  Downloading b.e21.BHISTcmip6.f09_g17.LE2-1281.005.cam.h1.FSNS.18900101-18991231.nc ... done
  Downloading b.e21.BHISTcmip6.f09_g17.LE2-1281.005.cam.h1.FSNS.19000101-19091231.nc ... done
  Downloading b.e21.BHISTcmip6.f09_g17.LE2-1281.005.cam.h1.FSNS.19100101-19191231.nc ... done
  Downloading b.e21.BHISTcmip6.f09_g17.LE2-1281.005.cam.h1.FSNS.19200101-19291231.nc ... done
  Downloading b.e21.BHISTcmip6.f09_g17.LE2-1281.005.cam.h1.FSNS.19300101-19391231.nc ... done
  Downloading b.e21.BHISTcmip6.f09_g17.LE2-1281.005.cam.h1.FSNS.19400101-19491231.nc ... done
  Downloading b.e21.BHISTcmip6.f09_g17.LE2-1281.005.cam.h1.FSNS.19500101-19591231.nc ... done
  Downloading b.e21.BHISTcmip6.f09_g17.LE2-1281.005.cam.h1.FSNS.19600101-19691231.nc ... done
  Downloading b.e21.BHISTcmip6.f09_g17.LE2-1281.005.cam.h1.FSNS.19700101-19791231.nc ... done
  Downloading b.e21.BHISTcmip6.f09_g17.LE2-1281.005.cam.h1.FSNS.19800101-19891231.nc ... done
  Downloading b.e21.BHISTcmip6.f09_g17.LE2-1281.005.cam.h1.FSNS.19900101-19991231.nc ... done
  Downloading b.e21.BHISTcmip6.f09_g17.LE2-1281.005.cam.h1.FSNS.20000101-20091231.nc ... done
  Downloading b.e21.BHISTcmip6.f09_g17.LE2-1281.005.cam.h1.FSNS.20100101-20141231.nc ... done
  Downloading b.e21.BSSP370cmip6.f09_g17.LE2-1281.005.cam.h1.FSNS.20150101-20241231.nc ... done
  Downloading b.e21.BSSP370cmip6.f09_g17.LE2-1281.005.cam.h1.FSNS.20250101-20341231.nc ... done
  Downloading b.e21.BSSP370cmip6.f09_g17.LE2-1281.005.cam.h1.FSNS.20350101-20441231.nc ... done
  Downloading b.e21.BSSP370cmip6.f09_g17.LE2-1281.005.cam.h1.FSNS.20450101-20541231.nc ... done
  Downloading b.e21.BSSP370cmip6.f09_g17.LE2-1281.005.cam.h1.FSNS.20550101-20641231.nc ... done
  Downloading b.e21.BSSP370cmip6.f09_g17.LE2-1281.005.cam.h1.FSNS.20650101-20741231.nc ... done
  Downloading b.e21.BSSP370cmip6.f09_g17.LE2-1281.005.cam.h1.FSNS.20750101-20841231.nc ... done
  Downloading b.e21.BSSP370cmip6.f09_g17.LE2-1281.005.cam.h1.FSNS.20850101-20941231.nc ... done
  Downloading b.e21.BSSP370cmip6.f09_g17.LE2-1281.005.cam.h1.FSNS.20950101-21001231.nc ... done
  Downloading b.e21.BHISTcmip6.f09_g17.LE2-1281.005.cam.h1.FLNS.18500101-18591231.nc ... done
  Downloading b.e21.BHISTcmip6.f09_g17.LE2-1281.005.cam.h1.FLNS.18600101-18691231.nc ... done
  Downloading b.e21.BHISTcmip6.f09_g17.LE2-1281.005.cam.h1.FLNS.18700101-18791231.nc ... done
  Downloading b.e21.BHISTcmip6.f09_g17.LE2-1281.005.cam.h1.FLNS.18800101-18891231.nc ... done
  Downloading b.e21.BHISTcmip6.f09_g17.LE2-1281.005.cam.h1.FLNS.18900101-18991231.nc ... done
  Downloading b.e21.BHISTcmip6.f09_g17.LE2-1281.005.cam.h1.FLNS.19000101-19091231.nc ... done
  Downloading b.e21.BHISTcmip6.f09_g17.LE2-1281.005.cam.h1.FLNS.19100101-19191231.nc ... done
  Downloading b.e21.BHISTcmip6.f09_g17.LE2-1281.005.cam.h1.FLNS.19200101-19291231.nc ... done
  Downloading b.e21.BHISTcmip6.f09_g17.LE2-1281.005.cam.h1.FLNS.19300101-19391231.nc ... done
  Downloading b.e21.BHISTcmip6.f09_g17.LE2-1281.005.cam.h1.FLNS.19400101-19491231.nc ... done
  Downloading b.e21.BHISTcmip6.f09_g17.LE2-1281.005.cam.h1.FLNS.19500101-19591231.nc ... done
  Downloading b.e21.BHISTcmip6.f09_g17.LE2-1281.005.cam.h1.FLNS.19600101-19691231.nc ... done
  Downloading b.e21.BHISTcmip6.f09_g17.LE2-1281.005.cam.h1.FLNS.19700101-19791231.nc ... done
  Downloading b.e21.BHISTcmip6.f09_g17.LE2-1281.005.cam.h1.FLNS.19800101-19891231.nc ... done
  Downloading b.e21.BHISTcmip6.f09_g17.LE2-1281.005.cam.h1.FLNS.19900101-19991231.nc ... done
  Downloading b.e21.BHISTcmip6.f09_g17.LE2-1281.005.cam.h1.FLNS.20000101-20091231.nc ... done
  Downloading b.e21.BHISTcmip6.f09_g17.LE2-1281.005.cam.h1.FLNS.20100101-20141231.nc ... done
  Downloading b.e21.BSSP370cmip6.f09_g17.LE2-1281.005.cam.h1.FLNS.20150101-20241231.nc ... done
  Downloading b.e21.BSSP370cmip6.f09_g17.LE2-1281.005.cam.h1.FLNS.20250101-20341231.nc ... done
  Downloading b.e21.BSSP370cmip6.f09_g17.LE2-1281.005.cam.h1.FLNS.20350101-20441231.nc ... done
  Downloading b.e21.BSSP370cmip6.f09_g17.LE2-1281.005.cam.h1.FLNS.20450101-20541231.nc ... done
  Downloading b.e21.BSSP370cmip6.f09_g17.LE2-1281.005.cam.h1.FLNS.20550101-20641231.nc ... done
  Downloading b.e21.BSSP370cmip6.f09_g17.LE2-1281.005.cam.h1.FLNS.20650101-20741231.nc ... done
  Downloading b.e21.BSSP370cmip6.f09_g17.LE2-1281.005.cam.h1.FLNS.20750101-20841231.nc ... done
  Downloading b.e21.BSSP370cmip6.f09_g17.LE2-1281.005.cam.h1.FLNS.20850101-20941231.nc ... done
  Downloading b.e21.BSSP370cmip6.f09_g17.LE2-1281.005.cam.h1.FLNS.20950101-21001231.nc ... done
  Downloading b.e21.BHISTcmip6.f09_g17.LE2-1281.005.cam.h1.PS.18500101-18591231.nc ... done
  Downloading b.e21.BHISTcmip6.f09_g17.LE2-1281.005.cam.h1.PS.18600101-18691231.nc ... done
  Downloading b.e21.BHISTcmip6.f09_g17.LE2-1281.005.cam.h1.PS.18700101-18791231.nc ... done
  Downloading b.e21.BHISTcmip6.f09_g17.LE2-1281.005.cam.h1.PS.18800101-18891231.nc ... done
  Downloading b.e21.BHISTcmip6.f09_g17.LE2-1281.005.cam.h1.PS.18900101-18991231.nc ... done
  Downloading b.e21.BHISTcmip6.f09_g17.LE2-1281.005.cam.h1.PS.19000101-19091231.nc ... done
  Downloading b.e21.BHISTcmip6.f09_g17.LE2-1281.005.cam.h1.PS.19100101-19191231.nc ... done
  Downloading b.e21.BHISTcmip6.f09_g17.LE2-1281.005.cam.h1.PS.19200101-19291231.nc ... done
  Downloading b.e21.BHISTcmip6.f09_g17.LE2-1281.005.cam.h1.PS.19300101-19391231.nc ... done
  Downloading b.e21.BHISTcmip6.f09_g17.LE2-1281.005.cam.h1.PS.19400101-19491231.nc ... done
  Downloading b.e21.BHISTcmip6.f09_g17.LE2-1281.005.cam.h1.PS.19500101-19591231.nc ... done
  Downloading b.e21.BHISTcmip6.f09_g17.LE2-1281.005.cam.h1.PS.19600101-19691231.nc ... done
  Downloading b.e21.BHISTcmip6.f09_g17.LE2-1281.005.cam.h1.PS.19700101-19791231.nc ... done
  Downloading b.e21.BHISTcmip6.f09_g17.LE2-1281.005.cam.h1.PS.19800101-19891231.nc ... done
  Downloading b.e21.BHISTcmip6.f09_g17.LE2-1281.005.cam.h1.PS.19900101-19991231.nc ... done
  Downloading b.e21.BHISTcmip6.f09_g17.LE2-1281.005.cam.h1.PS.20000101-20091231.nc ... done
  Downloading b.e21.BHISTcmip6.f09_g17.LE2-1281.005.cam.h1.PS.20100101-20141231.nc ... done
  Downloading b.e21.BSSP370cmip6.f09_g17.LE2-1281.005.cam.h1.PS.20150101-20241231.nc ... done
  Downloading b.e21.BSSP370cmip6.f09_g17.LE2-1281.005.cam.h1.PS.20250101-20341231.nc ... done
  Downloading b.e21.BSSP370cmip6.f09_g17.LE2-1281.005.cam.h1.PS.20350101-20441231.nc ... done
  Downloading b.e21.BSSP370cmip6.f09_g17.LE2-1281.005.cam.h1.PS.20450101-20541231.nc ... done
  Downloading b.e21.BSSP370cmip6.f09_g17.LE2-1281.005.cam.h1.PS.20550101-20641231.nc ... done
  Downloading b.e21.BSSP370cmip6.f09_g17.LE2-1281.005.cam.h1.PS.20650101-20741231.nc ... done
  Downloading b.e21.BSSP370cmip6.f09_g17.LE2-1281.005.cam.h1.PS.20750101-20841231.nc ... done
  Downloading b.e21.BSSP370cmip6.f09_g17.LE2-1281.005.cam.h1.PS.20850101-20941231.nc ... done
  Downloading b.e21.BSSP370cmip6.f09_g17.LE2-1281.005.cam.h1.PS.20950101-21001231.nc ... done
  Downloading b.e21.BHISTcmip6.f09_g17.LE2-1281.005.cam.h1.WSPDSRFAV.18500101-18591231.nc ... done
  Downloading b.e21.BHISTcmip6.f09_g17.LE2-1281.005.cam.h1.WSPDSRFAV.18600101-18691231.nc ... done
  Downloading b.e21.BHISTcmip6.f09_g17.LE2-1281.005.cam.h1.WSPDSRFAV.18700101-18791231.nc ... done
  Downloading b.e21.BHISTcmip6.f09_g17.LE2-1281.005.cam.h1.WSPDSRFAV.18800101-18891231.nc ... done
  Downloading b.e21.BHISTcmip6.f09_g17.LE2-1281.005.cam.h1.WSPDSRFAV.18900101-18991231.nc ... done
  Downloading b.e21.BHISTcmip6.f09_g17.LE2-1281.005.cam.h1.WSPDSRFAV.19000101-19091231.nc ... done
  Downloading b.e21.BHISTcmip6.f09_g17.LE2-1281.005.cam.h1.WSPDSRFAV.19100101-19191231.nc ... done
  Downloading b.e21.BHISTcmip6.f09_g17.LE2-1281.005.cam.h1.WSPDSRFAV.19200101-19291231.nc ... done
  Downloading b.e21.BHISTcmip6.f09_g17.LE2-1281.005.cam.h1.WSPDSRFAV.19300101-19391231.nc ... done
  Downloading b.e21.BHISTcmip6.f09_g17.LE2-1281.005.cam.h1.WSPDSRFAV.19400101-19491231.nc ... done
  Downloading b.e21.BHISTcmip6.f09_g17.LE2-1281.005.cam.h1.WSPDSRFAV.19500101-19591231.nc ... done
  Downloading b.e21.BHISTcmip6.f09_g17.LE2-1281.005.cam.h1.WSPDSRFAV.19600101-19691231.nc ... done
  Downloading b.e21.BHISTcmip6.f09_g17.LE2-1281.005.cam.h1.WSPDSRFAV.19700101-19791231.nc ... done
  Downloading b.e21.BHISTcmip6.f09_g17.LE2-1281.005.cam.h1.WSPDSRFAV.19800101-19891231.nc ... done
  Downloading b.e21.BHISTcmip6.f09_g17.LE2-1281.005.cam.h1.WSPDSRFAV.19900101-19991231.nc ... done
  Downloading b.e21.BHISTcmip6.f09_g17.LE2-1281.005.cam.h1.WSPDSRFAV.20000101-20091231.nc ... done
  Downloading b.e21.BHISTcmip6.f09_g17.LE2-1281.005.cam.h1.WSPDSRFAV.20100101-20141231.nc ... done
  Downloading b.e21.BSSP370cmip6.f09_g17.LE2-1281.005.cam.h1.WSPDSRFAV.20150101-20241231.nc ... done
  Downloading b.e21.BSSP370cmip6.f09_g17.LE2-1281.005.cam.h1.WSPDSRFAV.20250101-20341231.nc ... done
  Downloading b.e21.BSSP370cmip6.f09_g17.LE2-1281.005.cam.h1.WSPDSRFAV.20350101-20441231.nc ... done
  Downloading b.e21.BSSP370cmip6.f09_g17.LE2-1281.005.cam.h1.WSPDSRFAV.20450101-20541231.nc ... done
  Downloading b.e21.BSSP370cmip6.f09_g17.LE2-1281.005.cam.h1.WSPDSRFAV.20550101-20641231.nc ... done
  Downloading b.e21.BSSP370cmip6.f09_g17.LE2-1281.005.cam.h1.WSPDSRFAV.20650101-20741231.nc ... done
  Downloading b.e21.BSSP370cmip6.f09_g17.LE2-1281.005.cam.h1.WSPDSRFAV.20750101-20841231.nc ... done
  Downloading b.e21.BSSP370cmip6.f09_g17.LE2-1281.005.cam.h1.WSPDSRFAV.20850101-20941231.nc ... done
  Downloading b.e21.BSSP370cmip6.f09_g17.LE2-1281.005.cam.h1.WSPDSRFAV.20950101-21001231.nc ... done
  Downloading b.e21.BHISTcmip6.f09_g17.LE2-1281.005.cam.h1.QREFHT.18500101-18591231.nc ... done
  Downloading b.e21.BHISTcmip6.f09_g17.LE2-1281.005.cam.h1.QREFHT.18600101-18691231.nc ... done
  Downloading b.e21.BHISTcmip6.f09_g17.LE2-1281.005.cam.h1.QREFHT.18700101-18791231.nc ... done
  Downloading b.e21.BHISTcmip6.f09_g17.LE2-1281.005.cam.h1.QREFHT.18800101-18891231.nc ... done
  Downloading b.e21.BHISTcmip6.f09_g17.LE2-1281.005.cam.h1.QREFHT.18900101-18991231.nc ... done
  Downloading b.e21.BHISTcmip6.f09_g17.LE2-1281.005.cam.h1.QREFHT.19000101-19091231.nc ... done
  Downloading b.e21.BHISTcmip6.f09_g17.LE2-1281.005.cam.h1.QREFHT.19100101-19191231.nc ... done
  Downloading b.e21.BHISTcmip6.f09_g17.LE2-1281.005.cam.h1.QREFHT.19200101-19291231.nc ... done
  Downloading b.e21.BHISTcmip6.f09_g17.LE2-1281.005.cam.h1.QREFHT.19300101-19391231.nc ... done
  Downloading b.e21.BHISTcmip6.f09_g17.LE2-1281.005.cam.h1.QREFHT.19400101-19491231.nc ... done
  Downloading b.e21.BHISTcmip6.f09_g17.LE2-1281.005.cam.h1.QREFHT.19500101-19591231.nc ... done
  Downloading b.e21.BHISTcmip6.f09_g17.LE2-1281.005.cam.h1.QREFHT.19600101-19691231.nc ... done
  Downloading b.e21.BHISTcmip6.f09_g17.LE2-1281.005.cam.h1.QREFHT.19700101-19791231.nc ... done
  Downloading b.e21.BHISTcmip6.f09_g17.LE2-1281.005.cam.h1.QREFHT.19800101-19891231.nc ... done
  Downloading b.e21.BHISTcmip6.f09_g17.LE2-1281.005.cam.h1.QREFHT.19900101-19991231.nc ... done
  Downloading b.e21.BHISTcmip6.f09_g17.LE2-1281.005.cam.h1.QREFHT.20000101-20091231.nc ... done
  Downloading b.e21.BHISTcmip6.f09_g17.LE2-1281.005.cam.h1.QREFHT.20100101-20141231.nc ... done
  Downloading b.e21.BSSP370cmip6.f09_g17.LE2-1281.005.cam.h1.QREFHT.20150101-20241231.nc ... done
  Downloading b.e21.BSSP370cmip6.f09_g17.LE2-1281.005.cam.h1.QREFHT.20250101-20341231.nc ... done
  Downloading b.e21.BSSP370cmip6.f09_g17.LE2-1281.005.cam.h1.QREFHT.20350101-20441231.nc ... done
  Downloading b.e21.BSSP370cmip6.f09_g17.LE2-1281.005.cam.h1.QREFHT.20450101-20541231.nc ... done
  Downloading b.e21.BSSP370cmip6.f09_g17.LE2-1281.005.cam.h1.QREFHT.20550101-20641231.nc ... done
  Downloading b.e21.BSSP370cmip6.f09_g17.LE2-1281.005.cam.h1.QREFHT.20650101-20741231.nc ... done
  Downloading b.e21.BSSP370cmip6.f09_g17.LE2-1281.005.cam.h1.QREFHT.20750101-20841231.nc ... done
  Downloading b.e21.BSSP370cmip6.f09_g17.LE2-1281.005.cam.h1.QREFHT.20850101-20941231.nc ... done
  Downloading b.e21.BSSP370cmip6.f09_g17.LE2-1281.005.cam.h1.QREFHT.20950101-21001231.nc ... done

================================================================================
Processing Member: LE2-1281.006
Destination: /data2/michsh/full_member_data/1281/006
================================================================================
Found 182 total historical and future files for this member.
  Downloading b.e21.BHISTcmip6.f09_g17.LE2-1281.006.cam.h1.TREFHTMX.18500101-18591231.nc ... done
  Downloading b.e21.BHISTcmip6.f09_g17.LE2-1281.006.cam.h1.TREFHTMX.18600101-18691231.nc ... done
  Downloading b.e21.BHISTcmip6.f09_g17.LE2-1281.006.cam.h1.TREFHTMX.18700101-18791231.nc ... done
  Downloading b.e21.BHISTcmip6.f09_g17.LE2-1281.006.cam.h1.TREFHTMX.18800101-18891231.nc ... done
  Downloading b.e21.BHISTcmip6.f09_g17.LE2-1281.006.cam.h1.TREFHTMX.18900101-18991231.nc ... done
  Downloading b.e21.BHISTcmip6.f09_g17.LE2-1281.006.cam.h1.TREFHTMX.19000101-19091231.nc ... done
  Downloading b.e21.BHISTcmip6.f09_g17.LE2-1281.006.cam.h1.TREFHTMX.19100101-19191231.nc ... done
  Downloading b.e21.BHISTcmip6.f09_g17.LE2-1281.006.cam.h1.TREFHTMX.19200101-19291231.nc ... done
  Downloading b.e21.BHISTcmip6.f09_g17.LE2-1281.006.cam.h1.TREFHTMX.19300101-19391231.nc ... done
  Downloading b.e21.BHISTcmip6.f09_g17.LE2-1281.006.cam.h1.TREFHTMX.19400101-19491231.nc ... done
  Downloading b.e21.BHISTcmip6.f09_g17.LE2-1281.006.cam.h1.TREFHTMX.19500101-19591231.nc ... done
  Downloading b.e21.BHISTcmip6.f09_g17.LE2-1281.006.cam.h1.TREFHTMX.19600101-19691231.nc ... done
  Downloading b.e21.BHISTcmip6.f09_g17.LE2-1281.006.cam.h1.TREFHTMX.19700101-19791231.nc ... done
  Downloading b.e21.BHISTcmip6.f09_g17.LE2-1281.006.cam.h1.TREFHTMX.19800101-19891231.nc ... done
  Downloading b.e21.BHISTcmip6.f09_g17.LE2-1281.006.cam.h1.TREFHTMX.19900101-19991231.nc ... done
  Downloading b.e21.BHISTcmip6.f09_g17.LE2-1281.006.cam.h1.TREFHTMX.20000101-20091231.nc ... done
  Downloading b.e21.BHISTcmip6.f09_g17.LE2-1281.006.cam.h1.TREFHTMX.20100101-20141231.nc ... done
  Downloading b.e21.BSSP370cmip6.f09_g17.LE2-1281.006.cam.h1.TREFHTMX.20150101-20241231.nc ... done
  Downloading b.e21.BSSP370cmip6.f09_g17.LE2-1281.006.cam.h1.TREFHTMX.20250101-20341231.nc ... done
  Downloading b.e21.BSSP370cmip6.f09_g17.LE2-1281.006.cam.h1.TREFHTMX.20350101-20441231.nc ... done
  Downloading b.e21.BSSP370cmip6.f09_g17.LE2-1281.006.cam.h1.TREFHTMX.20450101-20541231.nc ... done
  Downloading b.e21.BSSP370cmip6.f09_g17.LE2-1281.006.cam.h1.TREFHTMX.20550101-20641231.nc ... done
  Downloading b.e21.BSSP370cmip6.f09_g17.LE2-1281.006.cam.h1.TREFHTMX.20650101-20741231.nc ... done
  Downloading b.e21.BSSP370cmip6.f09_g17.LE2-1281.006.cam.h1.TREFHTMX.20750101-20841231.nc ... done
  Downloading b.e21.BSSP370cmip6.f09_g17.LE2-1281.006.cam.h1.TREFHTMX.20850101-20941231.nc ... done
  Downloading b.e21.BSSP370cmip6.f09_g17.LE2-1281.006.cam.h1.TREFHTMX.20950101-21001231.nc ... done
  Downloading b.e21.BHISTcmip6.f09_g17.LE2-1281.006.cam.h1.TREFHTMN.18500101-18591231.nc ... done
  Downloading b.e21.BHISTcmip6.f09_g17.LE2-1281.006.cam.h1.TREFHTMN.18600101-18691231.nc ... done
  Downloading b.e21.BHISTcmip6.f09_g17.LE2-1281.006.cam.h1.TREFHTMN.18700101-18791231.nc ... done
  Downloading b.e21.BHISTcmip6.f09_g17.LE2-1281.006.cam.h1.TREFHTMN.18800101-18891231.nc ... done
  Downloading b.e21.BHISTcmip6.f09_g17.LE2-1281.006.cam.h1.TREFHTMN.18900101-18991231.nc ... done
  Downloading b.e21.BHISTcmip6.f09_g17.LE2-1281.006.cam.h1.TREFHTMN.19000101-19091231.nc ... done
  Downloading b.e21.BHISTcmip6.f09_g17.LE2-1281.006.cam.h1.TREFHTMN.19100101-19191231.nc ... done
  Downloading b.e21.BHISTcmip6.f09_g17.LE2-1281.006.cam.h1.TREFHTMN.19200101-19291231.nc ... done
  Downloading b.e21.BHISTcmip6.f09_g17.LE2-1281.006.cam.h1.TREFHTMN.19300101-19391231.nc ... done
  Downloading b.e21.BHISTcmip6.f09_g17.LE2-1281.006.cam.h1.TREFHTMN.19400101-19491231.nc ... done
  Downloading b.e21.BHISTcmip6.f09_g17.LE2-1281.006.cam.h1.TREFHTMN.19500101-19591231.nc ... done
  Downloading b.e21.BHISTcmip6.f09_g17.LE2-1281.006.cam.h1.TREFHTMN.19600101-19691231.nc ... done
  Downloading b.e21.BHISTcmip6.f09_g17.LE2-1281.006.cam.h1.TREFHTMN.19700101-19791231.nc ... done
  Downloading b.e21.BHISTcmip6.f09_g17.LE2-1281.006.cam.h1.TREFHTMN.19800101-19891231.nc ... done
  Downloading b.e21.BHISTcmip6.f09_g17.LE2-1281.006.cam.h1.TREFHTMN.19900101-19991231.nc ... done
  Downloading b.e21.BHISTcmip6.f09_g17.LE2-1281.006.cam.h1.TREFHTMN.20000101-20091231.nc ... done
  Downloading b.e21.BHISTcmip6.f09_g17.LE2-1281.006.cam.h1.TREFHTMN.20100101-20141231.nc ... done
  Downloading b.e21.BSSP370cmip6.f09_g17.LE2-1281.006.cam.h1.TREFHTMN.20150101-20241231.nc ... done
  Downloading b.e21.BSSP370cmip6.f09_g17.LE2-1281.006.cam.h1.TREFHTMN.20250101-20341231.nc ... done
  Downloading b.e21.BSSP370cmip6.f09_g17.LE2-1281.006.cam.h1.TREFHTMN.20350101-20441231.nc ... done
  Downloading b.e21.BSSP370cmip6.f09_g17.LE2-1281.006.cam.h1.TREFHTMN.20450101-20541231.nc ... done
  Downloading b.e21.BSSP370cmip6.f09_g17.LE2-1281.006.cam.h1.TREFHTMN.20550101-20641231.nc ... done
  Downloading b.e21.BSSP370cmip6.f09_g17.LE2-1281.006.cam.h1.TREFHTMN.20650101-20741231.nc ... done
  Downloading b.e21.BSSP370cmip6.f09_g17.LE2-1281.006.cam.h1.TREFHTMN.20750101-20841231.nc ... done
  Downloading b.e21.BSSP370cmip6.f09_g17.LE2-1281.006.cam.h1.TREFHTMN.20850101-20941231.nc ... done
  Downloading b.e21.BSSP370cmip6.f09_g17.LE2-1281.006.cam.h1.TREFHTMN.20950101-21001231.nc ... done
  Downloading b.e21.BHISTcmip6.f09_g17.LE2-1281.006.cam.h1.FSNS.18500101-18591231.nc ... done
  Downloading b.e21.BHISTcmip6.f09_g17.LE2-1281.006.cam.h1.FSNS.18600101-18691231.nc ... done
  Downloading b.e21.BHISTcmip6.f09_g17.LE2-1281.006.cam.h1.FSNS.18700101-18791231.nc ... done
  Downloading b.e21.BHISTcmip6.f09_g17.LE2-1281.006.cam.h1.FSNS.18800101-18891231.nc ... done
  Downloading b.e21.BHISTcmip6.f09_g17.LE2-1281.006.cam.h1.FSNS.18900101-18991231.nc ... done
  Downloading b.e21.BHISTcmip6.f09_g17.LE2-1281.006.cam.h1.FSNS.19000101-19091231.nc ... done
  Downloading b.e21.BHISTcmip6.f09_g17.LE2-1281.006.cam.h1.FSNS.19100101-19191231.nc ... done
  Downloading b.e21.BHISTcmip6.f09_g17.LE2-1281.006.cam.h1.FSNS.19200101-19291231.nc ... done
  Downloading b.e21.BHISTcmip6.f09_g17.LE2-1281.006.cam.h1.FSNS.19300101-19391231.nc ... done
  Downloading b.e21.BHISTcmip6.f09_g17.LE2-1281.006.cam.h1.FSNS.19400101-19491231.nc ... done
  Downloading b.e21.BHISTcmip6.f09_g17.LE2-1281.006.cam.h1.FSNS.19500101-19591231.nc ... done
  Downloading b.e21.BHISTcmip6.f09_g17.LE2-1281.006.cam.h1.FSNS.19600101-19691231.nc ... done
  Downloading b.e21.BHISTcmip6.f09_g17.LE2-1281.006.cam.h1.FSNS.19700101-19791231.nc ... done
  Downloading b.e21.BHISTcmip6.f09_g17.LE2-1281.006.cam.h1.FSNS.19800101-19891231.nc ... done
  Downloading b.e21.BHISTcmip6.f09_g17.LE2-1281.006.cam.h1.FSNS.19900101-19991231.nc ... done
  Downloading b.e21.BHISTcmip6.f09_g17.LE2-1281.006.cam.h1.FSNS.20000101-20091231.nc ... done
  Downloading b.e21.BHISTcmip6.f09_g17.LE2-1281.006.cam.h1.FSNS.20100101-20141231.nc ... done
  Downloading b.e21.BSSP370cmip6.f09_g17.LE2-1281.006.cam.h1.FSNS.20150101-20241231.nc ... done
  Downloading b.e21.BSSP370cmip6.f09_g17.LE2-1281.006.cam.h1.FSNS.20250101-20341231.nc ... done
  Downloading b.e21.BSSP370cmip6.f09_g17.LE2-1281.006.cam.h1.FSNS.20350101-20441231.nc ... done
  Downloading b.e21.BSSP370cmip6.f09_g17.LE2-1281.006.cam.h1.FSNS.20450101-20541231.nc ... done
  Downloading b.e21.BSSP370cmip6.f09_g17.LE2-1281.006.cam.h1.FSNS.20550101-20641231.nc ... done
  Downloading b.e21.BSSP370cmip6.f09_g17.LE2-1281.006.cam.h1.FSNS.20650101-20741231.nc ... done
  Downloading b.e21.BSSP370cmip6.f09_g17.LE2-1281.006.cam.h1.FSNS.20750101-20841231.nc ... done
  Downloading b.e21.BSSP370cmip6.f09_g17.LE2-1281.006.cam.h1.FSNS.20850101-20941231.nc ... done
  Downloading b.e21.BSSP370cmip6.f09_g17.LE2-1281.006.cam.h1.FSNS.20950101-21001231.nc ... done
  Downloading b.e21.BHISTcmip6.f09_g17.LE2-1281.006.cam.h1.FLNS.18500101-18591231.nc ... done
  Downloading b.e21.BHISTcmip6.f09_g17.LE2-1281.006.cam.h1.FLNS.18600101-18691231.nc ... done
  Downloading b.e21.BHISTcmip6.f09_g17.LE2-1281.006.cam.h1.FLNS.18700101-18791231.nc ... done
  Downloading b.e21.BHISTcmip6.f09_g17.LE2-1281.006.cam.h1.FLNS.18800101-18891231.nc ... done
  Downloading b.e21.BHISTcmip6.f09_g17.LE2-1281.006.cam.h1.FLNS.18900101-18991231.nc ... done
  Downloading b.e21.BHISTcmip6.f09_g17.LE2-1281.006.cam.h1.FLNS.19000101-19091231.nc ... done
  Downloading b.e21.BHISTcmip6.f09_g17.LE2-1281.006.cam.h1.FLNS.19100101-19191231.nc ... done
  Downloading b.e21.BHISTcmip6.f09_g17.LE2-1281.006.cam.h1.FLNS.19200101-19291231.nc ... done
  Downloading b.e21.BHISTcmip6.f09_g17.LE2-1281.006.cam.h1.FLNS.19300101-19391231.nc ... done
  Downloading b.e21.BHISTcmip6.f09_g17.LE2-1281.006.cam.h1.FLNS.19400101-19491231.nc ... done
  Downloading b.e21.BHISTcmip6.f09_g17.LE2-1281.006.cam.h1.FLNS.19500101-19591231.nc ... done
  Downloading b.e21.BHISTcmip6.f09_g17.LE2-1281.006.cam.h1.FLNS.19600101-19691231.nc ... done
  Downloading b.e21.BHISTcmip6.f09_g17.LE2-1281.006.cam.h1.FLNS.19700101-19791231.nc ... done
  Downloading b.e21.BHISTcmip6.f09_g17.LE2-1281.006.cam.h1.FLNS.19800101-19891231.nc ... done
  Downloading b.e21.BHISTcmip6.f09_g17.LE2-1281.006.cam.h1.FLNS.19900101-19991231.nc ... done
  Downloading b.e21.BHISTcmip6.f09_g17.LE2-1281.006.cam.h1.FLNS.20000101-20091231.nc ... done
  Downloading b.e21.BHISTcmip6.f09_g17.LE2-1281.006.cam.h1.FLNS.20100101-20141231.nc ... done
  Downloading b.e21.BSSP370cmip6.f09_g17.LE2-1281.006.cam.h1.FLNS.20150101-20241231.nc ... done
  Downloading b.e21.BSSP370cmip6.f09_g17.LE2-1281.006.cam.h1.FLNS.20250101-20341231.nc ... done
  Downloading b.e21.BSSP370cmip6.f09_g17.LE2-1281.006.cam.h1.FLNS.20350101-20441231.nc ... done
  Downloading b.e21.BSSP370cmip6.f09_g17.LE2-1281.006.cam.h1.FLNS.20450101-20541231.nc ... done
  Downloading b.e21.BSSP370cmip6.f09_g17.LE2-1281.006.cam.h1.FLNS.20550101-20641231.nc ... done
  Downloading b.e21.BSSP370cmip6.f09_g17.LE2-1281.006.cam.h1.FLNS.20650101-20741231.nc ... done
  Downloading b.e21.BSSP370cmip6.f09_g17.LE2-1281.006.cam.h1.FLNS.20750101-20841231.nc ... done
  Downloading b.e21.BSSP370cmip6.f09_g17.LE2-1281.006.cam.h1.FLNS.20850101-20941231.nc ... done
  Downloading b.e21.BSSP370cmip6.f09_g17.LE2-1281.006.cam.h1.FLNS.20950101-21001231.nc ... done
  Downloading b.e21.BHISTcmip6.f09_g17.LE2-1281.006.cam.h1.PS.18500101-18591231.nc ... done
  Downloading b.e21.BHISTcmip6.f09_g17.LE2-1281.006.cam.h1.PS.18600101-18691231.nc ... done
  Downloading b.e21.BHISTcmip6.f09_g17.LE2-1281.006.cam.h1.PS.18700101-18791231.nc ... done
  Downloading b.e21.BHISTcmip6.f09_g17.LE2-1281.006.cam.h1.PS.18800101-18891231.nc ... done
  Downloading b.e21.BHISTcmip6.f09_g17.LE2-1281.006.cam.h1.PS.18900101-18991231.nc ... done
  Downloading b.e21.BHISTcmip6.f09_g17.LE2-1281.006.cam.h1.PS.19000101-19091231.nc ... done
  Downloading b.e21.BHISTcmip6.f09_g17.LE2-1281.006.cam.h1.PS.19100101-19191231.nc ... done
  Downloading b.e21.BHISTcmip6.f09_g17.LE2-1281.006.cam.h1.PS.19200101-19291231.nc ... done
  Downloading b.e21.BHISTcmip6.f09_g17.LE2-1281.006.cam.h1.PS.19300101-19391231.nc ... done
  Downloading b.e21.BHISTcmip6.f09_g17.LE2-1281.006.cam.h1.PS.19400101-19491231.nc ... done
  Downloading b.e21.BHISTcmip6.f09_g17.LE2-1281.006.cam.h1.PS.19500101-19591231.nc ... done
  Downloading b.e21.BHISTcmip6.f09_g17.LE2-1281.006.cam.h1.PS.19600101-19691231.nc ... done
  Downloading b.e21.BHISTcmip6.f09_g17.LE2-1281.006.cam.h1.PS.19700101-19791231.nc ... done
  Downloading b.e21.BHISTcmip6.f09_g17.LE2-1281.006.cam.h1.PS.19800101-19891231.nc ... done
  Downloading b.e21.BHISTcmip6.f09_g17.LE2-1281.006.cam.h1.PS.19900101-19991231.nc ... done
  Downloading b.e21.BHISTcmip6.f09_g17.LE2-1281.006.cam.h1.PS.20000101-20091231.nc ... done
  Downloading b.e21.BHISTcmip6.f09_g17.LE2-1281.006.cam.h1.PS.20100101-20141231.nc ... done
  Downloading b.e21.BSSP370cmip6.f09_g17.LE2-1281.006.cam.h1.PS.20150101-20241231.nc ... done
  Downloading b.e21.BSSP370cmip6.f09_g17.LE2-1281.006.cam.h1.PS.20250101-20341231.nc ... done
  Downloading b.e21.BSSP370cmip6.f09_g17.LE2-1281.006.cam.h1.PS.20350101-20441231.nc ... done
  Downloading b.e21.BSSP370cmip6.f09_g17.LE2-1281.006.cam.h1.PS.20450101-20541231.nc ... done
  Downloading b.e21.BSSP370cmip6.f09_g17.LE2-1281.006.cam.h1.PS.20550101-20641231.nc ... done
  Downloading b.e21.BSSP370cmip6.f09_g17.LE2-1281.006.cam.h1.PS.20650101-20741231.nc ... done
  Downloading b.e21.BSSP370cmip6.f09_g17.LE2-1281.006.cam.h1.PS.20750101-20841231.nc ... done
  Downloading b.e21.BSSP370cmip6.f09_g17.LE2-1281.006.cam.h1.PS.20850101-20941231.nc ... done
  Downloading b.e21.BSSP370cmip6.f09_g17.LE2-1281.006.cam.h1.PS.20950101-21001231.nc ... done
  Downloading b.e21.BHISTcmip6.f09_g17.LE2-1281.006.cam.h1.WSPDSRFAV.18500101-18591231.nc ... done
  Downloading b.e21.BHISTcmip6.f09_g17.LE2-1281.006.cam.h1.WSPDSRFAV.18600101-18691231.nc ... done
  Downloading b.e21.BHISTcmip6.f09_g17.LE2-1281.006.cam.h1.WSPDSRFAV.18700101-18791231.nc ... done
  Downloading b.e21.BHISTcmip6.f09_g17.LE2-1281.006.cam.h1.WSPDSRFAV.18800101-18891231.nc ... done
  Downloading b.e21.BHISTcmip6.f09_g17.LE2-1281.006.cam.h1.WSPDSRFAV.18900101-18991231.nc ... done
  Downloading b.e21.BHISTcmip6.f09_g17.LE2-1281.006.cam.h1.WSPDSRFAV.19000101-19091231.nc ... done
  Downloading b.e21.BHISTcmip6.f09_g17.LE2-1281.006.cam.h1.WSPDSRFAV.19100101-19191231.nc ... done
  Downloading b.e21.BHISTcmip6.f09_g17.LE2-1281.006.cam.h1.WSPDSRFAV.19200101-19291231.nc ... done
  Downloading b.e21.BHISTcmip6.f09_g17.LE2-1281.006.cam.h1.WSPDSRFAV.19300101-19391231.nc ... done
  Downloading b.e21.BHISTcmip6.f09_g17.LE2-1281.006.cam.h1.WSPDSRFAV.19400101-19491231.nc ... done
  Downloading b.e21.BHISTcmip6.f09_g17.LE2-1281.006.cam.h1.WSPDSRFAV.19500101-19591231.nc ... done
  Downloading b.e21.BHISTcmip6.f09_g17.LE2-1281.006.cam.h1.WSPDSRFAV.19600101-19691231.nc ... done
  Downloading b.e21.BHISTcmip6.f09_g17.LE2-1281.006.cam.h1.WSPDSRFAV.19700101-19791231.nc ... done
  Downloading b.e21.BHISTcmip6.f09_g17.LE2-1281.006.cam.h1.WSPDSRFAV.19800101-19891231.nc ... done
  Downloading b.e21.BHISTcmip6.f09_g17.LE2-1281.006.cam.h1.WSPDSRFAV.19900101-19991231.nc ... done
  Downloading b.e21.BHISTcmip6.f09_g17.LE2-1281.006.cam.h1.WSPDSRFAV.20000101-20091231.nc ... done
  Downloading b.e21.BHISTcmip6.f09_g17.LE2-1281.006.cam.h1.WSPDSRFAV.20100101-20141231.nc ... done
  Downloading b.e21.BSSP370cmip6.f09_g17.LE2-1281.006.cam.h1.WSPDSRFAV.20150101-20241231.nc ... done
  Downloading b.e21.BSSP370cmip6.f09_g17.LE2-1281.006.cam.h1.WSPDSRFAV.20250101-20341231.nc ... done
  Downloading b.e21.BSSP370cmip6.f09_g17.LE2-1281.006.cam.h1.WSPDSRFAV.20350101-20441231.nc ... done
  Downloading b.e21.BSSP370cmip6.f09_g17.LE2-1281.006.cam.h1.WSPDSRFAV.20450101-20541231.nc ... done
  Downloading b.e21.BSSP370cmip6.f09_g17.LE2-1281.006.cam.h1.WSPDSRFAV.20550101-20641231.nc ... done
  Downloading b.e21.BSSP370cmip6.f09_g17.LE2-1281.006.cam.h1.WSPDSRFAV.20650101-20741231.nc ... done
  Downloading b.e21.BSSP370cmip6.f09_g17.LE2-1281.006.cam.h1.WSPDSRFAV.20750101-20841231.nc ... done
  Downloading b.e21.BSSP370cmip6.f09_g17.LE2-1281.006.cam.h1.WSPDSRFAV.20850101-20941231.nc ... done
  Downloading b.e21.BSSP370cmip6.f09_g17.LE2-1281.006.cam.h1.WSPDSRFAV.20950101-21001231.nc ... done
  Downloading b.e21.BHISTcmip6.f09_g17.LE2-1281.006.cam.h1.QREFHT.18500101-18591231.nc ... done
  Downloading b.e21.BHISTcmip6.f09_g17.LE2-1281.006.cam.h1.QREFHT.18600101-18691231.nc ... done
  Downloading b.e21.BHISTcmip6.f09_g17.LE2-1281.006.cam.h1.QREFHT.18700101-18791231.nc ... done
  Downloading b.e21.BHISTcmip6.f09_g17.LE2-1281.006.cam.h1.QREFHT.18800101-18891231.nc ... done
  Downloading b.e21.BHISTcmip6.f09_g17.LE2-1281.006.cam.h1.QREFHT.18900101-18991231.nc ... done
  Downloading b.e21.BHISTcmip6.f09_g17.LE2-1281.006.cam.h1.QREFHT.19000101-19091231.nc ... done
  Downloading b.e21.BHISTcmip6.f09_g17.LE2-1281.006.cam.h1.QREFHT.19100101-19191231.nc ... done
  Downloading b.e21.BHISTcmip6.f09_g17.LE2-1281.006.cam.h1.QREFHT.19200101-19291231.nc ... done
  Downloading b.e21.BHISTcmip6.f09_g17.LE2-1281.006.cam.h1.QREFHT.19300101-19391231.nc ... done
  Downloading b.e21.BHISTcmip6.f09_g17.LE2-1281.006.cam.h1.QREFHT.19400101-19491231.nc ... done
  Downloading b.e21.BHISTcmip6.f09_g17.LE2-1281.006.cam.h1.QREFHT.19500101-19591231.nc ... done
  Downloading b.e21.BHISTcmip6.f09_g17.LE2-1281.006.cam.h1.QREFHT.19600101-19691231.nc ... done
  Downloading b.e21.BHISTcmip6.f09_g17.LE2-1281.006.cam.h1.QREFHT.19700101-19791231.nc ... done
  Downloading b.e21.BHISTcmip6.f09_g17.LE2-1281.006.cam.h1.QREFHT.19800101-19891231.nc ... done
  Downloading b.e21.BHISTcmip6.f09_g17.LE2-1281.006.cam.h1.QREFHT.19900101-19991231.nc ... done
  Downloading b.e21.BHISTcmip6.f09_g17.LE2-1281.006.cam.h1.QREFHT.20000101-20091231.nc ... done
  Downloading b.e21.BHISTcmip6.f09_g17.LE2-1281.006.cam.h1.QREFHT.20100101-20141231.nc ... done
  Downloading b.e21.BSSP370cmip6.f09_g17.LE2-1281.006.cam.h1.QREFHT.20150101-20241231.nc ... done
  Downloading b.e21.BSSP370cmip6.f09_g17.LE2-1281.006.cam.h1.QREFHT.20250101-20341231.nc ... done
  Downloading b.e21.BSSP370cmip6.f09_g17.LE2-1281.006.cam.h1.QREFHT.20350101-20441231.nc ... done
  Downloading b.e21.BSSP370cmip6.f09_g17.LE2-1281.006.cam.h1.QREFHT.20450101-20541231.nc ... done
  Downloading b.e21.BSSP370cmip6.f09_g17.LE2-1281.006.cam.h1.QREFHT.20550101-20641231.nc ... done
  Downloading b.e21.BSSP370cmip6.f09_g17.LE2-1281.006.cam.h1.QREFHT.20650101-20741231.nc ... done
  Downloading b.e21.BSSP370cmip6.f09_g17.LE2-1281.006.cam.h1.QREFHT.20750101-20841231.nc ... done
  Downloading b.e21.BSSP370cmip6.f09_g17.LE2-1281.006.cam.h1.QREFHT.20850101-20941231.nc ... done
  Downloading b.e21.BSSP370cmip6.f09_g17.LE2-1281.006.cam.h1.QREFHT.20950101-21001231.nc ... done

================================================================================
Processing Member: LE2-1281.007
Destination: /data2/michsh/full_member_data/1281/007
================================================================================
Found 182 total historical and future files for this member.
  Downloading b.e21.BHISTcmip6.f09_g17.LE2-1281.007.cam.h1.TREFHTMX.18500101-18591231.nc ... done
  Downloading b.e21.BHISTcmip6.f09_g17.LE2-1281.007.cam.h1.TREFHTMX.18600101-18691231.nc ... done
  Downloading b.e21.BHISTcmip6.f09_g17.LE2-1281.007.cam.h1.TREFHTMX.18700101-18791231.nc ... done
  Downloading b.e21.BHISTcmip6.f09_g17.LE2-1281.007.cam.h1.TREFHTMX.18800101-18891231.nc ... done
  Downloading b.e21.BHISTcmip6.f09_g17.LE2-1281.007.cam.h1.TREFHTMX.18900101-18991231.nc ... done
  Downloading b.e21.BHISTcmip6.f09_g17.LE2-1281.007.cam.h1.TREFHTMX.19000101-19091231.nc ... done
  Downloading b.e21.BHISTcmip6.f09_g17.LE2-1281.007.cam.h1.TREFHTMX.19100101-19191231.nc ... done
  Downloading b.e21.BHISTcmip6.f09_g17.LE2-1281.007.cam.h1.TREFHTMX.19200101-19291231.nc ... done
  Downloading b.e21.BHISTcmip6.f09_g17.LE2-1281.007.cam.h1.TREFHTMX.19300101-19391231.nc ... done
  Downloading b.e21.BHISTcmip6.f09_g17.LE2-1281.007.cam.h1.TREFHTMX.19400101-19491231.nc ... done
  Downloading b.e21.BHISTcmip6.f09_g17.LE2-1281.007.cam.h1.TREFHTMX.19500101-19591231.nc ... done
  Downloading b.e21.BHISTcmip6.f09_g17.LE2-1281.007.cam.h1.TREFHTMX.19600101-19691231.nc ... done
  Downloading b.e21.BHISTcmip6.f09_g17.LE2-1281.007.cam.h1.TREFHTMX.19700101-19791231.nc ... done
  Downloading b.e21.BHISTcmip6.f09_g17.LE2-1281.007.cam.h1.TREFHTMX.19800101-19891231.nc ... done
  Downloading b.e21.BHISTcmip6.f09_g17.LE2-1281.007.cam.h1.TREFHTMX.19900101-19991231.nc ... done
  Downloading b.e21.BHISTcmip6.f09_g17.LE2-1281.007.cam.h1.TREFHTMX.20000101-20091231.nc ... done
  Downloading b.e21.BHISTcmip6.f09_g17.LE2-1281.007.cam.h1.TREFHTMX.20100101-20141231.nc ... done
  Downloading b.e21.BSSP370cmip6.f09_g17.LE2-1281.007.cam.h1.TREFHTMX.20150101-20241231.nc ... done
  Downloading b.e21.BSSP370cmip6.f09_g17.LE2-1281.007.cam.h1.TREFHTMX.20250101-20341231.nc ... done
  Downloading b.e21.BSSP370cmip6.f09_g17.LE2-1281.007.cam.h1.TREFHTMX.20350101-20441231.nc ... done
  Downloading b.e21.BSSP370cmip6.f09_g17.LE2-1281.007.cam.h1.TREFHTMX.20450101-20541231.nc ... done
  Downloading b.e21.BSSP370cmip6.f09_g17.LE2-1281.007.cam.h1.TREFHTMX.20550101-20641231.nc ... done
  Downloading b.e21.BSSP370cmip6.f09_g17.LE2-1281.007.cam.h1.TREFHTMX.20650101-20741231.nc ... done
  Downloading b.e21.BSSP370cmip6.f09_g17.LE2-1281.007.cam.h1.TREFHTMX.20750101-20841231.nc ... done
  Downloading b.e21.BSSP370cmip6.f09_g17.LE2-1281.007.cam.h1.TREFHTMX.20850101-20941231.nc ... done
  Downloading b.e21.BSSP370cmip6.f09_g17.LE2-1281.007.cam.h1.TREFHTMX.20950101-21001231.nc ... done
  Downloading b.e21.BHISTcmip6.f09_g17.LE2-1281.007.cam.h1.TREFHTMN.18500101-18591231.nc ... done
  Downloading b.e21.BHISTcmip6.f09_g17.LE2-1281.007.cam.h1.TREFHTMN.18600101-18691231.nc ... done
  Downloading b.e21.BHISTcmip6.f09_g17.LE2-1281.007.cam.h1.TREFHTMN.18700101-18791231.nc ... done
  Downloading b.e21.BHISTcmip6.f09_g17.LE2-1281.007.cam.h1.TREFHTMN.18800101-18891231.nc ... done
  Downloading b.e21.BHISTcmip6.f09_g17.LE2-1281.007.cam.h1.TREFHTMN.18900101-18991231.nc ... done
  Downloading b.e21.BHISTcmip6.f09_g17.LE2-1281.007.cam.h1.TREFHTMN.19000101-19091231.nc ... done
  Downloading b.e21.BHISTcmip6.f09_g17.LE2-1281.007.cam.h1.TREFHTMN.19100101-19191231.nc ... done
  Downloading b.e21.BHISTcmip6.f09_g17.LE2-1281.007.cam.h1.TREFHTMN.19200101-19291231.nc ... done
  Downloading b.e21.BHISTcmip6.f09_g17.LE2-1281.007.cam.h1.TREFHTMN.19300101-19391231.nc ... done
  Downloading b.e21.BHISTcmip6.f09_g17.LE2-1281.007.cam.h1.TREFHTMN.19400101-19491231.nc ... done
  Downloading b.e21.BHISTcmip6.f09_g17.LE2-1281.007.cam.h1.TREFHTMN.19500101-19591231.nc ... done
  Downloading b.e21.BHISTcmip6.f09_g17.LE2-1281.007.cam.h1.TREFHTMN.19600101-19691231.nc ... done
  Downloading b.e21.BHISTcmip6.f09_g17.LE2-1281.007.cam.h1.TREFHTMN.19700101-19791231.nc ... done
  Downloading b.e21.BHISTcmip6.f09_g17.LE2-1281.007.cam.h1.TREFHTMN.19800101-19891231.nc ... done
  Downloading b.e21.BHISTcmip6.f09_g17.LE2-1281.007.cam.h1.TREFHTMN.19900101-19991231.nc ... done
  Downloading b.e21.BHISTcmip6.f09_g17.LE2-1281.007.cam.h1.TREFHTMN.20000101-20091231.nc ... done
  Downloading b.e21.BHISTcmip6.f09_g17.LE2-1281.007.cam.h1.TREFHTMN.20100101-20141231.nc ... done
  Downloading b.e21.BSSP370cmip6.f09_g17.LE2-1281.007.cam.h1.TREFHTMN.20150101-20241231.nc ... done
  Downloading b.e21.BSSP370cmip6.f09_g17.LE2-1281.007.cam.h1.TREFHTMN.20250101-20341231.nc ... done
  Downloading b.e21.BSSP370cmip6.f09_g17.LE2-1281.007.cam.h1.TREFHTMN.20350101-20441231.nc ... done
  Downloading b.e21.BSSP370cmip6.f09_g17.LE2-1281.007.cam.h1.TREFHTMN.20450101-20541231.nc ... done
  Downloading b.e21.BSSP370cmip6.f09_g17.LE2-1281.007.cam.h1.TREFHTMN.20550101-20641231.nc ... done
  Downloading b.e21.BSSP370cmip6.f09_g17.LE2-1281.007.cam.h1.TREFHTMN.20650101-20741231.nc ... done
  Downloading b.e21.BSSP370cmip6.f09_g17.LE2-1281.007.cam.h1.TREFHTMN.20750101-20841231.nc ... done
  Downloading b.e21.BSSP370cmip6.f09_g17.LE2-1281.007.cam.h1.TREFHTMN.20850101-20941231.nc ... done
  Downloading b.e21.BSSP370cmip6.f09_g17.LE2-1281.007.cam.h1.TREFHTMN.20950101-21001231.nc ... done
  Downloading b.e21.BHISTcmip6.f09_g17.LE2-1281.007.cam.h1.FSNS.18500101-18591231.nc ... done
  Downloading b.e21.BHISTcmip6.f09_g17.LE2-1281.007.cam.h1.FSNS.18600101-18691231.nc ... done
  Downloading b.e21.BHISTcmip6.f09_g17.LE2-1281.007.cam.h1.FSNS.18700101-18791231.nc ... done
  Downloading b.e21.BHISTcmip6.f09_g17.LE2-1281.007.cam.h1.FSNS.18800101-18891231.nc ... done
  Downloading b.e21.BHISTcmip6.f09_g17.LE2-1281.007.cam.h1.FSNS.18900101-18991231.nc ... done
  Downloading b.e21.BHISTcmip6.f09_g17.LE2-1281.007.cam.h1.FSNS.19000101-19091231.nc ... done
  Downloading b.e21.BHISTcmip6.f09_g17.LE2-1281.007.cam.h1.FSNS.19100101-19191231.nc ... done
  Downloading b.e21.BHISTcmip6.f09_g17.LE2-1281.007.cam.h1.FSNS.19200101-19291231.nc ... done
  Downloading b.e21.BHISTcmip6.f09_g17.LE2-1281.007.cam.h1.FSNS.19300101-19391231.nc ... done
  Downloading b.e21.BHISTcmip6.f09_g17.LE2-1281.007.cam.h1.FSNS.19400101-19491231.nc ... done
  Downloading b.e21.BHISTcmip6.f09_g17.LE2-1281.007.cam.h1.FSNS.19500101-19591231.nc ... done
  Downloading b.e21.BHISTcmip6.f09_g17.LE2-1281.007.cam.h1.FSNS.19600101-19691231.nc ... done
  Downloading b.e21.BHISTcmip6.f09_g17.LE2-1281.007.cam.h1.FSNS.19700101-19791231.nc ... done
  Downloading b.e21.BHISTcmip6.f09_g17.LE2-1281.007.cam.h1.FSNS.19800101-19891231.nc ... done
  Downloading b.e21.BHISTcmip6.f09_g17.LE2-1281.007.cam.h1.FSNS.19900101-19991231.nc ... done
  Downloading b.e21.BHISTcmip6.f09_g17.LE2-1281.007.cam.h1.FSNS.20000101-20091231.nc ... done
  Downloading b.e21.BHISTcmip6.f09_g17.LE2-1281.007.cam.h1.FSNS.20100101-20141231.nc ... done
  Downloading b.e21.BSSP370cmip6.f09_g17.LE2-1281.007.cam.h1.FSNS.20150101-20241231.nc ... done
  Downloading b.e21.BSSP370cmip6.f09_g17.LE2-1281.007.cam.h1.FSNS.20250101-20341231.nc ... done
  Downloading b.e21.BSSP370cmip6.f09_g17.LE2-1281.007.cam.h1.FSNS.20350101-20441231.nc ... done
  Downloading b.e21.BSSP370cmip6.f09_g17.LE2-1281.007.cam.h1.FSNS.20450101-20541231.nc ... done
  Downloading b.e21.BSSP370cmip6.f09_g17.LE2-1281.007.cam.h1.FSNS.20550101-20641231.nc ... done
  Downloading b.e21.BSSP370cmip6.f09_g17.LE2-1281.007.cam.h1.FSNS.20650101-20741231.nc ... done
  Downloading b.e21.BSSP370cmip6.f09_g17.LE2-1281.007.cam.h1.FSNS.20750101-20841231.nc ... done
  Downloading b.e21.BSSP370cmip6.f09_g17.LE2-1281.007.cam.h1.FSNS.20850101-20941231.nc ... done
  Downloading b.e21.BSSP370cmip6.f09_g17.LE2-1281.007.cam.h1.FSNS.20950101-21001231.nc ... done
  Downloading b.e21.BHISTcmip6.f09_g17.LE2-1281.007.cam.h1.FLNS.18500101-18591231.nc ... done
  Downloading b.e21.BHISTcmip6.f09_g17.LE2-1281.007.cam.h1.FLNS.18600101-18691231.nc ... done
  Downloading b.e21.BHISTcmip6.f09_g17.LE2-1281.007.cam.h1.FLNS.18700101-18791231.nc ... done
  Downloading b.e21.BHISTcmip6.f09_g17.LE2-1281.007.cam.h1.FLNS.18800101-18891231.nc ... done
  Downloading b.e21.BHISTcmip6.f09_g17.LE2-1281.007.cam.h1.FLNS.18900101-18991231.nc ... done
  Downloading b.e21.BHISTcmip6.f09_g17.LE2-1281.007.cam.h1.FLNS.19000101-19091231.nc ... done
  Downloading b.e21.BHISTcmip6.f09_g17.LE2-1281.007.cam.h1.FLNS.19100101-19191231.nc ... done
  Downloading b.e21.BHISTcmip6.f09_g17.LE2-1281.007.cam.h1.FLNS.19200101-19291231.nc ... done
  Downloading b.e21.BHISTcmip6.f09_g17.LE2-1281.007.cam.h1.FLNS.19300101-19391231.nc ... done
  Downloading b.e21.BHISTcmip6.f09_g17.LE2-1281.007.cam.h1.FLNS.19400101-19491231.nc ... done
  Downloading b.e21.BHISTcmip6.f09_g17.LE2-1281.007.cam.h1.FLNS.19500101-19591231.nc ... done
  Downloading b.e21.BHISTcmip6.f09_g17.LE2-1281.007.cam.h1.FLNS.19600101-19691231.nc ... done
  Downloading b.e21.BHISTcmip6.f09_g17.LE2-1281.007.cam.h1.FLNS.19700101-19791231.nc ... done
  Downloading b.e21.BHISTcmip6.f09_g17.LE2-1281.007.cam.h1.FLNS.19800101-19891231.nc ... done
  Downloading b.e21.BHISTcmip6.f09_g17.LE2-1281.007.cam.h1.FLNS.19900101-19991231.nc ... done
  Downloading b.e21.BHISTcmip6.f09_g17.LE2-1281.007.cam.h1.FLNS.20000101-20091231.nc ... done
  Downloading b.e21.BHISTcmip6.f09_g17.LE2-1281.007.cam.h1.FLNS.20100101-20141231.nc ... done
  Downloading b.e21.BSSP370cmip6.f09_g17.LE2-1281.007.cam.h1.FLNS.20150101-20241231.nc ... done
  Downloading b.e21.BSSP370cmip6.f09_g17.LE2-1281.007.cam.h1.FLNS.20250101-20341231.nc ... done
  Downloading b.e21.BSSP370cmip6.f09_g17.LE2-1281.007.cam.h1.FLNS.20350101-20441231.nc ... done
  Downloading b.e21.BSSP370cmip6.f09_g17.LE2-1281.007.cam.h1.FLNS.20450101-20541231.nc ... done
  Downloading b.e21.BSSP370cmip6.f09_g17.LE2-1281.007.cam.h1.FLNS.20550101-20641231.nc ... done
  Downloading b.e21.BSSP370cmip6.f09_g17.LE2-1281.007.cam.h1.FLNS.20650101-20741231.nc ... done
  Downloading b.e21.BSSP370cmip6.f09_g17.LE2-1281.007.cam.h1.FLNS.20750101-20841231.nc ... done
  Downloading b.e21.BSSP370cmip6.f09_g17.LE2-1281.007.cam.h1.FLNS.20850101-20941231.nc ... done
  Downloading b.e21.BSSP370cmip6.f09_g17.LE2-1281.007.cam.h1.FLNS.20950101-21001231.nc ... done
  Downloading b.e21.BHISTcmip6.f09_g17.LE2-1281.007.cam.h1.PS.18500101-18591231.nc ... done
  Downloading b.e21.BHISTcmip6.f09_g17.LE2-1281.007.cam.h1.PS.18600101-18691231.nc ... done
  Downloading b.e21.BHISTcmip6.f09_g17.LE2-1281.007.cam.h1.PS.18700101-18791231.nc ... done
  Downloading b.e21.BHISTcmip6.f09_g17.LE2-1281.007.cam.h1.PS.18800101-18891231.nc ... done
  Downloading b.e21.BHISTcmip6.f09_g17.LE2-1281.007.cam.h1.PS.18900101-18991231.nc ... done
  Downloading b.e21.BHISTcmip6.f09_g17.LE2-1281.007.cam.h1.PS.19000101-19091231.nc ... done
  Downloading b.e21.BHISTcmip6.f09_g17.LE2-1281.007.cam.h1.PS.19100101-19191231.nc ... done
  Downloading b.e21.BHISTcmip6.f09_g17.LE2-1281.007.cam.h1.PS.19200101-19291231.nc ... done
  Downloading b.e21.BHISTcmip6.f09_g17.LE2-1281.007.cam.h1.PS.19300101-19391231.nc ... done
  Downloading b.e21.BHISTcmip6.f09_g17.LE2-1281.007.cam.h1.PS.19400101-19491231.nc ... done
  Downloading b.e21.BHISTcmip6.f09_g17.LE2-1281.007.cam.h1.PS.19500101-19591231.nc ... done
  Downloading b.e21.BHISTcmip6.f09_g17.LE2-1281.007.cam.h1.PS.19600101-19691231.nc ... done
  Downloading b.e21.BHISTcmip6.f09_g17.LE2-1281.007.cam.h1.PS.19700101-19791231.nc ... done
  Downloading b.e21.BHISTcmip6.f09_g17.LE2-1281.007.cam.h1.PS.19800101-19891231.nc ... done
  Downloading b.e21.BHISTcmip6.f09_g17.LE2-1281.007.cam.h1.PS.19900101-19991231.nc ... done
  Downloading b.e21.BHISTcmip6.f09_g17.LE2-1281.007.cam.h1.PS.20000101-20091231.nc ... done
  Downloading b.e21.BHISTcmip6.f09_g17.LE2-1281.007.cam.h1.PS.20100101-20141231.nc ... done
  Downloading b.e21.BSSP370cmip6.f09_g17.LE2-1281.007.cam.h1.PS.20150101-20241231.nc ... done
  Downloading b.e21.BSSP370cmip6.f09_g17.LE2-1281.007.cam.h1.PS.20250101-20341231.nc ... done
  Downloading b.e21.BSSP370cmip6.f09_g17.LE2-1281.007.cam.h1.PS.20350101-20441231.nc ... done
  Downloading b.e21.BSSP370cmip6.f09_g17.LE2-1281.007.cam.h1.PS.20450101-20541231.nc ... done
  Downloading b.e21.BSSP370cmip6.f09_g17.LE2-1281.007.cam.h1.PS.20550101-20641231.nc ... done
  Downloading b.e21.BSSP370cmip6.f09_g17.LE2-1281.007.cam.h1.PS.20650101-20741231.nc ... done
  Downloading b.e21.BSSP370cmip6.f09_g17.LE2-1281.007.cam.h1.PS.20750101-20841231.nc ... done
  Downloading b.e21.BSSP370cmip6.f09_g17.LE2-1281.007.cam.h1.PS.20850101-20941231.nc ... done
  Downloading b.e21.BSSP370cmip6.f09_g17.LE2-1281.007.cam.h1.PS.20950101-21001231.nc ... done
  Downloading b.e21.BHISTcmip6.f09_g17.LE2-1281.007.cam.h1.WSPDSRFAV.18500101-18591231.nc ... done
  Downloading b.e21.BHISTcmip6.f09_g17.LE2-1281.007.cam.h1.WSPDSRFAV.18600101-18691231.nc ... done
  Downloading b.e21.BHISTcmip6.f09_g17.LE2-1281.007.cam.h1.WSPDSRFAV.18700101-18791231.nc ... done
  Downloading b.e21.BHISTcmip6.f09_g17.LE2-1281.007.cam.h1.WSPDSRFAV.18800101-18891231.nc ... done
  Downloading b.e21.BHISTcmip6.f09_g17.LE2-1281.007.cam.h1.WSPDSRFAV.18900101-18991231.nc ... done
  Downloading b.e21.BHISTcmip6.f09_g17.LE2-1281.007.cam.h1.WSPDSRFAV.19000101-19091231.nc ... done
  Downloading b.e21.BHISTcmip6.f09_g17.LE2-1281.007.cam.h1.WSPDSRFAV.19100101-19191231.nc ... done
  Downloading b.e21.BHISTcmip6.f09_g17.LE2-1281.007.cam.h1.WSPDSRFAV.19200101-19291231.nc ... done
  Downloading b.e21.BHISTcmip6.f09_g17.LE2-1281.007.cam.h1.WSPDSRFAV.19300101-19391231.nc ... done
  Downloading b.e21.BHISTcmip6.f09_g17.LE2-1281.007.cam.h1.WSPDSRFAV.19400101-19491231.nc ... done
  Downloading b.e21.BHISTcmip6.f09_g17.LE2-1281.007.cam.h1.WSPDSRFAV.19500101-19591231.nc ... done
  Downloading b.e21.BHISTcmip6.f09_g17.LE2-1281.007.cam.h1.WSPDSRFAV.19600101-19691231.nc ... done
  Downloading b.e21.BHISTcmip6.f09_g17.LE2-1281.007.cam.h1.WSPDSRFAV.19700101-19791231.nc ... done
  Downloading b.e21.BHISTcmip6.f09_g17.LE2-1281.007.cam.h1.WSPDSRFAV.19800101-19891231.nc ... done
  Downloading b.e21.BHISTcmip6.f09_g17.LE2-1281.007.cam.h1.WSPDSRFAV.19900101-19991231.nc ... done
  Downloading b.e21.BHISTcmip6.f09_g17.LE2-1281.007.cam.h1.WSPDSRFAV.20000101-20091231.nc ... done
  Downloading b.e21.BHISTcmip6.f09_g17.LE2-1281.007.cam.h1.WSPDSRFAV.20100101-20141231.nc ... done
  Downloading b.e21.BSSP370cmip6.f09_g17.LE2-1281.007.cam.h1.WSPDSRFAV.20150101-20241231.nc ... done
  Downloading b.e21.BSSP370cmip6.f09_g17.LE2-1281.007.cam.h1.WSPDSRFAV.20250101-20341231.nc ... done
  Downloading b.e21.BSSP370cmip6.f09_g17.LE2-1281.007.cam.h1.WSPDSRFAV.20350101-20441231.nc ... done
  Downloading b.e21.BSSP370cmip6.f09_g17.LE2-1281.007.cam.h1.WSPDSRFAV.20450101-20541231.nc ... done
  Downloading b.e21.BSSP370cmip6.f09_g17.LE2-1281.007.cam.h1.WSPDSRFAV.20550101-20641231.nc ... done
  Downloading b.e21.BSSP370cmip6.f09_g17.LE2-1281.007.cam.h1.WSPDSRFAV.20650101-20741231.nc ... done
  Downloading b.e21.BSSP370cmip6.f09_g17.LE2-1281.007.cam.h1.WSPDSRFAV.20750101-20841231.nc ... done
  Downloading b.e21.BSSP370cmip6.f09_g17.LE2-1281.007.cam.h1.WSPDSRFAV.20850101-20941231.nc ... done
  Downloading b.e21.BSSP370cmip6.f09_g17.LE2-1281.007.cam.h1.WSPDSRFAV.20950101-21001231.nc ... done
  Downloading b.e21.BHISTcmip6.f09_g17.LE2-1281.007.cam.h1.QREFHT.18500101-18591231.nc ... done
  Downloading b.e21.BHISTcmip6.f09_g17.LE2-1281.007.cam.h1.QREFHT.18600101-18691231.nc ... done
  Downloading b.e21.BHISTcmip6.f09_g17.LE2-1281.007.cam.h1.QREFHT.18700101-18791231.nc ... done
  Downloading b.e21.BHISTcmip6.f09_g17.LE2-1281.007.cam.h1.QREFHT.18800101-18891231.nc ... done
  Downloading b.e21.BHISTcmip6.f09_g17.LE2-1281.007.cam.h1.QREFHT.18900101-18991231.nc ... done
  Downloading b.e21.BHISTcmip6.f09_g17.LE2-1281.007.cam.h1.QREFHT.19000101-19091231.nc ... done
  Downloading b.e21.BHISTcmip6.f09_g17.LE2-1281.007.cam.h1.QREFHT.19100101-19191231.nc ... done
  Downloading b.e21.BHISTcmip6.f09_g17.LE2-1281.007.cam.h1.QREFHT.19200101-19291231.nc ... done
  Downloading b.e21.BHISTcmip6.f09_g17.LE2-1281.007.cam.h1.QREFHT.19300101-19391231.nc ... done
  Downloading b.e21.BHISTcmip6.f09_g17.LE2-1281.007.cam.h1.QREFHT.19400101-19491231.nc ... done
  Downloading b.e21.BHISTcmip6.f09_g17.LE2-1281.007.cam.h1.QREFHT.19500101-19591231.nc ... done
  Downloading b.e21.BHISTcmip6.f09_g17.LE2-1281.007.cam.h1.QREFHT.19600101-19691231.nc ... done
  Downloading b.e21.BHISTcmip6.f09_g17.LE2-1281.007.cam.h1.QREFHT.19700101-19791231.nc ... done
  Downloading b.e21.BHISTcmip6.f09_g17.LE2-1281.007.cam.h1.QREFHT.19800101-19891231.nc ... done
  Downloading b.e21.BHISTcmip6.f09_g17.LE2-1281.007.cam.h1.QREFHT.19900101-19991231.nc ... done
  Downloading b.e21.BHISTcmip6.f09_g17.LE2-1281.007.cam.h1.QREFHT.20000101-20091231.nc ... done
  Downloading b.e21.BHISTcmip6.f09_g17.LE2-1281.007.cam.h1.QREFHT.20100101-20141231.nc ... done
  Downloading b.e21.BSSP370cmip6.f09_g17.LE2-1281.007.cam.h1.QREFHT.20150101-20241231.nc ... done
  Downloading b.e21.BSSP370cmip6.f09_g17.LE2-1281.007.cam.h1.QREFHT.20250101-20341231.nc ... done
  Downloading b.e21.BSSP370cmip6.f09_g17.LE2-1281.007.cam.h1.QREFHT.20350101-20441231.nc ... done
  Downloading b.e21.BSSP370cmip6.f09_g17.LE2-1281.007.cam.h1.QREFHT.20450101-20541231.nc ... done
  Downloading b.e21.BSSP370cmip6.f09_g17.LE2-1281.007.cam.h1.QREFHT.20550101-20641231.nc ... done
  Downloading b.e21.BSSP370cmip6.f09_g17.LE2-1281.007.cam.h1.QREFHT.20650101-20741231.nc ... done
  Downloading b.e21.BSSP370cmip6.f09_g17.LE2-1281.007.cam.h1.QREFHT.20750101-20841231.nc ... done
  Downloading b.e21.BSSP370cmip6.f09_g17.LE2-1281.007.cam.h1.QREFHT.20850101-20941231.nc ... done
  Downloading b.e21.BSSP370cmip6.f09_g17.LE2-1281.007.cam.h1.QREFHT.20950101-21001231.nc ... done

================================================================================
Processing Member: LE2-1281.008
Destination: /data2/michsh/full_member_data/1281/008
================================================================================
Found 182 total historical and future files for this member.
  Downloading b.e21.BHISTcmip6.f09_g17.LE2-1281.008.cam.h1.TREFHTMX.18500101-18591231.nc ... done
  Downloading b.e21.BHISTcmip6.f09_g17.LE2-1281.008.cam.h1.TREFHTMX.18600101-18691231.nc ... done
  Downloading b.e21.BHISTcmip6.f09_g17.LE2-1281.008.cam.h1.TREFHTMX.18700101-18791231.nc ... done
  Downloading b.e21.BHISTcmip6.f09_g17.LE2-1281.008.cam.h1.TREFHTMX.18800101-18891231.nc ... done
  Downloading b.e21.BHISTcmip6.f09_g17.LE2-1281.008.cam.h1.TREFHTMX.18900101-18991231.nc ... done
  Downloading b.e21.BHISTcmip6.f09_g17.LE2-1281.008.cam.h1.TREFHTMX.19000101-19091231.nc ... done
  Downloading b.e21.BHISTcmip6.f09_g17.LE2-1281.008.cam.h1.TREFHTMX.19100101-19191231.nc ... done
  Downloading b.e21.BHISTcmip6.f09_g17.LE2-1281.008.cam.h1.TREFHTMX.19200101-19291231.nc ... done
  Downloading b.e21.BHISTcmip6.f09_g17.LE2-1281.008.cam.h1.TREFHTMX.19300101-19391231.nc ... done
  Downloading b.e21.BHISTcmip6.f09_g17.LE2-1281.008.cam.h1.TREFHTMX.19400101-19491231.nc ... done
  Downloading b.e21.BHISTcmip6.f09_g17.LE2-1281.008.cam.h1.TREFHTMX.19500101-19591231.nc ... done
  Downloading b.e21.BHISTcmip6.f09_g17.LE2-1281.008.cam.h1.TREFHTMX.19600101-19691231.nc ... done
  Downloading b.e21.BHISTcmip6.f09_g17.LE2-1281.008.cam.h1.TREFHTMX.19700101-19791231.nc ... done
  Downloading b.e21.BHISTcmip6.f09_g17.LE2-1281.008.cam.h1.TREFHTMX.19800101-19891231.nc ... done
  Downloading b.e21.BHISTcmip6.f09_g17.LE2-1281.008.cam.h1.TREFHTMX.19900101-19991231.nc ... done
  Downloading b.e21.BHISTcmip6.f09_g17.LE2-1281.008.cam.h1.TREFHTMX.20000101-20091231.nc ... done
  Downloading b.e21.BHISTcmip6.f09_g17.LE2-1281.008.cam.h1.TREFHTMX.20100101-20141231.nc ... done
  Downloading b.e21.BSSP370cmip6.f09_g17.LE2-1281.008.cam.h1.TREFHTMX.20150101-20241231.nc ... done
  Downloading b.e21.BSSP370cmip6.f09_g17.LE2-1281.008.cam.h1.TREFHTMX.20250101-20341231.nc ... done
  Downloading b.e21.BSSP370cmip6.f09_g17.LE2-1281.008.cam.h1.TREFHTMX.20350101-20441231.nc ... done
  Downloading b.e21.BSSP370cmip6.f09_g17.LE2-1281.008.cam.h1.TREFHTMX.20450101-20541231.nc ... done
  Downloading b.e21.BSSP370cmip6.f09_g17.LE2-1281.008.cam.h1.TREFHTMX.20550101-20641231.nc ... done
  Downloading b.e21.BSSP370cmip6.f09_g17.LE2-1281.008.cam.h1.TREFHTMX.20650101-20741231.nc ... done
  Downloading b.e21.BSSP370cmip6.f09_g17.LE2-1281.008.cam.h1.TREFHTMX.20750101-20841231.nc ... done
  Downloading b.e21.BSSP370cmip6.f09_g17.LE2-1281.008.cam.h1.TREFHTMX.20850101-20941231.nc ... done
  Downloading b.e21.BSSP370cmip6.f09_g17.LE2-1281.008.cam.h1.TREFHTMX.20950101-21001231.nc ... done
  Downloading b.e21.BHISTcmip6.f09_g17.LE2-1281.008.cam.h1.TREFHTMN.18500101-18591231.nc ... done
  Downloading b.e21.BHISTcmip6.f09_g17.LE2-1281.008.cam.h1.TREFHTMN.18600101-18691231.nc ... done
  Downloading b.e21.BHISTcmip6.f09_g17.LE2-1281.008.cam.h1.TREFHTMN.18700101-18791231.nc ... done
  Downloading b.e21.BHISTcmip6.f09_g17.LE2-1281.008.cam.h1.TREFHTMN.18800101-18891231.nc ... done
  Downloading b.e21.BHISTcmip6.f09_g17.LE2-1281.008.cam.h1.TREFHTMN.18900101-18991231.nc ... done
  Downloading b.e21.BHISTcmip6.f09_g17.LE2-1281.008.cam.h1.TREFHTMN.19000101-19091231.nc ... done
  Downloading b.e21.BHISTcmip6.f09_g17.LE2-1281.008.cam.h1.TREFHTMN.19100101-19191231.nc ... done
  Downloading b.e21.BHISTcmip6.f09_g17.LE2-1281.008.cam.h1.TREFHTMN.19200101-19291231.nc ... done
  Downloading b.e21.BHISTcmip6.f09_g17.LE2-1281.008.cam.h1.TREFHTMN.19300101-19391231.nc ... done
  Downloading b.e21.BHISTcmip6.f09_g17.LE2-1281.008.cam.h1.TREFHTMN.19400101-19491231.nc ... done
  Downloading b.e21.BHISTcmip6.f09_g17.LE2-1281.008.cam.h1.TREFHTMN.19500101-19591231.nc ... done
  Downloading b.e21.BHISTcmip6.f09_g17.LE2-1281.008.cam.h1.TREFHTMN.19600101-19691231.nc ... done
  Downloading b.e21.BHISTcmip6.f09_g17.LE2-1281.008.cam.h1.TREFHTMN.19700101-19791231.nc ... done
  Downloading b.e21.BHISTcmip6.f09_g17.LE2-1281.008.cam.h1.TREFHTMN.19800101-19891231.nc ... done
  Downloading b.e21.BHISTcmip6.f09_g17.LE2-1281.008.cam.h1.TREFHTMN.19900101-19991231.nc ... done
  Downloading b.e21.BHISTcmip6.f09_g17.LE2-1281.008.cam.h1.TREFHTMN.20000101-20091231.nc ... done
  Downloading b.e21.BHISTcmip6.f09_g17.LE2-1281.008.cam.h1.TREFHTMN.20100101-20141231.nc ... done
  Downloading b.e21.BSSP370cmip6.f09_g17.LE2-1281.008.cam.h1.TREFHTMN.20150101-20241231.nc ... done
  Downloading b.e21.BSSP370cmip6.f09_g17.LE2-1281.008.cam.h1.TREFHTMN.20250101-20341231.nc ... done
  Downloading b.e21.BSSP370cmip6.f09_g17.LE2-1281.008.cam.h1.TREFHTMN.20350101-20441231.nc ... done
  Downloading b.e21.BSSP370cmip6.f09_g17.LE2-1281.008.cam.h1.TREFHTMN.20450101-20541231.nc ... done
  Downloading b.e21.BSSP370cmip6.f09_g17.LE2-1281.008.cam.h1.TREFHTMN.20550101-20641231.nc ... done
  Downloading b.e21.BSSP370cmip6.f09_g17.LE2-1281.008.cam.h1.TREFHTMN.20650101-20741231.nc ... done
  Downloading b.e21.BSSP370cmip6.f09_g17.LE2-1281.008.cam.h1.TREFHTMN.20750101-20841231.nc ... done
  Downloading b.e21.BSSP370cmip6.f09_g17.LE2-1281.008.cam.h1.TREFHTMN.20850101-20941231.nc ... done
  Downloading b.e21.BSSP370cmip6.f09_g17.LE2-1281.008.cam.h1.TREFHTMN.20950101-21001231.nc ... done
  Downloading b.e21.BHISTcmip6.f09_g17.LE2-1281.008.cam.h1.FSNS.18500101-18591231.nc ... done
  Downloading b.e21.BHISTcmip6.f09_g17.LE2-1281.008.cam.h1.FSNS.18600101-18691231.nc ... done
  Downloading b.e21.BHISTcmip6.f09_g17.LE2-1281.008.cam.h1.FSNS.18700101-18791231.nc ... done
  Downloading b.e21.BHISTcmip6.f09_g17.LE2-1281.008.cam.h1.FSNS.18800101-18891231.nc ... done
  Downloading b.e21.BHISTcmip6.f09_g17.LE2-1281.008.cam.h1.FSNS.18900101-18991231.nc ... done
  Downloading b.e21.BHISTcmip6.f09_g17.LE2-1281.008.cam.h1.FSNS.19000101-19091231.nc ... done
  Downloading b.e21.BHISTcmip6.f09_g17.LE2-1281.008.cam.h1.FSNS.19100101-19191231.nc ... done
  Downloading b.e21.BHISTcmip6.f09_g17.LE2-1281.008.cam.h1.FSNS.19200101-19291231.nc ... done
  Downloading b.e21.BHISTcmip6.f09_g17.LE2-1281.008.cam.h1.FSNS.19300101-19391231.nc ... done
  Downloading b.e21.BHISTcmip6.f09_g17.LE2-1281.008.cam.h1.FSNS.19400101-19491231.nc ... done
  Downloading b.e21.BHISTcmip6.f09_g17.LE2-1281.008.cam.h1.FSNS.19500101-19591231.nc ... done
  Downloading b.e21.BHISTcmip6.f09_g17.LE2-1281.008.cam.h1.FSNS.19600101-19691231.nc ... done
  Downloading b.e21.BHISTcmip6.f09_g17.LE2-1281.008.cam.h1.FSNS.19700101-19791231.nc ... done
  Downloading b.e21.BHISTcmip6.f09_g17.LE2-1281.008.cam.h1.FSNS.19800101-19891231.nc ... done
  Downloading b.e21.BHISTcmip6.f09_g17.LE2-1281.008.cam.h1.FSNS.19900101-19991231.nc ... done
  Downloading b.e21.BHISTcmip6.f09_g17.LE2-1281.008.cam.h1.FSNS.20000101-20091231.nc ... done
  Downloading b.e21.BHISTcmip6.f09_g17.LE2-1281.008.cam.h1.FSNS.20100101-20141231.nc ... done
  Downloading b.e21.BSSP370cmip6.f09_g17.LE2-1281.008.cam.h1.FSNS.20150101-20241231.nc ... done
  Downloading b.e21.BSSP370cmip6.f09_g17.LE2-1281.008.cam.h1.FSNS.20250101-20341231.nc ... done
  Downloading b.e21.BSSP370cmip6.f09_g17.LE2-1281.008.cam.h1.FSNS.20350101-20441231.nc ... done
  Downloading b.e21.BSSP370cmip6.f09_g17.LE2-1281.008.cam.h1.FSNS.20450101-20541231.nc ... done
  Downloading b.e21.BSSP370cmip6.f09_g17.LE2-1281.008.cam.h1.FSNS.20550101-20641231.nc ... done
  Downloading b.e21.BSSP370cmip6.f09_g17.LE2-1281.008.cam.h1.FSNS.20650101-20741231.nc ... done
  Downloading b.e21.BSSP370cmip6.f09_g17.LE2-1281.008.cam.h1.FSNS.20750101-20841231.nc ... done
  Downloading b.e21.BSSP370cmip6.f09_g17.LE2-1281.008.cam.h1.FSNS.20850101-20941231.nc ... done
  Downloading b.e21.BSSP370cmip6.f09_g17.LE2-1281.008.cam.h1.FSNS.20950101-21001231.nc ... done
  Downloading b.e21.BHISTcmip6.f09_g17.LE2-1281.008.cam.h1.FLNS.18500101-18591231.nc ... done
  Downloading b.e21.BHISTcmip6.f09_g17.LE2-1281.008.cam.h1.FLNS.18600101-18691231.nc ... done
  Downloading b.e21.BHISTcmip6.f09_g17.LE2-1281.008.cam.h1.FLNS.18700101-18791231.nc ... done
  Downloading b.e21.BHISTcmip6.f09_g17.LE2-1281.008.cam.h1.FLNS.18800101-18891231.nc ... done
  Downloading b.e21.BHISTcmip6.f09_g17.LE2-1281.008.cam.h1.FLNS.18900101-18991231.nc ... done
  Downloading b.e21.BHISTcmip6.f09_g17.LE2-1281.008.cam.h1.FLNS.19000101-19091231.nc ... done
  Downloading b.e21.BHISTcmip6.f09_g17.LE2-1281.008.cam.h1.FLNS.19100101-19191231.nc ... done
  Downloading b.e21.BHISTcmip6.f09_g17.LE2-1281.008.cam.h1.FLNS.19200101-19291231.nc ... done
  Downloading b.e21.BHISTcmip6.f09_g17.LE2-1281.008.cam.h1.FLNS.19300101-19391231.nc ... done
  Downloading b.e21.BHISTcmip6.f09_g17.LE2-1281.008.cam.h1.FLNS.19400101-19491231.nc ... done
  Downloading b.e21.BHISTcmip6.f09_g17.LE2-1281.008.cam.h1.FLNS.19500101-19591231.nc ... done
  Downloading b.e21.BHISTcmip6.f09_g17.LE2-1281.008.cam.h1.FLNS.19600101-19691231.nc ... done
  Downloading b.e21.BHISTcmip6.f09_g17.LE2-1281.008.cam.h1.FLNS.19700101-19791231.nc ... done
  Downloading b.e21.BHISTcmip6.f09_g17.LE2-1281.008.cam.h1.FLNS.19800101-19891231.nc ... done
  Downloading b.e21.BHISTcmip6.f09_g17.LE2-1281.008.cam.h1.FLNS.19900101-19991231.nc ... done
  Downloading b.e21.BHISTcmip6.f09_g17.LE2-1281.008.cam.h1.FLNS.20000101-20091231.nc ... done
  Downloading b.e21.BHISTcmip6.f09_g17.LE2-1281.008.cam.h1.FLNS.20100101-20141231.nc ... done
  Downloading b.e21.BSSP370cmip6.f09_g17.LE2-1281.008.cam.h1.FLNS.20150101-20241231.nc ... done
  Downloading b.e21.BSSP370cmip6.f09_g17.LE2-1281.008.cam.h1.FLNS.20250101-20341231.nc ... done
  Downloading b.e21.BSSP370cmip6.f09_g17.LE2-1281.008.cam.h1.FLNS.20350101-20441231.nc ... done
  Downloading b.e21.BSSP370cmip6.f09_g17.LE2-1281.008.cam.h1.FLNS.20450101-20541231.nc ... done
  Downloading b.e21.BSSP370cmip6.f09_g17.LE2-1281.008.cam.h1.FLNS.20550101-20641231.nc ... done
  Downloading b.e21.BSSP370cmip6.f09_g17.LE2-1281.008.cam.h1.FLNS.20650101-20741231.nc ... done
  Downloading b.e21.BSSP370cmip6.f09_g17.LE2-1281.008.cam.h1.FLNS.20750101-20841231.nc ... done
  Downloading b.e21.BSSP370cmip6.f09_g17.LE2-1281.008.cam.h1.FLNS.20850101-20941231.nc ... done
  Downloading b.e21.BSSP370cmip6.f09_g17.LE2-1281.008.cam.h1.FLNS.20950101-21001231.nc ... done
  Downloading b.e21.BHISTcmip6.f09_g17.LE2-1281.008.cam.h1.PS.18500101-18591231.nc ... done
  Downloading b.e21.BHISTcmip6.f09_g17.LE2-1281.008.cam.h1.PS.18600101-18691231.nc ... done
  Downloading b.e21.BHISTcmip6.f09_g17.LE2-1281.008.cam.h1.PS.18700101-18791231.nc ... done
  Downloading b.e21.BHISTcmip6.f09_g17.LE2-1281.008.cam.h1.PS.18800101-18891231.nc ... done
  Downloading b.e21.BHISTcmip6.f09_g17.LE2-1281.008.cam.h1.PS.18900101-18991231.nc ... done
  Downloading b.e21.BHISTcmip6.f09_g17.LE2-1281.008.cam.h1.PS.19000101-19091231.nc ... done
  Downloading b.e21.BHISTcmip6.f09_g17.LE2-1281.008.cam.h1.PS.19100101-19191231.nc ... done
  Downloading b.e21.BHISTcmip6.f09_g17.LE2-1281.008.cam.h1.PS.19200101-19291231.nc ... done
  Downloading b.e21.BHISTcmip6.f09_g17.LE2-1281.008.cam.h1.PS.19300101-19391231.nc ... done
  Downloading b.e21.BHISTcmip6.f09_g17.LE2-1281.008.cam.h1.PS.19400101-19491231.nc ... done
  Downloading b.e21.BHISTcmip6.f09_g17.LE2-1281.008.cam.h1.PS.19500101-19591231.nc ... done
  Downloading b.e21.BHISTcmip6.f09_g17.LE2-1281.008.cam.h1.PS.19600101-19691231.nc ... done
  Downloading b.e21.BHISTcmip6.f09_g17.LE2-1281.008.cam.h1.PS.19700101-19791231.nc ... done
  Downloading b.e21.BHISTcmip6.f09_g17.LE2-1281.008.cam.h1.PS.19800101-19891231.nc ... done
  Downloading b.e21.BHISTcmip6.f09_g17.LE2-1281.008.cam.h1.PS.19900101-19991231.nc ... done
  Downloading b.e21.BHISTcmip6.f09_g17.LE2-1281.008.cam.h1.PS.20000101-20091231.nc ... done
  Downloading b.e21.BHISTcmip6.f09_g17.LE2-1281.008.cam.h1.PS.20100101-20141231.nc ... done
  Downloading b.e21.BSSP370cmip6.f09_g17.LE2-1281.008.cam.h1.PS.20150101-20241231.nc ... done
  Downloading b.e21.BSSP370cmip6.f09_g17.LE2-1281.008.cam.h1.PS.20250101-20341231.nc ... done
  Downloading b.e21.BSSP370cmip6.f09_g17.LE2-1281.008.cam.h1.PS.20350101-20441231.nc ... done
  Downloading b.e21.BSSP370cmip6.f09_g17.LE2-1281.008.cam.h1.PS.20450101-20541231.nc ... done
  Downloading b.e21.BSSP370cmip6.f09_g17.LE2-1281.008.cam.h1.PS.20550101-20641231.nc ... done
  Downloading b.e21.BSSP370cmip6.f09_g17.LE2-1281.008.cam.h1.PS.20650101-20741231.nc ... done
  Downloading b.e21.BSSP370cmip6.f09_g17.LE2-1281.008.cam.h1.PS.20750101-20841231.nc ... done
  Downloading b.e21.BSSP370cmip6.f09_g17.LE2-1281.008.cam.h1.PS.20850101-20941231.nc ... done
  Downloading b.e21.BSSP370cmip6.f09_g17.LE2-1281.008.cam.h1.PS.20950101-21001231.nc ... done
  Downloading b.e21.BHISTcmip6.f09_g17.LE2-1281.008.cam.h1.WSPDSRFAV.18500101-18591231.nc ... done
  Downloading b.e21.BHISTcmip6.f09_g17.LE2-1281.008.cam.h1.WSPDSRFAV.18600101-18691231.nc ... done
  Downloading b.e21.BHISTcmip6.f09_g17.LE2-1281.008.cam.h1.WSPDSRFAV.18700101-18791231.nc ... done
  Downloading b.e21.BHISTcmip6.f09_g17.LE2-1281.008.cam.h1.WSPDSRFAV.18800101-18891231.nc ... done
  Downloading b.e21.BHISTcmip6.f09_g17.LE2-1281.008.cam.h1.WSPDSRFAV.18900101-18991231.nc ... done
  Downloading b.e21.BHISTcmip6.f09_g17.LE2-1281.008.cam.h1.WSPDSRFAV.19000101-19091231.nc ... done
  Downloading b.e21.BHISTcmip6.f09_g17.LE2-1281.008.cam.h1.WSPDSRFAV.19100101-19191231.nc ... done
  Downloading b.e21.BHISTcmip6.f09_g17.LE2-1281.008.cam.h1.WSPDSRFAV.19200101-19291231.nc ... done
  Downloading b.e21.BHISTcmip6.f09_g17.LE2-1281.008.cam.h1.WSPDSRFAV.19300101-19391231.nc ... done
  Downloading b.e21.BHISTcmip6.f09_g17.LE2-1281.008.cam.h1.WSPDSRFAV.19400101-19491231.nc ... done
  Downloading b.e21.BHISTcmip6.f09_g17.LE2-1281.008.cam.h1.WSPDSRFAV.19500101-19591231.nc ... done
  Downloading b.e21.BHISTcmip6.f09_g17.LE2-1281.008.cam.h1.WSPDSRFAV.19600101-19691231.nc ... done
  Downloading b.e21.BHISTcmip6.f09_g17.LE2-1281.008.cam.h1.WSPDSRFAV.19700101-19791231.nc ... done
  Downloading b.e21.BHISTcmip6.f09_g17.LE2-1281.008.cam.h1.WSPDSRFAV.19800101-19891231.nc ... done
  Downloading b.e21.BHISTcmip6.f09_g17.LE2-1281.008.cam.h1.WSPDSRFAV.19900101-19991231.nc ... done
  Downloading b.e21.BHISTcmip6.f09_g17.LE2-1281.008.cam.h1.WSPDSRFAV.20000101-20091231.nc ... done
  Downloading b.e21.BHISTcmip6.f09_g17.LE2-1281.008.cam.h1.WSPDSRFAV.20100101-20141231.nc ... done
  Downloading b.e21.BSSP370cmip6.f09_g17.LE2-1281.008.cam.h1.WSPDSRFAV.20150101-20241231.nc ... done
  Downloading b.e21.BSSP370cmip6.f09_g17.LE2-1281.008.cam.h1.WSPDSRFAV.20250101-20341231.nc ... done
  Downloading b.e21.BSSP370cmip6.f09_g17.LE2-1281.008.cam.h1.WSPDSRFAV.20350101-20441231.nc ... done
  Downloading b.e21.BSSP370cmip6.f09_g17.LE2-1281.008.cam.h1.WSPDSRFAV.20450101-20541231.nc ... done
  Downloading b.e21.BSSP370cmip6.f09_g17.LE2-1281.008.cam.h1.WSPDSRFAV.20550101-20641231.nc ... done
  Downloading b.e21.BSSP370cmip6.f09_g17.LE2-1281.008.cam.h1.WSPDSRFAV.20650101-20741231.nc ... done
  Downloading b.e21.BSSP370cmip6.f09_g17.LE2-1281.008.cam.h1.WSPDSRFAV.20750101-20841231.nc ... done
  Downloading b.e21.BSSP370cmip6.f09_g17.LE2-1281.008.cam.h1.WSPDSRFAV.20850101-20941231.nc ... done
  Downloading b.e21.BSSP370cmip6.f09_g17.LE2-1281.008.cam.h1.WSPDSRFAV.20950101-21001231.nc ... done
  Downloading b.e21.BHISTcmip6.f09_g17.LE2-1281.008.cam.h1.QREFHT.18500101-18591231.nc ... done
  Downloading b.e21.BHISTcmip6.f09_g17.LE2-1281.008.cam.h1.QREFHT.18600101-18691231.nc ... done
  Downloading b.e21.BHISTcmip6.f09_g17.LE2-1281.008.cam.h1.QREFHT.18700101-18791231.nc ... done
  Downloading b.e21.BHISTcmip6.f09_g17.LE2-1281.008.cam.h1.QREFHT.18800101-18891231.nc ... done
  Downloading b.e21.BHISTcmip6.f09_g17.LE2-1281.008.cam.h1.QREFHT.18900101-18991231.nc ... done
  Downloading b.e21.BHISTcmip6.f09_g17.LE2-1281.008.cam.h1.QREFHT.19000101-19091231.nc ... done
  Downloading b.e21.BHISTcmip6.f09_g17.LE2-1281.008.cam.h1.QREFHT.19100101-19191231.nc ... done
  Downloading b.e21.BHISTcmip6.f09_g17.LE2-1281.008.cam.h1.QREFHT.19200101-19291231.nc ... done
  Downloading b.e21.BHISTcmip6.f09_g17.LE2-1281.008.cam.h1.QREFHT.19300101-19391231.nc ... done
  Downloading b.e21.BHISTcmip6.f09_g17.LE2-1281.008.cam.h1.QREFHT.19400101-19491231.nc ... done
  Downloading b.e21.BHISTcmip6.f09_g17.LE2-1281.008.cam.h1.QREFHT.19500101-19591231.nc ... done
  Downloading b.e21.BHISTcmip6.f09_g17.LE2-1281.008.cam.h1.QREFHT.19600101-19691231.nc ... done
  Downloading b.e21.BHISTcmip6.f09_g17.LE2-1281.008.cam.h1.QREFHT.19700101-19791231.nc ... done
  Downloading b.e21.BHISTcmip6.f09_g17.LE2-1281.008.cam.h1.QREFHT.19800101-19891231.nc ... done
  Downloading b.e21.BHISTcmip6.f09_g17.LE2-1281.008.cam.h1.QREFHT.19900101-19991231.nc ... done
  Downloading b.e21.BHISTcmip6.f09_g17.LE2-1281.008.cam.h1.QREFHT.20000101-20091231.nc ... done
  Downloading b.e21.BHISTcmip6.f09_g17.LE2-1281.008.cam.h1.QREFHT.20100101-20141231.nc ... done
  Downloading b.e21.BSSP370cmip6.f09_g17.LE2-1281.008.cam.h1.QREFHT.20150101-20241231.nc ... done
  Downloading b.e21.BSSP370cmip6.f09_g17.LE2-1281.008.cam.h1.QREFHT.20250101-20341231.nc ... done
  Downloading b.e21.BSSP370cmip6.f09_g17.LE2-1281.008.cam.h1.QREFHT.20350101-20441231.nc ... done
  Downloading b.e21.BSSP370cmip6.f09_g17.LE2-1281.008.cam.h1.QREFHT.20450101-20541231.nc ... done
  Downloading b.e21.BSSP370cmip6.f09_g17.LE2-1281.008.cam.h1.QREFHT.20550101-20641231.nc ... done
  Downloading b.e21.BSSP370cmip6.f09_g17.LE2-1281.008.cam.h1.QREFHT.20650101-20741231.nc ... done
  Downloading b.e21.BSSP370cmip6.f09_g17.LE2-1281.008.cam.h1.QREFHT.20750101-20841231.nc ... done
  Downloading b.e21.BSSP370cmip6.f09_g17.LE2-1281.008.cam.h1.QREFHT.20850101-20941231.nc ... done
  Downloading b.e21.BSSP370cmip6.f09_g17.LE2-1281.008.cam.h1.QREFHT.20950101-21001231.nc ... done

================================================================================
Processing Member: LE2-1281.009
Destination: /data2/michsh/full_member_data/1281/009
================================================================================
Found 182 total historical and future files for this member.
  Downloading b.e21.BHISTcmip6.f09_g17.LE2-1281.009.cam.h1.TREFHTMX.18500101-18591231.nc ... done
  Downloading b.e21.BHISTcmip6.f09_g17.LE2-1281.009.cam.h1.TREFHTMX.18600101-18691231.nc ... done
  Downloading b.e21.BHISTcmip6.f09_g17.LE2-1281.009.cam.h1.TREFHTMX.18700101-18791231.nc ... done
  Downloading b.e21.BHISTcmip6.f09_g17.LE2-1281.009.cam.h1.TREFHTMX.18800101-18891231.nc ... done
  Downloading b.e21.BHISTcmip6.f09_g17.LE2-1281.009.cam.h1.TREFHTMX.18900101-18991231.nc ... done
  Downloading b.e21.BHISTcmip6.f09_g17.LE2-1281.009.cam.h1.TREFHTMX.19000101-19091231.nc ... done
  Downloading b.e21.BHISTcmip6.f09_g17.LE2-1281.009.cam.h1.TREFHTMX.19100101-19191231.nc ... done
  Downloading b.e21.BHISTcmip6.f09_g17.LE2-1281.009.cam.h1.TREFHTMX.19200101-19291231.nc ... done
  Downloading b.e21.BHISTcmip6.f09_g17.LE2-1281.009.cam.h1.TREFHTMX.19300101-19391231.nc ... done
  Downloading b.e21.BHISTcmip6.f09_g17.LE2-1281.009.cam.h1.TREFHTMX.19400101-19491231.nc ... done
  Downloading b.e21.BHISTcmip6.f09_g17.LE2-1281.009.cam.h1.TREFHTMX.19500101-19591231.nc ... done
  Downloading b.e21.BHISTcmip6.f09_g17.LE2-1281.009.cam.h1.TREFHTMX.19600101-19691231.nc ... done
  Downloading b.e21.BHISTcmip6.f09_g17.LE2-1281.009.cam.h1.TREFHTMX.19700101-19791231.nc ... done
  Downloading b.e21.BHISTcmip6.f09_g17.LE2-1281.009.cam.h1.TREFHTMX.19800101-19891231.nc ... done
  Downloading b.e21.BHISTcmip6.f09_g17.LE2-1281.009.cam.h1.TREFHTMX.19900101-19991231.nc ... done
  Downloading b.e21.BHISTcmip6.f09_g17.LE2-1281.009.cam.h1.TREFHTMX.20000101-20091231.nc ... done
  Downloading b.e21.BHISTcmip6.f09_g17.LE2-1281.009.cam.h1.TREFHTMX.20100101-20141231.nc ... done
  Downloading b.e21.BSSP370cmip6.f09_g17.LE2-1281.009.cam.h1.TREFHTMX.20150101-20241231.nc ... done
  Downloading b.e21.BSSP370cmip6.f09_g17.LE2-1281.009.cam.h1.TREFHTMX.20250101-20341231.nc ... done
  Downloading b.e21.BSSP370cmip6.f09_g17.LE2-1281.009.cam.h1.TREFHTMX.20350101-20441231.nc ... done
  Downloading b.e21.BSSP370cmip6.f09_g17.LE2-1281.009.cam.h1.TREFHTMX.20450101-20541231.nc ... done
  Downloading b.e21.BSSP370cmip6.f09_g17.LE2-1281.009.cam.h1.TREFHTMX.20550101-20641231.nc ... done
  Downloading b.e21.BSSP370cmip6.f09_g17.LE2-1281.009.cam.h1.TREFHTMX.20650101-20741231.nc ... done
  Downloading b.e21.BSSP370cmip6.f09_g17.LE2-1281.009.cam.h1.TREFHTMX.20750101-20841231.nc ... done
  Downloading b.e21.BSSP370cmip6.f09_g17.LE2-1281.009.cam.h1.TREFHTMX.20850101-20941231.nc ... done
  Downloading b.e21.BSSP370cmip6.f09_g17.LE2-1281.009.cam.h1.TREFHTMX.20950101-21001231.nc ... done
  Downloading b.e21.BHISTcmip6.f09_g17.LE2-1281.009.cam.h1.TREFHTMN.18500101-18591231.nc ... done
  Downloading b.e21.BHISTcmip6.f09_g17.LE2-1281.009.cam.h1.TREFHTMN.18600101-18691231.nc ... done
  Downloading b.e21.BHISTcmip6.f09_g17.LE2-1281.009.cam.h1.TREFHTMN.18700101-18791231.nc ... done
  Downloading b.e21.BHISTcmip6.f09_g17.LE2-1281.009.cam.h1.TREFHTMN.18800101-18891231.nc ... done
  Downloading b.e21.BHISTcmip6.f09_g17.LE2-1281.009.cam.h1.TREFHTMN.18900101-18991231.nc ... done
  Downloading b.e21.BHISTcmip6.f09_g17.LE2-1281.009.cam.h1.TREFHTMN.19000101-19091231.nc ... done
  Downloading b.e21.BHISTcmip6.f09_g17.LE2-1281.009.cam.h1.TREFHTMN.19100101-19191231.nc ... done
  Downloading b.e21.BHISTcmip6.f09_g17.LE2-1281.009.cam.h1.TREFHTMN.19200101-19291231.nc ... done
  Downloading b.e21.BHISTcmip6.f09_g17.LE2-1281.009.cam.h1.TREFHTMN.19300101-19391231.nc ... done
  Downloading b.e21.BHISTcmip6.f09_g17.LE2-1281.009.cam.h1.TREFHTMN.19400101-19491231.nc ... done
  Downloading b.e21.BHISTcmip6.f09_g17.LE2-1281.009.cam.h1.TREFHTMN.19500101-19591231.nc ... done
  Downloading b.e21.BHISTcmip6.f09_g17.LE2-1281.009.cam.h1.TREFHTMN.19600101-19691231.nc ... done
  Downloading b.e21.BHISTcmip6.f09_g17.LE2-1281.009.cam.h1.TREFHTMN.19700101-19791231.nc ... done
  Downloading b.e21.BHISTcmip6.f09_g17.LE2-1281.009.cam.h1.TREFHTMN.19800101-19891231.nc ... done
  Downloading b.e21.BHISTcmip6.f09_g17.LE2-1281.009.cam.h1.TREFHTMN.19900101-19991231.nc ... done
  Downloading b.e21.BHISTcmip6.f09_g17.LE2-1281.009.cam.h1.TREFHTMN.20000101-20091231.nc ... done
  Downloading b.e21.BHISTcmip6.f09_g17.LE2-1281.009.cam.h1.TREFHTMN.20100101-20141231.nc ... done
  Downloading b.e21.BSSP370cmip6.f09_g17.LE2-1281.009.cam.h1.TREFHTMN.20150101-20241231.nc ... done
  Downloading b.e21.BSSP370cmip6.f09_g17.LE2-1281.009.cam.h1.TREFHTMN.20250101-20341231.nc ... done
  Downloading b.e21.BSSP370cmip6.f09_g17.LE2-1281.009.cam.h1.TREFHTMN.20350101-20441231.nc ... done
  Downloading b.e21.BSSP370cmip6.f09_g17.LE2-1281.009.cam.h1.TREFHTMN.20450101-20541231.nc ... done
  Downloading b.e21.BSSP370cmip6.f09_g17.LE2-1281.009.cam.h1.TREFHTMN.20550101-20641231.nc ... done
  Downloading b.e21.BSSP370cmip6.f09_g17.LE2-1281.009.cam.h1.TREFHTMN.20650101-20741231.nc ... done
  Downloading b.e21.BSSP370cmip6.f09_g17.LE2-1281.009.cam.h1.TREFHTMN.20750101-20841231.nc ... done
  Downloading b.e21.BSSP370cmip6.f09_g17.LE2-1281.009.cam.h1.TREFHTMN.20850101-20941231.nc ... done
  Downloading b.e21.BSSP370cmip6.f09_g17.LE2-1281.009.cam.h1.TREFHTMN.20950101-21001231.nc ... done
  Downloading b.e21.BHISTcmip6.f09_g17.LE2-1281.009.cam.h1.FSNS.18500101-18591231.nc ... done
  Downloading b.e21.BHISTcmip6.f09_g17.LE2-1281.009.cam.h1.FSNS.18600101-18691231.nc ... done
  Downloading b.e21.BHISTcmip6.f09_g17.LE2-1281.009.cam.h1.FSNS.18700101-18791231.nc ... done
  Downloading b.e21.BHISTcmip6.f09_g17.LE2-1281.009.cam.h1.FSNS.18800101-18891231.nc ... done
  Downloading b.e21.BHISTcmip6.f09_g17.LE2-1281.009.cam.h1.FSNS.18900101-18991231.nc ... done
  Downloading b.e21.BHISTcmip6.f09_g17.LE2-1281.009.cam.h1.FSNS.19000101-19091231.nc ... done
  Downloading b.e21.BHISTcmip6.f09_g17.LE2-1281.009.cam.h1.FSNS.19100101-19191231.nc ... done
  Downloading b.e21.BHISTcmip6.f09_g17.LE2-1281.009.cam.h1.FSNS.19200101-19291231.nc ... done
  Downloading b.e21.BHISTcmip6.f09_g17.LE2-1281.009.cam.h1.FSNS.19300101-19391231.nc ... done
  Downloading b.e21.BHISTcmip6.f09_g17.LE2-1281.009.cam.h1.FSNS.19400101-19491231.nc ... done
  Downloading b.e21.BHISTcmip6.f09_g17.LE2-1281.009.cam.h1.FSNS.19500101-19591231.nc ... done
  Downloading b.e21.BHISTcmip6.f09_g17.LE2-1281.009.cam.h1.FSNS.19600101-19691231.nc ... done
  Downloading b.e21.BHISTcmip6.f09_g17.LE2-1281.009.cam.h1.FSNS.19700101-19791231.nc ... done
  Downloading b.e21.BHISTcmip6.f09_g17.LE2-1281.009.cam.h1.FSNS.19800101-19891231.nc ... done
  Downloading b.e21.BHISTcmip6.f09_g17.LE2-1281.009.cam.h1.FSNS.19900101-19991231.nc ... done
  Downloading b.e21.BHISTcmip6.f09_g17.LE2-1281.009.cam.h1.FSNS.20000101-20091231.nc ... done
  Downloading b.e21.BHISTcmip6.f09_g17.LE2-1281.009.cam.h1.FSNS.20100101-20141231.nc ... done
  Downloading b.e21.BSSP370cmip6.f09_g17.LE2-1281.009.cam.h1.FSNS.20150101-20241231.nc ... done
  Downloading b.e21.BSSP370cmip6.f09_g17.LE2-1281.009.cam.h1.FSNS.20250101-20341231.nc ... done
  Downloading b.e21.BSSP370cmip6.f09_g17.LE2-1281.009.cam.h1.FSNS.20350101-20441231.nc ... done
  Downloading b.e21.BSSP370cmip6.f09_g17.LE2-1281.009.cam.h1.FSNS.20450101-20541231.nc ... done
  Downloading b.e21.BSSP370cmip6.f09_g17.LE2-1281.009.cam.h1.FSNS.20550101-20641231.nc ... done
  Downloading b.e21.BSSP370cmip6.f09_g17.LE2-1281.009.cam.h1.FSNS.20650101-20741231.nc ... done
  Downloading b.e21.BSSP370cmip6.f09_g17.LE2-1281.009.cam.h1.FSNS.20750101-20841231.nc ... done
  Downloading b.e21.BSSP370cmip6.f09_g17.LE2-1281.009.cam.h1.FSNS.20850101-20941231.nc ... done
  Downloading b.e21.BSSP370cmip6.f09_g17.LE2-1281.009.cam.h1.FSNS.20950101-21001231.nc ... done
  Downloading b.e21.BHISTcmip6.f09_g17.LE2-1281.009.cam.h1.FLNS.18500101-18591231.nc ... done
  Downloading b.e21.BHISTcmip6.f09_g17.LE2-1281.009.cam.h1.FLNS.18600101-18691231.nc ... done
  Downloading b.e21.BHISTcmip6.f09_g17.LE2-1281.009.cam.h1.FLNS.18700101-18791231.nc ... done
  Downloading b.e21.BHISTcmip6.f09_g17.LE2-1281.009.cam.h1.FLNS.18800101-18891231.nc ... done
  Downloading b.e21.BHISTcmip6.f09_g17.LE2-1281.009.cam.h1.FLNS.18900101-18991231.nc ... done
  Downloading b.e21.BHISTcmip6.f09_g17.LE2-1281.009.cam.h1.FLNS.19000101-19091231.nc ... done
  Downloading b.e21.BHISTcmip6.f09_g17.LE2-1281.009.cam.h1.FLNS.19100101-19191231.nc ... done
  Downloading b.e21.BHISTcmip6.f09_g17.LE2-1281.009.cam.h1.FLNS.19200101-19291231.nc ... done
  Downloading b.e21.BHISTcmip6.f09_g17.LE2-1281.009.cam.h1.FLNS.19300101-19391231.nc ... done
  Downloading b.e21.BHISTcmip6.f09_g17.LE2-1281.009.cam.h1.FLNS.19400101-19491231.nc ... done
  Downloading b.e21.BHISTcmip6.f09_g17.LE2-1281.009.cam.h1.FLNS.19500101-19591231.nc ... done
  Downloading b.e21.BHISTcmip6.f09_g17.LE2-1281.009.cam.h1.FLNS.19600101-19691231.nc ... done
  Downloading b.e21.BHISTcmip6.f09_g17.LE2-1281.009.cam.h1.FLNS.19700101-19791231.nc ... done
  Downloading b.e21.BHISTcmip6.f09_g17.LE2-1281.009.cam.h1.FLNS.19800101-19891231.nc ... done
  Downloading b.e21.BHISTcmip6.f09_g17.LE2-1281.009.cam.h1.FLNS.19900101-19991231.nc ... done
  Downloading b.e21.BHISTcmip6.f09_g17.LE2-1281.009.cam.h1.FLNS.20000101-20091231.nc ... done
  Downloading b.e21.BHISTcmip6.f09_g17.LE2-1281.009.cam.h1.FLNS.20100101-20141231.nc ... done
  Downloading b.e21.BSSP370cmip6.f09_g17.LE2-1281.009.cam.h1.FLNS.20150101-20241231.nc ... done
  Downloading b.e21.BSSP370cmip6.f09_g17.LE2-1281.009.cam.h1.FLNS.20250101-20341231.nc ... done
  Downloading b.e21.BSSP370cmip6.f09_g17.LE2-1281.009.cam.h1.FLNS.20350101-20441231.nc ... done
  Downloading b.e21.BSSP370cmip6.f09_g17.LE2-1281.009.cam.h1.FLNS.20450101-20541231.nc ... done
  Downloading b.e21.BSSP370cmip6.f09_g17.LE2-1281.009.cam.h1.FLNS.20550101-20641231.nc ... done
  Downloading b.e21.BSSP370cmip6.f09_g17.LE2-1281.009.cam.h1.FLNS.20650101-20741231.nc ... done
  Downloading b.e21.BSSP370cmip6.f09_g17.LE2-1281.009.cam.h1.FLNS.20750101-20841231.nc ... done
  Downloading b.e21.BSSP370cmip6.f09_g17.LE2-1281.009.cam.h1.FLNS.20850101-20941231.nc ... done
  Downloading b.e21.BSSP370cmip6.f09_g17.LE2-1281.009.cam.h1.FLNS.20950101-21001231.nc ... done
  Downloading b.e21.BHISTcmip6.f09_g17.LE2-1281.009.cam.h1.PS.18500101-18591231.nc ... done
  Downloading b.e21.BHISTcmip6.f09_g17.LE2-1281.009.cam.h1.PS.18600101-18691231.nc ... done
  Downloading b.e21.BHISTcmip6.f09_g17.LE2-1281.009.cam.h1.PS.18700101-18791231.nc ... done
  Downloading b.e21.BHISTcmip6.f09_g17.LE2-1281.009.cam.h1.PS.18800101-18891231.nc ... done
  Downloading b.e21.BHISTcmip6.f09_g17.LE2-1281.009.cam.h1.PS.18900101-18991231.nc ... done
  Downloading b.e21.BHISTcmip6.f09_g17.LE2-1281.009.cam.h1.PS.19000101-19091231.nc ... done
  Downloading b.e21.BHISTcmip6.f09_g17.LE2-1281.009.cam.h1.PS.19100101-19191231.nc ... done
  Downloading b.e21.BHISTcmip6.f09_g17.LE2-1281.009.cam.h1.PS.19200101-19291231.nc ... done
  Downloading b.e21.BHISTcmip6.f09_g17.LE2-1281.009.cam.h1.PS.19300101-19391231.nc ... done
  Downloading b.e21.BHISTcmip6.f09_g17.LE2-1281.009.cam.h1.PS.19400101-19491231.nc ... done
  Downloading b.e21.BHISTcmip6.f09_g17.LE2-1281.009.cam.h1.PS.19500101-19591231.nc ... done
  Downloading b.e21.BHISTcmip6.f09_g17.LE2-1281.009.cam.h1.PS.19600101-19691231.nc ... done
  Downloading b.e21.BHISTcmip6.f09_g17.LE2-1281.009.cam.h1.PS.19700101-19791231.nc ... done
  Downloading b.e21.BHISTcmip6.f09_g17.LE2-1281.009.cam.h1.PS.19800101-19891231.nc ... done
  Downloading b.e21.BHISTcmip6.f09_g17.LE2-1281.009.cam.h1.PS.19900101-19991231.nc ... done
  Downloading b.e21.BHISTcmip6.f09_g17.LE2-1281.009.cam.h1.PS.20000101-20091231.nc ... done
  Downloading b.e21.BHISTcmip6.f09_g17.LE2-1281.009.cam.h1.PS.20100101-20141231.nc ... done
  Downloading b.e21.BSSP370cmip6.f09_g17.LE2-1281.009.cam.h1.PS.20150101-20241231.nc ... done
  Downloading b.e21.BSSP370cmip6.f09_g17.LE2-1281.009.cam.h1.PS.20250101-20341231.nc ... done
  Downloading b.e21.BSSP370cmip6.f09_g17.LE2-1281.009.cam.h1.PS.20350101-20441231.nc ... done
  Downloading b.e21.BSSP370cmip6.f09_g17.LE2-1281.009.cam.h1.PS.20450101-20541231.nc ... done
  Downloading b.e21.BSSP370cmip6.f09_g17.LE2-1281.009.cam.h1.PS.20550101-20641231.nc ... done
  Downloading b.e21.BSSP370cmip6.f09_g17.LE2-1281.009.cam.h1.PS.20650101-20741231.nc ... done
  Downloading b.e21.BSSP370cmip6.f09_g17.LE2-1281.009.cam.h1.PS.20750101-20841231.nc ... done
  Downloading b.e21.BSSP370cmip6.f09_g17.LE2-1281.009.cam.h1.PS.20850101-20941231.nc ... done
  Downloading b.e21.BSSP370cmip6.f09_g17.LE2-1281.009.cam.h1.PS.20950101-21001231.nc ... done
  Downloading b.e21.BHISTcmip6.f09_g17.LE2-1281.009.cam.h1.WSPDSRFAV.18500101-18591231.nc ... done
  Downloading b.e21.BHISTcmip6.f09_g17.LE2-1281.009.cam.h1.WSPDSRFAV.18600101-18691231.nc ... done
  Downloading b.e21.BHISTcmip6.f09_g17.LE2-1281.009.cam.h1.WSPDSRFAV.18700101-18791231.nc ... done
  Downloading b.e21.BHISTcmip6.f09_g17.LE2-1281.009.cam.h1.WSPDSRFAV.18800101-18891231.nc ... done
  Downloading b.e21.BHISTcmip6.f09_g17.LE2-1281.009.cam.h1.WSPDSRFAV.18900101-18991231.nc ... done
  Downloading b.e21.BHISTcmip6.f09_g17.LE2-1281.009.cam.h1.WSPDSRFAV.19000101-19091231.nc ... done
  Downloading b.e21.BHISTcmip6.f09_g17.LE2-1281.009.cam.h1.WSPDSRFAV.19100101-19191231.nc ... done
  Downloading b.e21.BHISTcmip6.f09_g17.LE2-1281.009.cam.h1.WSPDSRFAV.19200101-19291231.nc ... done
  Downloading b.e21.BHISTcmip6.f09_g17.LE2-1281.009.cam.h1.WSPDSRFAV.19300101-19391231.nc ... done
  Downloading b.e21.BHISTcmip6.f09_g17.LE2-1281.009.cam.h1.WSPDSRFAV.19400101-19491231.nc ... done
  Downloading b.e21.BHISTcmip6.f09_g17.LE2-1281.009.cam.h1.WSPDSRFAV.19500101-19591231.nc ... done
  Downloading b.e21.BHISTcmip6.f09_g17.LE2-1281.009.cam.h1.WSPDSRFAV.19600101-19691231.nc ... done
  Downloading b.e21.BHISTcmip6.f09_g17.LE2-1281.009.cam.h1.WSPDSRFAV.19700101-19791231.nc ... done
  Downloading b.e21.BHISTcmip6.f09_g17.LE2-1281.009.cam.h1.WSPDSRFAV.19800101-19891231.nc ... done
  Downloading b.e21.BHISTcmip6.f09_g17.LE2-1281.009.cam.h1.WSPDSRFAV.19900101-19991231.nc ... done
  Downloading b.e21.BHISTcmip6.f09_g17.LE2-1281.009.cam.h1.WSPDSRFAV.20000101-20091231.nc ... done
  Downloading b.e21.BHISTcmip6.f09_g17.LE2-1281.009.cam.h1.WSPDSRFAV.20100101-20141231.nc ... done
  Downloading b.e21.BSSP370cmip6.f09_g17.LE2-1281.009.cam.h1.WSPDSRFAV.20150101-20241231.nc ... done
  Downloading b.e21.BSSP370cmip6.f09_g17.LE2-1281.009.cam.h1.WSPDSRFAV.20250101-20341231.nc ... done
  Downloading b.e21.BSSP370cmip6.f09_g17.LE2-1281.009.cam.h1.WSPDSRFAV.20350101-20441231.nc ... done
  Downloading b.e21.BSSP370cmip6.f09_g17.LE2-1281.009.cam.h1.WSPDSRFAV.20450101-20541231.nc ... done
  Downloading b.e21.BSSP370cmip6.f09_g17.LE2-1281.009.cam.h1.WSPDSRFAV.20550101-20641231.nc ... done
  Downloading b.e21.BSSP370cmip6.f09_g17.LE2-1281.009.cam.h1.WSPDSRFAV.20650101-20741231.nc ... done
  Downloading b.e21.BSSP370cmip6.f09_g17.LE2-1281.009.cam.h1.WSPDSRFAV.20750101-20841231.nc ... done
  Downloading b.e21.BSSP370cmip6.f09_g17.LE2-1281.009.cam.h1.WSPDSRFAV.20850101-20941231.nc ... done
  Downloading b.e21.BSSP370cmip6.f09_g17.LE2-1281.009.cam.h1.WSPDSRFAV.20950101-21001231.nc ... done
  Downloading b.e21.BHISTcmip6.f09_g17.LE2-1281.009.cam.h1.QREFHT.18500101-18591231.nc ... done
  Downloading b.e21.BHISTcmip6.f09_g17.LE2-1281.009.cam.h1.QREFHT.18600101-18691231.nc ... done
  Downloading b.e21.BHISTcmip6.f09_g17.LE2-1281.009.cam.h1.QREFHT.18700101-18791231.nc ... done
  Downloading b.e21.BHISTcmip6.f09_g17.LE2-1281.009.cam.h1.QREFHT.18800101-18891231.nc ... done
  Downloading b.e21.BHISTcmip6.f09_g17.LE2-1281.009.cam.h1.QREFHT.18900101-18991231.nc ... done
  Downloading b.e21.BHISTcmip6.f09_g17.LE2-1281.009.cam.h1.QREFHT.19000101-19091231.nc ... done
  Downloading b.e21.BHISTcmip6.f09_g17.LE2-1281.009.cam.h1.QREFHT.19100101-19191231.nc ... done
  Downloading b.e21.BHISTcmip6.f09_g17.LE2-1281.009.cam.h1.QREFHT.19200101-19291231.nc ... done
  Downloading b.e21.BHISTcmip6.f09_g17.LE2-1281.009.cam.h1.QREFHT.19300101-19391231.nc ... done
  Downloading b.e21.BHISTcmip6.f09_g17.LE2-1281.009.cam.h1.QREFHT.19400101-19491231.nc ... done
  Downloading b.e21.BHISTcmip6.f09_g17.LE2-1281.009.cam.h1.QREFHT.19500101-19591231.nc ... done
  Downloading b.e21.BHISTcmip6.f09_g17.LE2-1281.009.cam.h1.QREFHT.19600101-19691231.nc ... done
  Downloading b.e21.BHISTcmip6.f09_g17.LE2-1281.009.cam.h1.QREFHT.19700101-19791231.nc ... done
  Downloading b.e21.BHISTcmip6.f09_g17.LE2-1281.009.cam.h1.QREFHT.19800101-19891231.nc ... done
  Downloading b.e21.BHISTcmip6.f09_g17.LE2-1281.009.cam.h1.QREFHT.19900101-19991231.nc ... done
  Downloading b.e21.BHISTcmip6.f09_g17.LE2-1281.009.cam.h1.QREFHT.20000101-20091231.nc ... done
  Downloading b.e21.BHISTcmip6.f09_g17.LE2-1281.009.cam.h1.QREFHT.20100101-20141231.nc ... done
  Downloading b.e21.BSSP370cmip6.f09_g17.LE2-1281.009.cam.h1.QREFHT.20150101-20241231.nc ... done
  Downloading b.e21.BSSP370cmip6.f09_g17.LE2-1281.009.cam.h1.QREFHT.20250101-20341231.nc ... done
  Downloading b.e21.BSSP370cmip6.f09_g17.LE2-1281.009.cam.h1.QREFHT.20350101-20441231.nc ... done
  Downloading b.e21.BSSP370cmip6.f09_g17.LE2-1281.009.cam.h1.QREFHT.20450101-20541231.nc ... done
  Downloading b.e21.BSSP370cmip6.f09_g17.LE2-1281.009.cam.h1.QREFHT.20550101-20641231.nc ... done
  Downloading b.e21.BSSP370cmip6.f09_g17.LE2-1281.009.cam.h1.QREFHT.20650101-20741231.nc ... done
  Downloading b.e21.BSSP370cmip6.f09_g17.LE2-1281.009.cam.h1.QREFHT.20750101-20841231.nc ... done
  Downloading b.e21.BSSP370cmip6.f09_g17.LE2-1281.009.cam.h1.QREFHT.20850101-20941231.nc ... done
  Downloading b.e21.BSSP370cmip6.f09_g17.LE2-1281.009.cam.h1.QREFHT.20950101-21001231.nc ... done

================================================================================
Processing Member: LE2-1281.010
Destination: /data2/michsh/full_member_data/1281/010
================================================================================
Found 182 total historical and future files for this member.
  Downloading b.e21.BHISTcmip6.f09_g17.LE2-1281.010.cam.h1.TREFHTMX.18500101-18591231.nc ... done
  Downloading b.e21.BHISTcmip6.f09_g17.LE2-1281.010.cam.h1.TREFHTMX.18600101-18691231.nc ... done
  Downloading b.e21.BHISTcmip6.f09_g17.LE2-1281.010.cam.h1.TREFHTMX.18700101-18791231.nc ... done
  Downloading b.e21.BHISTcmip6.f09_g17.LE2-1281.010.cam.h1.TREFHTMX.18800101-18891231.nc ... done
  Downloading b.e21.BHISTcmip6.f09_g17.LE2-1281.010.cam.h1.TREFHTMX.18900101-18991231.nc ... done
  Downloading b.e21.BHISTcmip6.f09_g17.LE2-1281.010.cam.h1.TREFHTMX.19000101-19091231.nc ... done
  Downloading b.e21.BHISTcmip6.f09_g17.LE2-1281.010.cam.h1.TREFHTMX.19100101-19191231.nc ... done
  Downloading b.e21.BHISTcmip6.f09_g17.LE2-1281.010.cam.h1.TREFHTMX.19200101-19291231.nc ... done
  Downloading b.e21.BHISTcmip6.f09_g17.LE2-1281.010.cam.h1.TREFHTMX.19300101-19391231.nc ... done
  Downloading b.e21.BHISTcmip6.f09_g17.LE2-1281.010.cam.h1.TREFHTMX.19400101-19491231.nc ... done
  Downloading b.e21.BHISTcmip6.f09_g17.LE2-1281.010.cam.h1.TREFHTMX.19500101-19591231.nc ... done
  Downloading b.e21.BHISTcmip6.f09_g17.LE2-1281.010.cam.h1.TREFHTMX.19600101-19691231.nc ... done
  Downloading b.e21.BHISTcmip6.f09_g17.LE2-1281.010.cam.h1.TREFHTMX.19700101-19791231.nc ... done
  Downloading b.e21.BHISTcmip6.f09_g17.LE2-1281.010.cam.h1.TREFHTMX.19800101-19891231.nc ... done
  Downloading b.e21.BHISTcmip6.f09_g17.LE2-1281.010.cam.h1.TREFHTMX.19900101-19991231.nc ... done
  Downloading b.e21.BHISTcmip6.f09_g17.LE2-1281.010.cam.h1.TREFHTMX.20000101-20091231.nc ... done
  Downloading b.e21.BHISTcmip6.f09_g17.LE2-1281.010.cam.h1.TREFHTMX.20100101-20141231.nc ... done
  Downloading b.e21.BSSP370cmip6.f09_g17.LE2-1281.010.cam.h1.TREFHTMX.20150101-20241231.nc ... done
  Downloading b.e21.BSSP370cmip6.f09_g17.LE2-1281.010.cam.h1.TREFHTMX.20250101-20341231.nc ... done
  Downloading b.e21.BSSP370cmip6.f09_g17.LE2-1281.010.cam.h1.TREFHTMX.20350101-20441231.nc ... done
  Downloading b.e21.BSSP370cmip6.f09_g17.LE2-1281.010.cam.h1.TREFHTMX.20450101-20541231.nc ... done
  Downloading b.e21.BSSP370cmip6.f09_g17.LE2-1281.010.cam.h1.TREFHTMX.20550101-20641231.nc ... done
  Downloading b.e21.BSSP370cmip6.f09_g17.LE2-1281.010.cam.h1.TREFHTMX.20650101-20741231.nc ... done
  Downloading b.e21.BSSP370cmip6.f09_g17.LE2-1281.010.cam.h1.TREFHTMX.20750101-20841231.nc ... done
  Downloading b.e21.BSSP370cmip6.f09_g17.LE2-1281.010.cam.h1.TREFHTMX.20850101-20941231.nc ... done
  Downloading b.e21.BSSP370cmip6.f09_g17.LE2-1281.010.cam.h1.TREFHTMX.20950101-21001231.nc ... done
  Downloading b.e21.BHISTcmip6.f09_g17.LE2-1281.010.cam.h1.TREFHTMN.18500101-18591231.nc ... done
  Downloading b.e21.BHISTcmip6.f09_g17.LE2-1281.010.cam.h1.TREFHTMN.18600101-18691231.nc ... done
  Downloading b.e21.BHISTcmip6.f09_g17.LE2-1281.010.cam.h1.TREFHTMN.18700101-18791231.nc ... done
  Downloading b.e21.BHISTcmip6.f09_g17.LE2-1281.010.cam.h1.TREFHTMN.18800101-18891231.nc ... done
  Downloading b.e21.BHISTcmip6.f09_g17.LE2-1281.010.cam.h1.TREFHTMN.18900101-18991231.nc ... done
  Downloading b.e21.BHISTcmip6.f09_g17.LE2-1281.010.cam.h1.TREFHTMN.19000101-19091231.nc ... done
  Downloading b.e21.BHISTcmip6.f09_g17.LE2-1281.010.cam.h1.TREFHTMN.19100101-19191231.nc ... done
  Downloading b.e21.BHISTcmip6.f09_g17.LE2-1281.010.cam.h1.TREFHTMN.19200101-19291231.nc ... done
  Downloading b.e21.BHISTcmip6.f09_g17.LE2-1281.010.cam.h1.TREFHTMN.19300101-19391231.nc ... done
  Downloading b.e21.BHISTcmip6.f09_g17.LE2-1281.010.cam.h1.TREFHTMN.19400101-19491231.nc ... done
  Downloading b.e21.BHISTcmip6.f09_g17.LE2-1281.010.cam.h1.TREFHTMN.19500101-19591231.nc ... done
  Downloading b.e21.BHISTcmip6.f09_g17.LE2-1281.010.cam.h1.TREFHTMN.19600101-19691231.nc ... done
  Downloading b.e21.BHISTcmip6.f09_g17.LE2-1281.010.cam.h1.TREFHTMN.19700101-19791231.nc ... done
  Downloading b.e21.BHISTcmip6.f09_g17.LE2-1281.010.cam.h1.TREFHTMN.19800101-19891231.nc ... done
  Downloading b.e21.BHISTcmip6.f09_g17.LE2-1281.010.cam.h1.TREFHTMN.19900101-19991231.nc ... done
  Downloading b.e21.BHISTcmip6.f09_g17.LE2-1281.010.cam.h1.TREFHTMN.20000101-20091231.nc ... done
  Downloading b.e21.BHISTcmip6.f09_g17.LE2-1281.010.cam.h1.TREFHTMN.20100101-20141231.nc ... done
  Downloading b.e21.BSSP370cmip6.f09_g17.LE2-1281.010.cam.h1.TREFHTMN.20150101-20241231.nc ... done
  Downloading b.e21.BSSP370cmip6.f09_g17.LE2-1281.010.cam.h1.TREFHTMN.20250101-20341231.nc ... done
  Downloading b.e21.BSSP370cmip6.f09_g17.LE2-1281.010.cam.h1.TREFHTMN.20350101-20441231.nc ... done
  Downloading b.e21.BSSP370cmip6.f09_g17.LE2-1281.010.cam.h1.TREFHTMN.20450101-20541231.nc ... done
  Downloading b.e21.BSSP370cmip6.f09_g17.LE2-1281.010.cam.h1.TREFHTMN.20550101-20641231.nc ... done
  Downloading b.e21.BSSP370cmip6.f09_g17.LE2-1281.010.cam.h1.TREFHTMN.20650101-20741231.nc ... done
  Downloading b.e21.BSSP370cmip6.f09_g17.LE2-1281.010.cam.h1.TREFHTMN.20750101-20841231.nc ... done
  Downloading b.e21.BSSP370cmip6.f09_g17.LE2-1281.010.cam.h1.TREFHTMN.20850101-20941231.nc ... done
  Downloading b.e21.BSSP370cmip6.f09_g17.LE2-1281.010.cam.h1.TREFHTMN.20950101-21001231.nc ... done
  Downloading b.e21.BHISTcmip6.f09_g17.LE2-1281.010.cam.h1.FSNS.18500101-18591231.nc ... done
  Downloading b.e21.BHISTcmip6.f09_g17.LE2-1281.010.cam.h1.FSNS.18600101-18691231.nc ... done
  Downloading b.e21.BHISTcmip6.f09_g17.LE2-1281.010.cam.h1.FSNS.18700101-18791231.nc ... done
  Downloading b.e21.BHISTcmip6.f09_g17.LE2-1281.010.cam.h1.FSNS.18800101-18891231.nc ... done
  Downloading b.e21.BHISTcmip6.f09_g17.LE2-1281.010.cam.h1.FSNS.18900101-18991231.nc ... done
  Downloading b.e21.BHISTcmip6.f09_g17.LE2-1281.010.cam.h1.FSNS.19000101-19091231.nc ... done
  Downloading b.e21.BHISTcmip6.f09_g17.LE2-1281.010.cam.h1.FSNS.19100101-19191231.nc ... done
  Downloading b.e21.BHISTcmip6.f09_g17.LE2-1281.010.cam.h1.FSNS.19200101-19291231.nc ... done
  Downloading b.e21.BHISTcmip6.f09_g17.LE2-1281.010.cam.h1.FSNS.19300101-19391231.nc ... done
  Downloading b.e21.BHISTcmip6.f09_g17.LE2-1281.010.cam.h1.FSNS.19400101-19491231.nc ... done
  Downloading b.e21.BHISTcmip6.f09_g17.LE2-1281.010.cam.h1.FSNS.19500101-19591231.nc ... done
  Downloading b.e21.BHISTcmip6.f09_g17.LE2-1281.010.cam.h1.FSNS.19600101-19691231.nc ... done
  Downloading b.e21.BHISTcmip6.f09_g17.LE2-1281.010.cam.h1.FSNS.19700101-19791231.nc ... done
  Downloading b.e21.BHISTcmip6.f09_g17.LE2-1281.010.cam.h1.FSNS.19800101-19891231.nc ... done
  Downloading b.e21.BHISTcmip6.f09_g17.LE2-1281.010.cam.h1.FSNS.19900101-19991231.nc ... done
  Downloading b.e21.BHISTcmip6.f09_g17.LE2-1281.010.cam.h1.FSNS.20000101-20091231.nc ... done
  Downloading b.e21.BHISTcmip6.f09_g17.LE2-1281.010.cam.h1.FSNS.20100101-20141231.nc ... done
  Downloading b.e21.BSSP370cmip6.f09_g17.LE2-1281.010.cam.h1.FSNS.20150101-20241231.nc ... done
  Downloading b.e21.BSSP370cmip6.f09_g17.LE2-1281.010.cam.h1.FSNS.20250101-20341231.nc ... done
  Downloading b.e21.BSSP370cmip6.f09_g17.LE2-1281.010.cam.h1.FSNS.20350101-20441231.nc ... done
  Downloading b.e21.BSSP370cmip6.f09_g17.LE2-1281.010.cam.h1.FSNS.20450101-20541231.nc ... done
  Downloading b.e21.BSSP370cmip6.f09_g17.LE2-1281.010.cam.h1.FSNS.20550101-20641231.nc ... done
  Downloading b.e21.BSSP370cmip6.f09_g17.LE2-1281.010.cam.h1.FSNS.20650101-20741231.nc ... done
  Downloading b.e21.BSSP370cmip6.f09_g17.LE2-1281.010.cam.h1.FSNS.20750101-20841231.nc ... done
  Downloading b.e21.BSSP370cmip6.f09_g17.LE2-1281.010.cam.h1.FSNS.20850101-20941231.nc ... done
  Downloading b.e21.BSSP370cmip6.f09_g17.LE2-1281.010.cam.h1.FSNS.20950101-21001231.nc ... done
  Downloading b.e21.BHISTcmip6.f09_g17.LE2-1281.010.cam.h1.FLNS.18500101-18591231.nc ... done
  Downloading b.e21.BHISTcmip6.f09_g17.LE2-1281.010.cam.h1.FLNS.18600101-18691231.nc ... done
  Downloading b.e21.BHISTcmip6.f09_g17.LE2-1281.010.cam.h1.FLNS.18700101-18791231.nc ... done
  Downloading b.e21.BHISTcmip6.f09_g17.LE2-1281.010.cam.h1.FLNS.18800101-18891231.nc ... done
  Downloading b.e21.BHISTcmip6.f09_g17.LE2-1281.010.cam.h1.FLNS.18900101-18991231.nc ... done
  Downloading b.e21.BHISTcmip6.f09_g17.LE2-1281.010.cam.h1.FLNS.19000101-19091231.nc ... done
  Downloading b.e21.BHISTcmip6.f09_g17.LE2-1281.010.cam.h1.FLNS.19100101-19191231.nc ... done
  Downloading b.e21.BHISTcmip6.f09_g17.LE2-1281.010.cam.h1.FLNS.19200101-19291231.nc ... done
  Downloading b.e21.BHISTcmip6.f09_g17.LE2-1281.010.cam.h1.FLNS.19300101-19391231.nc ... done
  Downloading b.e21.BHISTcmip6.f09_g17.LE2-1281.010.cam.h1.FLNS.19400101-19491231.nc ... done
  Downloading b.e21.BHISTcmip6.f09_g17.LE2-1281.010.cam.h1.FLNS.19500101-19591231.nc ... done
  Downloading b.e21.BHISTcmip6.f09_g17.LE2-1281.010.cam.h1.FLNS.19600101-19691231.nc ... done
  Downloading b.e21.BHISTcmip6.f09_g17.LE2-1281.010.cam.h1.FLNS.19700101-19791231.nc ... done
  Downloading b.e21.BHISTcmip6.f09_g17.LE2-1281.010.cam.h1.FLNS.19800101-19891231.nc ... done
  Downloading b.e21.BHISTcmip6.f09_g17.LE2-1281.010.cam.h1.FLNS.19900101-19991231.nc ... done
  Downloading b.e21.BHISTcmip6.f09_g17.LE2-1281.010.cam.h1.FLNS.20000101-20091231.nc ... done
  Downloading b.e21.BHISTcmip6.f09_g17.LE2-1281.010.cam.h1.FLNS.20100101-20141231.nc ... done
  Downloading b.e21.BSSP370cmip6.f09_g17.LE2-1281.010.cam.h1.FLNS.20150101-20241231.nc ... done
  Downloading b.e21.BSSP370cmip6.f09_g17.LE2-1281.010.cam.h1.FLNS.20250101-20341231.nc ... done
  Downloading b.e21.BSSP370cmip6.f09_g17.LE2-1281.010.cam.h1.FLNS.20350101-20441231.nc ... done
  Downloading b.e21.BSSP370cmip6.f09_g17.LE2-1281.010.cam.h1.FLNS.20450101-20541231.nc ... done
  Downloading b.e21.BSSP370cmip6.f09_g17.LE2-1281.010.cam.h1.FLNS.20550101-20641231.nc ... done
  Downloading b.e21.BSSP370cmip6.f09_g17.LE2-1281.010.cam.h1.FLNS.20650101-20741231.nc ... done
  Downloading b.e21.BSSP370cmip6.f09_g17.LE2-1281.010.cam.h1.FLNS.20750101-20841231.nc ... done
  Downloading b.e21.BSSP370cmip6.f09_g17.LE2-1281.010.cam.h1.FLNS.20850101-20941231.nc ... done
  Downloading b.e21.BSSP370cmip6.f09_g17.LE2-1281.010.cam.h1.FLNS.20950101-21001231.nc ... done
  Downloading b.e21.BHISTcmip6.f09_g17.LE2-1281.010.cam.h1.PS.18500101-18591231.nc ... done
  Downloading b.e21.BHISTcmip6.f09_g17.LE2-1281.010.cam.h1.PS.18600101-18691231.nc ... done
  Downloading b.e21.BHISTcmip6.f09_g17.LE2-1281.010.cam.h1.PS.18700101-18791231.nc ... done
  Downloading b.e21.BHISTcmip6.f09_g17.LE2-1281.010.cam.h1.PS.18800101-18891231.nc ... done
  Downloading b.e21.BHISTcmip6.f09_g17.LE2-1281.010.cam.h1.PS.18900101-18991231.nc ... done
  Downloading b.e21.BHISTcmip6.f09_g17.LE2-1281.010.cam.h1.PS.19000101-19091231.nc ... done
  Downloading b.e21.BHISTcmip6.f09_g17.LE2-1281.010.cam.h1.PS.19100101-19191231.nc ... done
  Downloading b.e21.BHISTcmip6.f09_g17.LE2-1281.010.cam.h1.PS.19200101-19291231.nc ... done
  Downloading b.e21.BHISTcmip6.f09_g17.LE2-1281.010.cam.h1.PS.19300101-19391231.nc ... done
  Downloading b.e21.BHISTcmip6.f09_g17.LE2-1281.010.cam.h1.PS.19400101-19491231.nc ... done
  Downloading b.e21.BHISTcmip6.f09_g17.LE2-1281.010.cam.h1.PS.19500101-19591231.nc ... done
  Downloading b.e21.BHISTcmip6.f09_g17.LE2-1281.010.cam.h1.PS.19600101-19691231.nc ... done
  Downloading b.e21.BHISTcmip6.f09_g17.LE2-1281.010.cam.h1.PS.19700101-19791231.nc ... done
  Downloading b.e21.BHISTcmip6.f09_g17.LE2-1281.010.cam.h1.PS.19800101-19891231.nc ... done
  Downloading b.e21.BHISTcmip6.f09_g17.LE2-1281.010.cam.h1.PS.19900101-19991231.nc ... done
  Downloading b.e21.BHISTcmip6.f09_g17.LE2-1281.010.cam.h1.PS.20000101-20091231.nc ... done
  Downloading b.e21.BHISTcmip6.f09_g17.LE2-1281.010.cam.h1.PS.20100101-20141231.nc ... done
  Downloading b.e21.BSSP370cmip6.f09_g17.LE2-1281.010.cam.h1.PS.20150101-20241231.nc ... done
  Downloading b.e21.BSSP370cmip6.f09_g17.LE2-1281.010.cam.h1.PS.20250101-20341231.nc ... done
  Downloading b.e21.BSSP370cmip6.f09_g17.LE2-1281.010.cam.h1.PS.20350101-20441231.nc ... done
  Downloading b.e21.BSSP370cmip6.f09_g17.LE2-1281.010.cam.h1.PS.20450101-20541231.nc ... done
  Downloading b.e21.BSSP370cmip6.f09_g17.LE2-1281.010.cam.h1.PS.20550101-20641231.nc ... done
  Downloading b.e21.BSSP370cmip6.f09_g17.LE2-1281.010.cam.h1.PS.20650101-20741231.nc ... done
  Downloading b.e21.BSSP370cmip6.f09_g17.LE2-1281.010.cam.h1.PS.20750101-20841231.nc ... done
  Downloading b.e21.BSSP370cmip6.f09_g17.LE2-1281.010.cam.h1.PS.20850101-20941231.nc ... done
  Downloading b.e21.BSSP370cmip6.f09_g17.LE2-1281.010.cam.h1.PS.20950101-21001231.nc ... done
  Downloading b.e21.BHISTcmip6.f09_g17.LE2-1281.010.cam.h1.WSPDSRFAV.18500101-18591231.nc ... done
  Downloading b.e21.BHISTcmip6.f09_g17.LE2-1281.010.cam.h1.WSPDSRFAV.18600101-18691231.nc ... done
  Downloading b.e21.BHISTcmip6.f09_g17.LE2-1281.010.cam.h1.WSPDSRFAV.18700101-18791231.nc ... done
  Downloading b.e21.BHISTcmip6.f09_g17.LE2-1281.010.cam.h1.WSPDSRFAV.18800101-18891231.nc ... done
  Downloading b.e21.BHISTcmip6.f09_g17.LE2-1281.010.cam.h1.WSPDSRFAV.18900101-18991231.nc ... done
  Downloading b.e21.BHISTcmip6.f09_g17.LE2-1281.010.cam.h1.WSPDSRFAV.19000101-19091231.nc ... done
  Downloading b.e21.BHISTcmip6.f09_g17.LE2-1281.010.cam.h1.WSPDSRFAV.19100101-19191231.nc ... done
  Downloading b.e21.BHISTcmip6.f09_g17.LE2-1281.010.cam.h1.WSPDSRFAV.19200101-19291231.nc ... done
  Downloading b.e21.BHISTcmip6.f09_g17.LE2-1281.010.cam.h1.WSPDSRFAV.19300101-19391231.nc ... done
  Downloading b.e21.BHISTcmip6.f09_g17.LE2-1281.010.cam.h1.WSPDSRFAV.19400101-19491231.nc ... done
  Downloading b.e21.BHISTcmip6.f09_g17.LE2-1281.010.cam.h1.WSPDSRFAV.19500101-19591231.nc ... done
  Downloading b.e21.BHISTcmip6.f09_g17.LE2-1281.010.cam.h1.WSPDSRFAV.19600101-19691231.nc ... done
  Downloading b.e21.BHISTcmip6.f09_g17.LE2-1281.010.cam.h1.WSPDSRFAV.19700101-19791231.nc ... done
  Downloading b.e21.BHISTcmip6.f09_g17.LE2-1281.010.cam.h1.WSPDSRFAV.19800101-19891231.nc ... done
  Downloading b.e21.BHISTcmip6.f09_g17.LE2-1281.010.cam.h1.WSPDSRFAV.19900101-19991231.nc ... done
  Downloading b.e21.BHISTcmip6.f09_g17.LE2-1281.010.cam.h1.WSPDSRFAV.20000101-20091231.nc ... done
  Downloading b.e21.BHISTcmip6.f09_g17.LE2-1281.010.cam.h1.WSPDSRFAV.20100101-20141231.nc ... done
  Downloading b.e21.BSSP370cmip6.f09_g17.LE2-1281.010.cam.h1.WSPDSRFAV.20150101-20241231.nc ... done
  Downloading b.e21.BSSP370cmip6.f09_g17.LE2-1281.010.cam.h1.WSPDSRFAV.20250101-20341231.nc ... done
  Downloading b.e21.BSSP370cmip6.f09_g17.LE2-1281.010.cam.h1.WSPDSRFAV.20350101-20441231.nc ... done
  Downloading b.e21.BSSP370cmip6.f09_g17.LE2-1281.010.cam.h1.WSPDSRFAV.20450101-20541231.nc ... done
  Downloading b.e21.BSSP370cmip6.f09_g17.LE2-1281.010.cam.h1.WSPDSRFAV.20550101-20641231.nc ... done
  Downloading b.e21.BSSP370cmip6.f09_g17.LE2-1281.010.cam.h1.WSPDSRFAV.20650101-20741231.nc ... done
  Downloading b.e21.BSSP370cmip6.f09_g17.LE2-1281.010.cam.h1.WSPDSRFAV.20750101-20841231.nc ... done
  Downloading b.e21.BSSP370cmip6.f09_g17.LE2-1281.010.cam.h1.WSPDSRFAV.20850101-20941231.nc ... done
  Downloading b.e21.BSSP370cmip6.f09_g17.LE2-1281.010.cam.h1.WSPDSRFAV.20950101-21001231.nc ... done
  Downloading b.e21.BHISTcmip6.f09_g17.LE2-1281.010.cam.h1.QREFHT.18500101-18591231.nc ... done
  Downloading b.e21.BHISTcmip6.f09_g17.LE2-1281.010.cam.h1.QREFHT.18600101-18691231.nc ... done
  Downloading b.e21.BHISTcmip6.f09_g17.LE2-1281.010.cam.h1.QREFHT.18700101-18791231.nc ... done
  Downloading b.e21.BHISTcmip6.f09_g17.LE2-1281.010.cam.h1.QREFHT.18800101-18891231.nc ... done
  Downloading b.e21.BHISTcmip6.f09_g17.LE2-1281.010.cam.h1.QREFHT.18900101-18991231.nc ... done
  Downloading b.e21.BHISTcmip6.f09_g17.LE2-1281.010.cam.h1.QREFHT.19000101-19091231.nc ... done
  Downloading b.e21.BHISTcmip6.f09_g17.LE2-1281.010.cam.h1.QREFHT.19100101-19191231.nc ... done
  Downloading b.e21.BHISTcmip6.f09_g17.LE2-1281.010.cam.h1.QREFHT.19200101-19291231.nc ... done
  Downloading b.e21.BHISTcmip6.f09_g17.LE2-1281.010.cam.h1.QREFHT.19300101-19391231.nc ... done
  Downloading b.e21.BHISTcmip6.f09_g17.LE2-1281.010.cam.h1.QREFHT.19400101-19491231.nc ... done
  Downloading b.e21.BHISTcmip6.f09_g17.LE2-1281.010.cam.h1.QREFHT.19500101-19591231.nc ... done
  Downloading b.e21.BHISTcmip6.f09_g17.LE2-1281.010.cam.h1.QREFHT.19600101-19691231.nc ... done
  Downloading b.e21.BHISTcmip6.f09_g17.LE2-1281.010.cam.h1.QREFHT.19700101-19791231.nc ... done
  Downloading b.e21.BHISTcmip6.f09_g17.LE2-1281.010.cam.h1.QREFHT.19800101-19891231.nc ... done
  Downloading b.e21.BHISTcmip6.f09_g17.LE2-1281.010.cam.h1.QREFHT.19900101-19991231.nc ... done
  Downloading b.e21.BHISTcmip6.f09_g17.LE2-1281.010.cam.h1.QREFHT.20000101-20091231.nc ... done
  Downloading b.e21.BHISTcmip6.f09_g17.LE2-1281.010.cam.h1.QREFHT.20100101-20141231.nc ... done
  Downloading b.e21.BSSP370cmip6.f09_g17.LE2-1281.010.cam.h1.QREFHT.20150101-20241231.nc ... done
  Downloading b.e21.BSSP370cmip6.f09_g17.LE2-1281.010.cam.h1.QREFHT.20250101-20341231.nc ... done
  Downloading b.e21.BSSP370cmip6.f09_g17.LE2-1281.010.cam.h1.QREFHT.20350101-20441231.nc ... done
  Downloading b.e21.BSSP370cmip6.f09_g17.LE2-1281.010.cam.h1.QREFHT.20450101-20541231.nc ... done
  Downloading b.e21.BSSP370cmip6.f09_g17.LE2-1281.010.cam.h1.QREFHT.20550101-20641231.nc ... done
  Downloading b.e21.BSSP370cmip6.f09_g17.LE2-1281.010.cam.h1.QREFHT.20650101-20741231.nc ... done
  Downloading b.e21.BSSP370cmip6.f09_g17.LE2-1281.010.cam.h1.QREFHT.20750101-20841231.nc ... done
  Downloading b.e21.BSSP370cmip6.f09_g17.LE2-1281.010.cam.h1.QREFHT.20850101-20941231.nc ... done
  Downloading b.e21.BSSP370cmip6.f09_g17.LE2-1281.010.cam.h1.QREFHT.20950101-21001231.nc ... done

================================================================================
Processing Member: LE2-1281.011
Destination: /data2/michsh/full_member_data/1281/011
================================================================================
Found 182 total historical and future files for this member.
  Downloading b.e21.BHISTsmbb.f09_g17.LE2-1281.011.cam.h1.TREFHTMX.18500101-18591231.nc ... done
  Downloading b.e21.BHISTsmbb.f09_g17.LE2-1281.011.cam.h1.TREFHTMX.18600101-18691231.nc ... done
  Downloading b.e21.BHISTsmbb.f09_g17.LE2-1281.011.cam.h1.TREFHTMX.18700101-18791231.nc ... done
  Downloading b.e21.BHISTsmbb.f09_g17.LE2-1281.011.cam.h1.TREFHTMX.18800101-18891231.nc ... done
  Downloading b.e21.BHISTsmbb.f09_g17.LE2-1281.011.cam.h1.TREFHTMX.18900101-18991231.nc ... done
  Downloading b.e21.BHISTsmbb.f09_g17.LE2-1281.011.cam.h1.TREFHTMX.19000101-19091231.nc ... done
  Downloading b.e21.BHISTsmbb.f09_g17.LE2-1281.011.cam.h1.TREFHTMX.19100101-19191231.nc ... done
  Downloading b.e21.BHISTsmbb.f09_g17.LE2-1281.011.cam.h1.TREFHTMX.19200101-19291231.nc ... done
  Downloading b.e21.BHISTsmbb.f09_g17.LE2-1281.011.cam.h1.TREFHTMX.19300101-19391231.nc ... done
  Downloading b.e21.BHISTsmbb.f09_g17.LE2-1281.011.cam.h1.TREFHTMX.19400101-19491231.nc ... done
  Downloading b.e21.BHISTsmbb.f09_g17.LE2-1281.011.cam.h1.TREFHTMX.19500101-19591231.nc ... done
  Downloading b.e21.BHISTsmbb.f09_g17.LE2-1281.011.cam.h1.TREFHTMX.19600101-19691231.nc ... done
  Downloading b.e21.BHISTsmbb.f09_g17.LE2-1281.011.cam.h1.TREFHTMX.19700101-19791231.nc ... done
  Downloading b.e21.BHISTsmbb.f09_g17.LE2-1281.011.cam.h1.TREFHTMX.19800101-19891231.nc ... done
  Downloading b.e21.BHISTsmbb.f09_g17.LE2-1281.011.cam.h1.TREFHTMX.19900101-19991231.nc ... done
  Downloading b.e21.BHISTsmbb.f09_g17.LE2-1281.011.cam.h1.TREFHTMX.20000101-20091231.nc ... done
  Downloading b.e21.BHISTsmbb.f09_g17.LE2-1281.011.cam.h1.TREFHTMX.20100101-20141231.nc ... done
  Downloading b.e21.BSSP370smbb.f09_g17.LE2-1281.011.cam.h1.TREFHTMX.20150101-20241231.nc ... done
  Downloading b.e21.BSSP370smbb.f09_g17.LE2-1281.011.cam.h1.TREFHTMX.20250101-20341231.nc ... done
  Downloading b.e21.BSSP370smbb.f09_g17.LE2-1281.011.cam.h1.TREFHTMX.20350101-20441231.nc ... done
  Downloading b.e21.BSSP370smbb.f09_g17.LE2-1281.011.cam.h1.TREFHTMX.20450101-20541231.nc ... done
  Downloading b.e21.BSSP370smbb.f09_g17.LE2-1281.011.cam.h1.TREFHTMX.20550101-20641231.nc ... done
  Downloading b.e21.BSSP370smbb.f09_g17.LE2-1281.011.cam.h1.TREFHTMX.20650101-20741231.nc ... done
  Downloading b.e21.BSSP370smbb.f09_g17.LE2-1281.011.cam.h1.TREFHTMX.20750101-20841231.nc ... done
  Downloading b.e21.BSSP370smbb.f09_g17.LE2-1281.011.cam.h1.TREFHTMX.20850101-20941231.nc ... done
  Downloading b.e21.BSSP370smbb.f09_g17.LE2-1281.011.cam.h1.TREFHTMX.20950101-21001231.nc ... done
  Downloading b.e21.BHISTsmbb.f09_g17.LE2-1281.011.cam.h1.TREFHTMN.18500101-18591231.nc ... done
  Downloading b.e21.BHISTsmbb.f09_g17.LE2-1281.011.cam.h1.TREFHTMN.18600101-18691231.nc ... done
  Downloading b.e21.BHISTsmbb.f09_g17.LE2-1281.011.cam.h1.TREFHTMN.18700101-18791231.nc ... done
  Downloading b.e21.BHISTsmbb.f09_g17.LE2-1281.011.cam.h1.TREFHTMN.18800101-18891231.nc ... done
  Downloading b.e21.BHISTsmbb.f09_g17.LE2-1281.011.cam.h1.TREFHTMN.18900101-18991231.nc ... done
  Downloading b.e21.BHISTsmbb.f09_g17.LE2-1281.011.cam.h1.TREFHTMN.19000101-19091231.nc ... done
  Downloading b.e21.BHISTsmbb.f09_g17.LE2-1281.011.cam.h1.TREFHTMN.19100101-19191231.nc ... done
  Downloading b.e21.BHISTsmbb.f09_g17.LE2-1281.011.cam.h1.TREFHTMN.19200101-19291231.nc ... done
  Downloading b.e21.BHISTsmbb.f09_g17.LE2-1281.011.cam.h1.TREFHTMN.19300101-19391231.nc ... done
  Downloading b.e21.BHISTsmbb.f09_g17.LE2-1281.011.cam.h1.TREFHTMN.19400101-19491231.nc ... done
  Downloading b.e21.BHISTsmbb.f09_g17.LE2-1281.011.cam.h1.TREFHTMN.19500101-19591231.nc ... done
  Downloading b.e21.BHISTsmbb.f09_g17.LE2-1281.011.cam.h1.TREFHTMN.19600101-19691231.nc ... done
  Downloading b.e21.BHISTsmbb.f09_g17.LE2-1281.011.cam.h1.TREFHTMN.19700101-19791231.nc ... done
  Downloading b.e21.BHISTsmbb.f09_g17.LE2-1281.011.cam.h1.TREFHTMN.19800101-19891231.nc ... done
  Downloading b.e21.BHISTsmbb.f09_g17.LE2-1281.011.cam.h1.TREFHTMN.19900101-19991231.nc ... done
  Downloading b.e21.BHISTsmbb.f09_g17.LE2-1281.011.cam.h1.TREFHTMN.20000101-20091231.nc ... done
  Downloading b.e21.BHISTsmbb.f09_g17.LE2-1281.011.cam.h1.TREFHTMN.20100101-20141231.nc ... done
  Downloading b.e21.BSSP370smbb.f09_g17.LE2-1281.011.cam.h1.TREFHTMN.20150101-20241231.nc ... done
  Downloading b.e21.BSSP370smbb.f09_g17.LE2-1281.011.cam.h1.TREFHTMN.20250101-20341231.nc ... done
  Downloading b.e21.BSSP370smbb.f09_g17.LE2-1281.011.cam.h1.TREFHTMN.20350101-20441231.nc ... done
  Downloading b.e21.BSSP370smbb.f09_g17.LE2-1281.011.cam.h1.TREFHTMN.20450101-20541231.nc ... done
  Downloading b.e21.BSSP370smbb.f09_g17.LE2-1281.011.cam.h1.TREFHTMN.20550101-20641231.nc ... done
  Downloading b.e21.BSSP370smbb.f09_g17.LE2-1281.011.cam.h1.TREFHTMN.20650101-20741231.nc ... done
  Downloading b.e21.BSSP370smbb.f09_g17.LE2-1281.011.cam.h1.TREFHTMN.20750101-20841231.nc ... done
  Downloading b.e21.BSSP370smbb.f09_g17.LE2-1281.011.cam.h1.TREFHTMN.20850101-20941231.nc ... done
  Downloading b.e21.BSSP370smbb.f09_g17.LE2-1281.011.cam.h1.TREFHTMN.20950101-21001231.nc ... done
  Downloading b.e21.BHISTsmbb.f09_g17.LE2-1281.011.cam.h1.FSNS.18500101-18591231.nc ... done
  Downloading b.e21.BHISTsmbb.f09_g17.LE2-1281.011.cam.h1.FSNS.18600101-18691231.nc ... done
  Downloading b.e21.BHISTsmbb.f09_g17.LE2-1281.011.cam.h1.FSNS.18700101-18791231.nc ... done
  Downloading b.e21.BHISTsmbb.f09_g17.LE2-1281.011.cam.h1.FSNS.18800101-18891231.nc ... done
  Downloading b.e21.BHISTsmbb.f09_g17.LE2-1281.011.cam.h1.FSNS.18900101-18991231.nc ... done
  Downloading b.e21.BHISTsmbb.f09_g17.LE2-1281.011.cam.h1.FSNS.19000101-19091231.nc ... done
  Downloading b.e21.BHISTsmbb.f09_g17.LE2-1281.011.cam.h1.FSNS.19100101-19191231.nc ... done
  Downloading b.e21.BHISTsmbb.f09_g17.LE2-1281.011.cam.h1.FSNS.19200101-19291231.nc ... done
  Downloading b.e21.BHISTsmbb.f09_g17.LE2-1281.011.cam.h1.FSNS.19300101-19391231.nc ... done
  Downloading b.e21.BHISTsmbb.f09_g17.LE2-1281.011.cam.h1.FSNS.19400101-19491231.nc ... done
  Downloading b.e21.BHISTsmbb.f09_g17.LE2-1281.011.cam.h1.FSNS.19500101-19591231.nc ... done
  Downloading b.e21.BHISTsmbb.f09_g17.LE2-1281.011.cam.h1.FSNS.19600101-19691231.nc ... done
  Downloading b.e21.BHISTsmbb.f09_g17.LE2-1281.011.cam.h1.FSNS.19700101-19791231.nc ... done
  Downloading b.e21.BHISTsmbb.f09_g17.LE2-1281.011.cam.h1.FSNS.19800101-19891231.nc ... done
  Downloading b.e21.BHISTsmbb.f09_g17.LE2-1281.011.cam.h1.FSNS.19900101-19991231.nc ... done
  Downloading b.e21.BHISTsmbb.f09_g17.LE2-1281.011.cam.h1.FSNS.20000101-20091231.nc ... done
  Downloading b.e21.BHISTsmbb.f09_g17.LE2-1281.011.cam.h1.FSNS.20100101-20141231.nc ... done
  Downloading b.e21.BSSP370smbb.f09_g17.LE2-1281.011.cam.h1.FSNS.20150101-20241231.nc ... done
  Downloading b.e21.BSSP370smbb.f09_g17.LE2-1281.011.cam.h1.FSNS.20250101-20341231.nc ... done
  Downloading b.e21.BSSP370smbb.f09_g17.LE2-1281.011.cam.h1.FSNS.20350101-20441231.nc ... done
  Downloading b.e21.BSSP370smbb.f09_g17.LE2-1281.011.cam.h1.FSNS.20450101-20541231.nc ... done
  Downloading b.e21.BSSP370smbb.f09_g17.LE2-1281.011.cam.h1.FSNS.20550101-20641231.nc ... done
  Downloading b.e21.BSSP370smbb.f09_g17.LE2-1281.011.cam.h1.FSNS.20650101-20741231.nc ... done
  Downloading b.e21.BSSP370smbb.f09_g17.LE2-1281.011.cam.h1.FSNS.20750101-20841231.nc ... done
  Downloading b.e21.BSSP370smbb.f09_g17.LE2-1281.011.cam.h1.FSNS.20850101-20941231.nc ... done
  Downloading b.e21.BSSP370smbb.f09_g17.LE2-1281.011.cam.h1.FSNS.20950101-21001231.nc ... done
  Downloading b.e21.BHISTsmbb.f09_g17.LE2-1281.011.cam.h1.FLNS.18500101-18591231.nc ... done
  Downloading b.e21.BHISTsmbb.f09_g17.LE2-1281.011.cam.h1.FLNS.18600101-18691231.nc ... done
  Downloading b.e21.BHISTsmbb.f09_g17.LE2-1281.011.cam.h1.FLNS.18700101-18791231.nc ... done
  Downloading b.e21.BHISTsmbb.f09_g17.LE2-1281.011.cam.h1.FLNS.18800101-18891231.nc ... done
  Downloading b.e21.BHISTsmbb.f09_g17.LE2-1281.011.cam.h1.FLNS.18900101-18991231.nc ... done
  Downloading b.e21.BHISTsmbb.f09_g17.LE2-1281.011.cam.h1.FLNS.19000101-19091231.nc ... done
  Downloading b.e21.BHISTsmbb.f09_g17.LE2-1281.011.cam.h1.FLNS.19100101-19191231.nc ... done
  Downloading b.e21.BHISTsmbb.f09_g17.LE2-1281.011.cam.h1.FLNS.19200101-19291231.nc ... done
  Downloading b.e21.BHISTsmbb.f09_g17.LE2-1281.011.cam.h1.FLNS.19300101-19391231.nc ... done
  Downloading b.e21.BHISTsmbb.f09_g17.LE2-1281.011.cam.h1.FLNS.19400101-19491231.nc ... done
  Downloading b.e21.BHISTsmbb.f09_g17.LE2-1281.011.cam.h1.FLNS.19500101-19591231.nc ... done
  Downloading b.e21.BHISTsmbb.f09_g17.LE2-1281.011.cam.h1.FLNS.19600101-19691231.nc ... done
  Downloading b.e21.BHISTsmbb.f09_g17.LE2-1281.011.cam.h1.FLNS.19700101-19791231.nc ... done
  Downloading b.e21.BHISTsmbb.f09_g17.LE2-1281.011.cam.h1.FLNS.19800101-19891231.nc ... done
  Downloading b.e21.BHISTsmbb.f09_g17.LE2-1281.011.cam.h1.FLNS.19900101-19991231.nc ... done
  Downloading b.e21.BHISTsmbb.f09_g17.LE2-1281.011.cam.h1.FLNS.20000101-20091231.nc ... done
  Downloading b.e21.BHISTsmbb.f09_g17.LE2-1281.011.cam.h1.FLNS.20100101-20141231.nc ... done
  Downloading b.e21.BSSP370smbb.f09_g17.LE2-1281.011.cam.h1.FLNS.20150101-20241231.nc ... done
  Downloading b.e21.BSSP370smbb.f09_g17.LE2-1281.011.cam.h1.FLNS.20250101-20341231.nc ... done
  Downloading b.e21.BSSP370smbb.f09_g17.LE2-1281.011.cam.h1.FLNS.20350101-20441231.nc ... done
  Downloading b.e21.BSSP370smbb.f09_g17.LE2-1281.011.cam.h1.FLNS.20450101-20541231.nc ... done
  Downloading b.e21.BSSP370smbb.f09_g17.LE2-1281.011.cam.h1.FLNS.20550101-20641231.nc ... done
  Downloading b.e21.BSSP370smbb.f09_g17.LE2-1281.011.cam.h1.FLNS.20650101-20741231.nc ... done
  Downloading b.e21.BSSP370smbb.f09_g17.LE2-1281.011.cam.h1.FLNS.20750101-20841231.nc ... done
  Downloading b.e21.BSSP370smbb.f09_g17.LE2-1281.011.cam.h1.FLNS.20850101-20941231.nc ... done
  Downloading b.e21.BSSP370smbb.f09_g17.LE2-1281.011.cam.h1.FLNS.20950101-21001231.nc ... done
  Downloading b.e21.BHISTsmbb.f09_g17.LE2-1281.011.cam.h1.PS.18500101-18591231.nc ... done
  Downloading b.e21.BHISTsmbb.f09_g17.LE2-1281.011.cam.h1.PS.18600101-18691231.nc ... done
  Downloading b.e21.BHISTsmbb.f09_g17.LE2-1281.011.cam.h1.PS.18700101-18791231.nc ... done
  Downloading b.e21.BHISTsmbb.f09_g17.LE2-1281.011.cam.h1.PS.18800101-18891231.nc ... done
  Downloading b.e21.BHISTsmbb.f09_g17.LE2-1281.011.cam.h1.PS.18900101-18991231.nc ... done
  Downloading b.e21.BHISTsmbb.f09_g17.LE2-1281.011.cam.h1.PS.19000101-19091231.nc ... done
  Downloading b.e21.BHISTsmbb.f09_g17.LE2-1281.011.cam.h1.PS.19100101-19191231.nc ... done
  Downloading b.e21.BHISTsmbb.f09_g17.LE2-1281.011.cam.h1.PS.19200101-19291231.nc ... done
  Downloading b.e21.BHISTsmbb.f09_g17.LE2-1281.011.cam.h1.PS.19300101-19391231.nc ... done
  Downloading b.e21.BHISTsmbb.f09_g17.LE2-1281.011.cam.h1.PS.19400101-19491231.nc ... done
  Downloading b.e21.BHISTsmbb.f09_g17.LE2-1281.011.cam.h1.PS.19500101-19591231.nc ... done
  Downloading b.e21.BHISTsmbb.f09_g17.LE2-1281.011.cam.h1.PS.19600101-19691231.nc ... done
  Downloading b.e21.BHISTsmbb.f09_g17.LE2-1281.011.cam.h1.PS.19700101-19791231.nc ... done
  Downloading b.e21.BHISTsmbb.f09_g17.LE2-1281.011.cam.h1.PS.19800101-19891231.nc ... done
  Downloading b.e21.BHISTsmbb.f09_g17.LE2-1281.011.cam.h1.PS.19900101-19991231.nc ... done
  Downloading b.e21.BHISTsmbb.f09_g17.LE2-1281.011.cam.h1.PS.20000101-20091231.nc ... done
  Downloading b.e21.BHISTsmbb.f09_g17.LE2-1281.011.cam.h1.PS.20100101-20141231.nc ... done
  Downloading b.e21.BSSP370smbb.f09_g17.LE2-1281.011.cam.h1.PS.20150101-20241231.nc ... done
  Downloading b.e21.BSSP370smbb.f09_g17.LE2-1281.011.cam.h1.PS.20250101-20341231.nc ... done
  Downloading b.e21.BSSP370smbb.f09_g17.LE2-1281.011.cam.h1.PS.20350101-20441231.nc ... done
  Downloading b.e21.BSSP370smbb.f09_g17.LE2-1281.011.cam.h1.PS.20450101-20541231.nc ... done
  Downloading b.e21.BSSP370smbb.f09_g17.LE2-1281.011.cam.h1.PS.20550101-20641231.nc ... done
  Downloading b.e21.BSSP370smbb.f09_g17.LE2-1281.011.cam.h1.PS.20650101-20741231.nc ... done
  Downloading b.e21.BSSP370smbb.f09_g17.LE2-1281.011.cam.h1.PS.20750101-20841231.nc ... done
  Downloading b.e21.BSSP370smbb.f09_g17.LE2-1281.011.cam.h1.PS.20850101-20941231.nc ... done
  Downloading b.e21.BSSP370smbb.f09_g17.LE2-1281.011.cam.h1.PS.20950101-21001231.nc ... done
  Downloading b.e21.BHISTsmbb.f09_g17.LE2-1281.011.cam.h1.WSPDSRFAV.18500101-18591231.nc ... done
  Downloading b.e21.BHISTsmbb.f09_g17.LE2-1281.011.cam.h1.WSPDSRFAV.18600101-18691231.nc ... done
  Downloading b.e21.BHISTsmbb.f09_g17.LE2-1281.011.cam.h1.WSPDSRFAV.18700101-18791231.nc ... done
  Downloading b.e21.BHISTsmbb.f09_g17.LE2-1281.011.cam.h1.WSPDSRFAV.18800101-18891231.nc ... done
  Downloading b.e21.BHISTsmbb.f09_g17.LE2-1281.011.cam.h1.WSPDSRFAV.18900101-18991231.nc ... done
  Downloading b.e21.BHISTsmbb.f09_g17.LE2-1281.011.cam.h1.WSPDSRFAV.19000101-19091231.nc ... done
  Downloading b.e21.BHISTsmbb.f09_g17.LE2-1281.011.cam.h1.WSPDSRFAV.19100101-19191231.nc ... done
  Downloading b.e21.BHISTsmbb.f09_g17.LE2-1281.011.cam.h1.WSPDSRFAV.19200101-19291231.nc ... done
  Downloading b.e21.BHISTsmbb.f09_g17.LE2-1281.011.cam.h1.WSPDSRFAV.19300101-19391231.nc ... done
  Downloading b.e21.BHISTsmbb.f09_g17.LE2-1281.011.cam.h1.WSPDSRFAV.19400101-19491231.nc ... done
  Downloading b.e21.BHISTsmbb.f09_g17.LE2-1281.011.cam.h1.WSPDSRFAV.19500101-19591231.nc ... done
  Downloading b.e21.BHISTsmbb.f09_g17.LE2-1281.011.cam.h1.WSPDSRFAV.19600101-19691231.nc ... done
  Downloading b.e21.BHISTsmbb.f09_g17.LE2-1281.011.cam.h1.WSPDSRFAV.19700101-19791231.nc ... done
  Downloading b.e21.BHISTsmbb.f09_g17.LE2-1281.011.cam.h1.WSPDSRFAV.19800101-19891231.nc ... done
  Downloading b.e21.BHISTsmbb.f09_g17.LE2-1281.011.cam.h1.WSPDSRFAV.19900101-19991231.nc ... done
  Downloading b.e21.BHISTsmbb.f09_g17.LE2-1281.011.cam.h1.WSPDSRFAV.20000101-20091231.nc ... done
  Downloading b.e21.BHISTsmbb.f09_g17.LE2-1281.011.cam.h1.WSPDSRFAV.20100101-20141231.nc ... done
  Downloading b.e21.BSSP370smbb.f09_g17.LE2-1281.011.cam.h1.WSPDSRFAV.20150101-20241231.nc ... done
  Downloading b.e21.BSSP370smbb.f09_g17.LE2-1281.011.cam.h1.WSPDSRFAV.20250101-20341231.nc ... done
  Downloading b.e21.BSSP370smbb.f09_g17.LE2-1281.011.cam.h1.WSPDSRFAV.20350101-20441231.nc ... done
  Downloading b.e21.BSSP370smbb.f09_g17.LE2-1281.011.cam.h1.WSPDSRFAV.20450101-20541231.nc ... done
  Downloading b.e21.BSSP370smbb.f09_g17.LE2-1281.011.cam.h1.WSPDSRFAV.20550101-20641231.nc ... done
  Downloading b.e21.BSSP370smbb.f09_g17.LE2-1281.011.cam.h1.WSPDSRFAV.20650101-20741231.nc ... done
  Downloading b.e21.BSSP370smbb.f09_g17.LE2-1281.011.cam.h1.WSPDSRFAV.20750101-20841231.nc ... done
  Downloading b.e21.BSSP370smbb.f09_g17.LE2-1281.011.cam.h1.WSPDSRFAV.20850101-20941231.nc ... done
  Downloading b.e21.BSSP370smbb.f09_g17.LE2-1281.011.cam.h1.WSPDSRFAV.20950101-21001231.nc ... done
  Downloading b.e21.BHISTsmbb.f09_g17.LE2-1281.011.cam.h1.QREFHT.18500101-18591231.nc ... done
  Downloading b.e21.BHISTsmbb.f09_g17.LE2-1281.011.cam.h1.QREFHT.18600101-18691231.nc ... done
  Downloading b.e21.BHISTsmbb.f09_g17.LE2-1281.011.cam.h1.QREFHT.18700101-18791231.nc ... done
  Downloading b.e21.BHISTsmbb.f09_g17.LE2-1281.011.cam.h1.QREFHT.18800101-18891231.nc ... done
  Downloading b.e21.BHISTsmbb.f09_g17.LE2-1281.011.cam.h1.QREFHT.18900101-18991231.nc ... done
  Downloading b.e21.BHISTsmbb.f09_g17.LE2-1281.011.cam.h1.QREFHT.19000101-19091231.nc ... done
  Downloading b.e21.BHISTsmbb.f09_g17.LE2-1281.011.cam.h1.QREFHT.19100101-19191231.nc ... done
  Downloading b.e21.BHISTsmbb.f09_g17.LE2-1281.011.cam.h1.QREFHT.19200101-19291231.nc ... done
  Downloading b.e21.BHISTsmbb.f09_g17.LE2-1281.011.cam.h1.QREFHT.19300101-19391231.nc ... done
  Downloading b.e21.BHISTsmbb.f09_g17.LE2-1281.011.cam.h1.QREFHT.19400101-19491231.nc ... done
  Downloading b.e21.BHISTsmbb.f09_g17.LE2-1281.011.cam.h1.QREFHT.19500101-19591231.nc ... done
  Downloading b.e21.BHISTsmbb.f09_g17.LE2-1281.011.cam.h1.QREFHT.19600101-19691231.nc ... done
  Downloading b.e21.BHISTsmbb.f09_g17.LE2-1281.011.cam.h1.QREFHT.19700101-19791231.nc ... done
  Downloading b.e21.BHISTsmbb.f09_g17.LE2-1281.011.cam.h1.QREFHT.19800101-19891231.nc ... done
  Downloading b.e21.BHISTsmbb.f09_g17.LE2-1281.011.cam.h1.QREFHT.19900101-19991231.nc ... done
  Downloading b.e21.BHISTsmbb.f09_g17.LE2-1281.011.cam.h1.QREFHT.20000101-20091231.nc ... done
  Downloading b.e21.BHISTsmbb.f09_g17.LE2-1281.011.cam.h1.QREFHT.20100101-20141231.nc ... done
  Downloading b.e21.BSSP370smbb.f09_g17.LE2-1281.011.cam.h1.QREFHT.20150101-20241231.nc ... done
  Downloading b.e21.BSSP370smbb.f09_g17.LE2-1281.011.cam.h1.QREFHT.20250101-20341231.nc ... done
  Downloading b.e21.BSSP370smbb.f09_g17.LE2-1281.011.cam.h1.QREFHT.20350101-20441231.nc ... done
  Downloading b.e21.BSSP370smbb.f09_g17.LE2-1281.011.cam.h1.QREFHT.20450101-20541231.nc ... done
  Downloading b.e21.BSSP370smbb.f09_g17.LE2-1281.011.cam.h1.QREFHT.20550101-20641231.nc ... done
  Downloading b.e21.BSSP370smbb.f09_g17.LE2-1281.011.cam.h1.QREFHT.20650101-20741231.nc ... done
  Downloading b.e21.BSSP370smbb.f09_g17.LE2-1281.011.cam.h1.QREFHT.20750101-20841231.nc ... done
  Downloading b.e21.BSSP370smbb.f09_g17.LE2-1281.011.cam.h1.QREFHT.20850101-20941231.nc ... done
  Downloading b.e21.BSSP370smbb.f09_g17.LE2-1281.011.cam.h1.QREFHT.20950101-21001231.nc ... done

================================================================================
Processing Member: LE2-1281.012
Destination: /data2/michsh/full_member_data/1281/012
================================================================================
Found 182 total historical and future files for this member.
  Downloading b.e21.BHISTsmbb.f09_g17.LE2-1281.012.cam.h1.TREFHTMX.18500101-18591231.nc ... done
  Downloading b.e21.BHISTsmbb.f09_g17.LE2-1281.012.cam.h1.TREFHTMX.18600101-18691231.nc ... done
  Downloading b.e21.BHISTsmbb.f09_g17.LE2-1281.012.cam.h1.TREFHTMX.18700101-18791231.nc ... done
  Downloading b.e21.BHISTsmbb.f09_g17.LE2-1281.012.cam.h1.TREFHTMX.18800101-18891231.nc ... done
  Downloading b.e21.BHISTsmbb.f09_g17.LE2-1281.012.cam.h1.TREFHTMX.18900101-18991231.nc ... done
  Downloading b.e21.BHISTsmbb.f09_g17.LE2-1281.012.cam.h1.TREFHTMX.19000101-19091231.nc ... done
  Downloading b.e21.BHISTsmbb.f09_g17.LE2-1281.012.cam.h1.TREFHTMX.19100101-19191231.nc ... done
  Downloading b.e21.BHISTsmbb.f09_g17.LE2-1281.012.cam.h1.TREFHTMX.19200101-19291231.nc ... done
  Downloading b.e21.BHISTsmbb.f09_g17.LE2-1281.012.cam.h1.TREFHTMX.19300101-19391231.nc ... done
  Downloading b.e21.BHISTsmbb.f09_g17.LE2-1281.012.cam.h1.TREFHTMX.19400101-19491231.nc ... done
  Downloading b.e21.BHISTsmbb.f09_g17.LE2-1281.012.cam.h1.TREFHTMX.19500101-19591231.nc ... done
  Downloading b.e21.BHISTsmbb.f09_g17.LE2-1281.012.cam.h1.TREFHTMX.19600101-19691231.nc ... done
  Downloading b.e21.BHISTsmbb.f09_g17.LE2-1281.012.cam.h1.TREFHTMX.19700101-19791231.nc ... done
  Downloading b.e21.BHISTsmbb.f09_g17.LE2-1281.012.cam.h1.TREFHTMX.19800101-19891231.nc ... done
  Downloading b.e21.BHISTsmbb.f09_g17.LE2-1281.012.cam.h1.TREFHTMX.19900101-19991231.nc ... done
  Downloading b.e21.BHISTsmbb.f09_g17.LE2-1281.012.cam.h1.TREFHTMX.20000101-20091231.nc ... done
  Downloading b.e21.BHISTsmbb.f09_g17.LE2-1281.012.cam.h1.TREFHTMX.20100101-20141231.nc ... done
  Downloading b.e21.BSSP370smbb.f09_g17.LE2-1281.012.cam.h1.TREFHTMX.20150101-20241231.nc ... done
  Downloading b.e21.BSSP370smbb.f09_g17.LE2-1281.012.cam.h1.TREFHTMX.20250101-20341231.nc ... done
  Downloading b.e21.BSSP370smbb.f09_g17.LE2-1281.012.cam.h1.TREFHTMX.20350101-20441231.nc ... done
  Downloading b.e21.BSSP370smbb.f09_g17.LE2-1281.012.cam.h1.TREFHTMX.20450101-20541231.nc ... done
  Downloading b.e21.BSSP370smbb.f09_g17.LE2-1281.012.cam.h1.TREFHTMX.20550101-20641231.nc ... done
  Downloading b.e21.BSSP370smbb.f09_g17.LE2-1281.012.cam.h1.TREFHTMX.20650101-20741231.nc ... done
  Downloading b.e21.BSSP370smbb.f09_g17.LE2-1281.012.cam.h1.TREFHTMX.20750101-20841231.nc ... done
  Downloading b.e21.BSSP370smbb.f09_g17.LE2-1281.012.cam.h1.TREFHTMX.20850101-20941231.nc ... done
  Downloading b.e21.BSSP370smbb.f09_g17.LE2-1281.012.cam.h1.TREFHTMX.20950101-21001231.nc ... done
  Downloading b.e21.BHISTsmbb.f09_g17.LE2-1281.012.cam.h1.TREFHTMN.18500101-18591231.nc ... done
  Downloading b.e21.BHISTsmbb.f09_g17.LE2-1281.012.cam.h1.TREFHTMN.18600101-18691231.nc ... done
  Downloading b.e21.BHISTsmbb.f09_g17.LE2-1281.012.cam.h1.TREFHTMN.18700101-18791231.nc ... done
  Downloading b.e21.BHISTsmbb.f09_g17.LE2-1281.012.cam.h1.TREFHTMN.18800101-18891231.nc ... done
  Downloading b.e21.BHISTsmbb.f09_g17.LE2-1281.012.cam.h1.TREFHTMN.18900101-18991231.nc ... done
  Downloading b.e21.BHISTsmbb.f09_g17.LE2-1281.012.cam.h1.TREFHTMN.19000101-19091231.nc ... done
  Downloading b.e21.BHISTsmbb.f09_g17.LE2-1281.012.cam.h1.TREFHTMN.19100101-19191231.nc ... done
  Downloading b.e21.BHISTsmbb.f09_g17.LE2-1281.012.cam.h1.TREFHTMN.19200101-19291231.nc ... done
  Downloading b.e21.BHISTsmbb.f09_g17.LE2-1281.012.cam.h1.TREFHTMN.19300101-19391231.nc ... done
  Downloading b.e21.BHISTsmbb.f09_g17.LE2-1281.012.cam.h1.TREFHTMN.19400101-19491231.nc ... done
  Downloading b.e21.BHISTsmbb.f09_g17.LE2-1281.012.cam.h1.TREFHTMN.19500101-19591231.nc ... done
  Downloading b.e21.BHISTsmbb.f09_g17.LE2-1281.012.cam.h1.TREFHTMN.19600101-19691231.nc ... done
  Downloading b.e21.BHISTsmbb.f09_g17.LE2-1281.012.cam.h1.TREFHTMN.19700101-19791231.nc ... done
  Downloading b.e21.BHISTsmbb.f09_g17.LE2-1281.012.cam.h1.TREFHTMN.19800101-19891231.nc ... done
  Downloading b.e21.BHISTsmbb.f09_g17.LE2-1281.012.cam.h1.TREFHTMN.19900101-19991231.nc ... done
  Downloading b.e21.BHISTsmbb.f09_g17.LE2-1281.012.cam.h1.TREFHTMN.20000101-20091231.nc ... done
  Downloading b.e21.BHISTsmbb.f09_g17.LE2-1281.012.cam.h1.TREFHTMN.20100101-20141231.nc ... done
  Downloading b.e21.BSSP370smbb.f09_g17.LE2-1281.012.cam.h1.TREFHTMN.20150101-20241231.nc ... done
  Downloading b.e21.BSSP370smbb.f09_g17.LE2-1281.012.cam.h1.TREFHTMN.20250101-20341231.nc ... done
  Downloading b.e21.BSSP370smbb.f09_g17.LE2-1281.012.cam.h1.TREFHTMN.20350101-20441231.nc ... done
  Downloading b.e21.BSSP370smbb.f09_g17.LE2-1281.012.cam.h1.TREFHTMN.20450101-20541231.nc ... done
  Downloading b.e21.BSSP370smbb.f09_g17.LE2-1281.012.cam.h1.TREFHTMN.20550101-20641231.nc ... done
  Downloading b.e21.BSSP370smbb.f09_g17.LE2-1281.012.cam.h1.TREFHTMN.20650101-20741231.nc ... done
  Downloading b.e21.BSSP370smbb.f09_g17.LE2-1281.012.cam.h1.TREFHTMN.20750101-20841231.nc ... done
  Downloading b.e21.BSSP370smbb.f09_g17.LE2-1281.012.cam.h1.TREFHTMN.20850101-20941231.nc ... done
  Downloading b.e21.BSSP370smbb.f09_g17.LE2-1281.012.cam.h1.TREFHTMN.20950101-21001231.nc ... done
  Downloading b.e21.BHISTsmbb.f09_g17.LE2-1281.012.cam.h1.FSNS.18500101-18591231.nc ... done
  Downloading b.e21.BHISTsmbb.f09_g17.LE2-1281.012.cam.h1.FSNS.18600101-18691231.nc ... done
  Downloading b.e21.BHISTsmbb.f09_g17.LE2-1281.012.cam.h1.FSNS.18700101-18791231.nc ... done
  Downloading b.e21.BHISTsmbb.f09_g17.LE2-1281.012.cam.h1.FSNS.18800101-18891231.nc ... done
  Downloading b.e21.BHISTsmbb.f09_g17.LE2-1281.012.cam.h1.FSNS.18900101-18991231.nc ... done
  Downloading b.e21.BHISTsmbb.f09_g17.LE2-1281.012.cam.h1.FSNS.19000101-19091231.nc ... done
  Downloading b.e21.BHISTsmbb.f09_g17.LE2-1281.012.cam.h1.FSNS.19100101-19191231.nc ... done
  Downloading b.e21.BHISTsmbb.f09_g17.LE2-1281.012.cam.h1.FSNS.19200101-19291231.nc ... done
  Downloading b.e21.BHISTsmbb.f09_g17.LE2-1281.012.cam.h1.FSNS.19300101-19391231.nc ... done
  Downloading b.e21.BHISTsmbb.f09_g17.LE2-1281.012.cam.h1.FSNS.19400101-19491231.nc ... done
  Downloading b.e21.BHISTsmbb.f09_g17.LE2-1281.012.cam.h1.FSNS.19500101-19591231.nc ... done
  Downloading b.e21.BHISTsmbb.f09_g17.LE2-1281.012.cam.h1.FSNS.19600101-19691231.nc ... done
  Downloading b.e21.BHISTsmbb.f09_g17.LE2-1281.012.cam.h1.FSNS.19700101-19791231.nc ... done
  Downloading b.e21.BHISTsmbb.f09_g17.LE2-1281.012.cam.h1.FSNS.19800101-19891231.nc ... done
  Downloading b.e21.BHISTsmbb.f09_g17.LE2-1281.012.cam.h1.FSNS.19900101-19991231.nc ... done
  Downloading b.e21.BHISTsmbb.f09_g17.LE2-1281.012.cam.h1.FSNS.20000101-20091231.nc ... done
  Downloading b.e21.BHISTsmbb.f09_g17.LE2-1281.012.cam.h1.FSNS.20100101-20141231.nc ... done
  Downloading b.e21.BSSP370smbb.f09_g17.LE2-1281.012.cam.h1.FSNS.20150101-20241231.nc ... done
  Downloading b.e21.BSSP370smbb.f09_g17.LE2-1281.012.cam.h1.FSNS.20250101-20341231.nc ... done
  Downloading b.e21.BSSP370smbb.f09_g17.LE2-1281.012.cam.h1.FSNS.20350101-20441231.nc ... done
  Downloading b.e21.BSSP370smbb.f09_g17.LE2-1281.012.cam.h1.FSNS.20450101-20541231.nc ... done
  Downloading b.e21.BSSP370smbb.f09_g17.LE2-1281.012.cam.h1.FSNS.20550101-20641231.nc ... done
  Downloading b.e21.BSSP370smbb.f09_g17.LE2-1281.012.cam.h1.FSNS.20650101-20741231.nc ... done
  Downloading b.e21.BSSP370smbb.f09_g17.LE2-1281.012.cam.h1.FSNS.20750101-20841231.nc ... done
  Downloading b.e21.BSSP370smbb.f09_g17.LE2-1281.012.cam.h1.FSNS.20850101-20941231.nc ... done
  Downloading b.e21.BSSP370smbb.f09_g17.LE2-1281.012.cam.h1.FSNS.20950101-21001231.nc ... done
  Downloading b.e21.BHISTsmbb.f09_g17.LE2-1281.012.cam.h1.FLNS.18500101-18591231.nc ... done
  Downloading b.e21.BHISTsmbb.f09_g17.LE2-1281.012.cam.h1.FLNS.18600101-18691231.nc ... done
  Downloading b.e21.BHISTsmbb.f09_g17.LE2-1281.012.cam.h1.FLNS.18700101-18791231.nc ... done
  Downloading b.e21.BHISTsmbb.f09_g17.LE2-1281.012.cam.h1.FLNS.18800101-18891231.nc ... done
  Downloading b.e21.BHISTsmbb.f09_g17.LE2-1281.012.cam.h1.FLNS.18900101-18991231.nc ... done
  Downloading b.e21.BHISTsmbb.f09_g17.LE2-1281.012.cam.h1.FLNS.19000101-19091231.nc ... done
  Downloading b.e21.BHISTsmbb.f09_g17.LE2-1281.012.cam.h1.FLNS.19100101-19191231.nc ... done
  Downloading b.e21.BHISTsmbb.f09_g17.LE2-1281.012.cam.h1.FLNS.19200101-19291231.nc ... done
  Downloading b.e21.BHISTsmbb.f09_g17.LE2-1281.012.cam.h1.FLNS.19300101-19391231.nc ... done
  Downloading b.e21.BHISTsmbb.f09_g17.LE2-1281.012.cam.h1.FLNS.19400101-19491231.nc ... done
  Downloading b.e21.BHISTsmbb.f09_g17.LE2-1281.012.cam.h1.FLNS.19500101-19591231.nc ... done
  Downloading b.e21.BHISTsmbb.f09_g17.LE2-1281.012.cam.h1.FLNS.19600101-19691231.nc ... done
  Downloading b.e21.BHISTsmbb.f09_g17.LE2-1281.012.cam.h1.FLNS.19700101-19791231.nc ... done
  Downloading b.e21.BHISTsmbb.f09_g17.LE2-1281.012.cam.h1.FLNS.19800101-19891231.nc ... done
  Downloading b.e21.BHISTsmbb.f09_g17.LE2-1281.012.cam.h1.FLNS.19900101-19991231.nc ... done
  Downloading b.e21.BHISTsmbb.f09_g17.LE2-1281.012.cam.h1.FLNS.20000101-20091231.nc ... done
  Downloading b.e21.BHISTsmbb.f09_g17.LE2-1281.012.cam.h1.FLNS.20100101-20141231.nc ... done
  Downloading b.e21.BSSP370smbb.f09_g17.LE2-1281.012.cam.h1.FLNS.20150101-20241231.nc ... done
  Downloading b.e21.BSSP370smbb.f09_g17.LE2-1281.012.cam.h1.FLNS.20250101-20341231.nc ... done
  Downloading b.e21.BSSP370smbb.f09_g17.LE2-1281.012.cam.h1.FLNS.20350101-20441231.nc ... done
  Downloading b.e21.BSSP370smbb.f09_g17.LE2-1281.012.cam.h1.FLNS.20450101-20541231.nc ... done
  Downloading b.e21.BSSP370smbb.f09_g17.LE2-1281.012.cam.h1.FLNS.20550101-20641231.nc ... done
  Downloading b.e21.BSSP370smbb.f09_g17.LE2-1281.012.cam.h1.FLNS.20650101-20741231.nc ... done
  Downloading b.e21.BSSP370smbb.f09_g17.LE2-1281.012.cam.h1.FLNS.20750101-20841231.nc ... done
  Downloading b.e21.BSSP370smbb.f09_g17.LE2-1281.012.cam.h1.FLNS.20850101-20941231.nc ... done
  Downloading b.e21.BSSP370smbb.f09_g17.LE2-1281.012.cam.h1.FLNS.20950101-21001231.nc ... done
  Downloading b.e21.BHISTsmbb.f09_g17.LE2-1281.012.cam.h1.PS.18500101-18591231.nc ... done
  Downloading b.e21.BHISTsmbb.f09_g17.LE2-1281.012.cam.h1.PS.18600101-18691231.nc ... done
  Downloading b.e21.BHISTsmbb.f09_g17.LE2-1281.012.cam.h1.PS.18700101-18791231.nc ... done
  Downloading b.e21.BHISTsmbb.f09_g17.LE2-1281.012.cam.h1.PS.18800101-18891231.nc ... done
  Downloading b.e21.BHISTsmbb.f09_g17.LE2-1281.012.cam.h1.PS.18900101-18991231.nc ... done
  Downloading b.e21.BHISTsmbb.f09_g17.LE2-1281.012.cam.h1.PS.19000101-19091231.nc ... done
  Downloading b.e21.BHISTsmbb.f09_g17.LE2-1281.012.cam.h1.PS.19100101-19191231.nc ... done
  Downloading b.e21.BHISTsmbb.f09_g17.LE2-1281.012.cam.h1.PS.19200101-19291231.nc ... done
  Downloading b.e21.BHISTsmbb.f09_g17.LE2-1281.012.cam.h1.PS.19300101-19391231.nc ... done
  Downloading b.e21.BHISTsmbb.f09_g17.LE2-1281.012.cam.h1.PS.19400101-19491231.nc ... done
  Downloading b.e21.BHISTsmbb.f09_g17.LE2-1281.012.cam.h1.PS.19500101-19591231.nc ... done
  Downloading b.e21.BHISTsmbb.f09_g17.LE2-1281.012.cam.h1.PS.19600101-19691231.nc ... done
  Downloading b.e21.BHISTsmbb.f09_g17.LE2-1281.012.cam.h1.PS.19700101-19791231.nc ... done
  Downloading b.e21.BHISTsmbb.f09_g17.LE2-1281.012.cam.h1.PS.19800101-19891231.nc ... done
  Downloading b.e21.BHISTsmbb.f09_g17.LE2-1281.012.cam.h1.PS.19900101-19991231.nc ... done
  Downloading b.e21.BHISTsmbb.f09_g17.LE2-1281.012.cam.h1.PS.20000101-20091231.nc ... done
  Downloading b.e21.BHISTsmbb.f09_g17.LE2-1281.012.cam.h1.PS.20100101-20141231.nc ... done
  Downloading b.e21.BSSP370smbb.f09_g17.LE2-1281.012.cam.h1.PS.20150101-20241231.nc ... done
  Downloading b.e21.BSSP370smbb.f09_g17.LE2-1281.012.cam.h1.PS.20250101-20341231.nc ... done
  Downloading b.e21.BSSP370smbb.f09_g17.LE2-1281.012.cam.h1.PS.20350101-20441231.nc ... done
  Downloading b.e21.BSSP370smbb.f09_g17.LE2-1281.012.cam.h1.PS.20450101-20541231.nc ... done
  Downloading b.e21.BSSP370smbb.f09_g17.LE2-1281.012.cam.h1.PS.20550101-20641231.nc ... done
  Downloading b.e21.BSSP370smbb.f09_g17.LE2-1281.012.cam.h1.PS.20650101-20741231.nc ... done
  Downloading b.e21.BSSP370smbb.f09_g17.LE2-1281.012.cam.h1.PS.20750101-20841231.nc ... done
  Downloading b.e21.BSSP370smbb.f09_g17.LE2-1281.012.cam.h1.PS.20850101-20941231.nc ... done
  Downloading b.e21.BSSP370smbb.f09_g17.LE2-1281.012.cam.h1.PS.20950101-21001231.nc ... done
  Downloading b.e21.BHISTsmbb.f09_g17.LE2-1281.012.cam.h1.WSPDSRFAV.18500101-18591231.nc ... done
  Downloading b.e21.BHISTsmbb.f09_g17.LE2-1281.012.cam.h1.WSPDSRFAV.18600101-18691231.nc ... done
  Downloading b.e21.BHISTsmbb.f09_g17.LE2-1281.012.cam.h1.WSPDSRFAV.18700101-18791231.nc ... done
  Downloading b.e21.BHISTsmbb.f09_g17.LE2-1281.012.cam.h1.WSPDSRFAV.18800101-18891231.nc ... done
  Downloading b.e21.BHISTsmbb.f09_g17.LE2-1281.012.cam.h1.WSPDSRFAV.18900101-18991231.nc ... done
  Downloading b.e21.BHISTsmbb.f09_g17.LE2-1281.012.cam.h1.WSPDSRFAV.19000101-19091231.nc ... done
  Downloading b.e21.BHISTsmbb.f09_g17.LE2-1281.012.cam.h1.WSPDSRFAV.19100101-19191231.nc ... done
  Downloading b.e21.BHISTsmbb.f09_g17.LE2-1281.012.cam.h1.WSPDSRFAV.19200101-19291231.nc ... done
  Downloading b.e21.BHISTsmbb.f09_g17.LE2-1281.012.cam.h1.WSPDSRFAV.19300101-19391231.nc ... done
  Downloading b.e21.BHISTsmbb.f09_g17.LE2-1281.012.cam.h1.WSPDSRFAV.19400101-19491231.nc ... done
  Downloading b.e21.BHISTsmbb.f09_g17.LE2-1281.012.cam.h1.WSPDSRFAV.19500101-19591231.nc ... done
  Downloading b.e21.BHISTsmbb.f09_g17.LE2-1281.012.cam.h1.WSPDSRFAV.19600101-19691231.nc ... done
  Downloading b.e21.BHISTsmbb.f09_g17.LE2-1281.012.cam.h1.WSPDSRFAV.19700101-19791231.nc ... done
  Downloading b.e21.BHISTsmbb.f09_g17.LE2-1281.012.cam.h1.WSPDSRFAV.19800101-19891231.nc ... done
  Downloading b.e21.BHISTsmbb.f09_g17.LE2-1281.012.cam.h1.WSPDSRFAV.19900101-19991231.nc ... done
  Downloading b.e21.BHISTsmbb.f09_g17.LE2-1281.012.cam.h1.WSPDSRFAV.20000101-20091231.nc ... done
  Downloading b.e21.BHISTsmbb.f09_g17.LE2-1281.012.cam.h1.WSPDSRFAV.20100101-20141231.nc ... done
  Downloading b.e21.BSSP370smbb.f09_g17.LE2-1281.012.cam.h1.WSPDSRFAV.20150101-20241231.nc ... done
  Downloading b.e21.BSSP370smbb.f09_g17.LE2-1281.012.cam.h1.WSPDSRFAV.20250101-20341231.nc ... done
  Downloading b.e21.BSSP370smbb.f09_g17.LE2-1281.012.cam.h1.WSPDSRFAV.20350101-20441231.nc ... done
  Downloading b.e21.BSSP370smbb.f09_g17.LE2-1281.012.cam.h1.WSPDSRFAV.20450101-20541231.nc ... done
  Downloading b.e21.BSSP370smbb.f09_g17.LE2-1281.012.cam.h1.WSPDSRFAV.20550101-20641231.nc ... done
  Downloading b.e21.BSSP370smbb.f09_g17.LE2-1281.012.cam.h1.WSPDSRFAV.20650101-20741231.nc ... done
  Downloading b.e21.BSSP370smbb.f09_g17.LE2-1281.012.cam.h1.WSPDSRFAV.20750101-20841231.nc ... done
  Downloading b.e21.BSSP370smbb.f09_g17.LE2-1281.012.cam.h1.WSPDSRFAV.20850101-20941231.nc ... done
  Downloading b.e21.BSSP370smbb.f09_g17.LE2-1281.012.cam.h1.WSPDSRFAV.20950101-21001231.nc ... done
  Downloading b.e21.BHISTsmbb.f09_g17.LE2-1281.012.cam.h1.QREFHT.18500101-18591231.nc ... done
  Downloading b.e21.BHISTsmbb.f09_g17.LE2-1281.012.cam.h1.QREFHT.18600101-18691231.nc ... done
  Downloading b.e21.BHISTsmbb.f09_g17.LE2-1281.012.cam.h1.QREFHT.18700101-18791231.nc ... done
  Downloading b.e21.BHISTsmbb.f09_g17.LE2-1281.012.cam.h1.QREFHT.18800101-18891231.nc ... done
  Downloading b.e21.BHISTsmbb.f09_g17.LE2-1281.012.cam.h1.QREFHT.18900101-18991231.nc ... done
  Downloading b.e21.BHISTsmbb.f09_g17.LE2-1281.012.cam.h1.QREFHT.19000101-19091231.nc ... done
  Downloading b.e21.BHISTsmbb.f09_g17.LE2-1281.012.cam.h1.QREFHT.19100101-19191231.nc ... done
  Downloading b.e21.BHISTsmbb.f09_g17.LE2-1281.012.cam.h1.QREFHT.19200101-19291231.nc ... done
  Downloading b.e21.BHISTsmbb.f09_g17.LE2-1281.012.cam.h1.QREFHT.19300101-19391231.nc ... done
  Downloading b.e21.BHISTsmbb.f09_g17.LE2-1281.012.cam.h1.QREFHT.19400101-19491231.nc ... done
  Downloading b.e21.BHISTsmbb.f09_g17.LE2-1281.012.cam.h1.QREFHT.19500101-19591231.nc ... done
  Downloading b.e21.BHISTsmbb.f09_g17.LE2-1281.012.cam.h1.QREFHT.19600101-19691231.nc ... done
  Downloading b.e21.BHISTsmbb.f09_g17.LE2-1281.012.cam.h1.QREFHT.19700101-19791231.nc ... done
  Downloading b.e21.BHISTsmbb.f09_g17.LE2-1281.012.cam.h1.QREFHT.19800101-19891231.nc ... done
  Downloading b.e21.BHISTsmbb.f09_g17.LE2-1281.012.cam.h1.QREFHT.19900101-19991231.nc ... done
  Downloading b.e21.BHISTsmbb.f09_g17.LE2-1281.012.cam.h1.QREFHT.20000101-20091231.nc ... done
  Downloading b.e21.BHISTsmbb.f09_g17.LE2-1281.012.cam.h1.QREFHT.20100101-20141231.nc ... done
  Downloading b.e21.BSSP370smbb.f09_g17.LE2-1281.012.cam.h1.QREFHT.20150101-20241231.nc ... done
  Downloading b.e21.BSSP370smbb.f09_g17.LE2-1281.012.cam.h1.QREFHT.20250101-20341231.nc ... done
  Downloading b.e21.BSSP370smbb.f09_g17.LE2-1281.012.cam.h1.QREFHT.20350101-20441231.nc ... done
  Downloading b.e21.BSSP370smbb.f09_g17.LE2-1281.012.cam.h1.QREFHT.20450101-20541231.nc ... done
  Downloading b.e21.BSSP370smbb.f09_g17.LE2-1281.012.cam.h1.QREFHT.20550101-20641231.nc ... done
  Downloading b.e21.BSSP370smbb.f09_g17.LE2-1281.012.cam.h1.QREFHT.20650101-20741231.nc ... done
  Downloading b.e21.BSSP370smbb.f09_g17.LE2-1281.012.cam.h1.QREFHT.20750101-20841231.nc ... done
  Downloading b.e21.BSSP370smbb.f09_g17.LE2-1281.012.cam.h1.QREFHT.20850101-20941231.nc ... done
  Downloading b.e21.BSSP370smbb.f09_g17.LE2-1281.012.cam.h1.QREFHT.20950101-21001231.nc ... done

================================================================================
Processing Member: LE2-1281.013
Destination: /data2/michsh/full_member_data/1281/013
================================================================================
Found 182 total historical and future files for this member.
  Downloading b.e21.BHISTsmbb.f09_g17.LE2-1281.013.cam.h1.TREFHTMX.18500101-18591231.nc ... done
  Downloading b.e21.BHISTsmbb.f09_g17.LE2-1281.013.cam.h1.TREFHTMX.18600101-18691231.nc ... done
  Downloading b.e21.BHISTsmbb.f09_g17.LE2-1281.013.cam.h1.TREFHTMX.18700101-18791231.nc ... done
  Downloading b.e21.BHISTsmbb.f09_g17.LE2-1281.013.cam.h1.TREFHTMX.18800101-18891231.nc ... done
  Downloading b.e21.BHISTsmbb.f09_g17.LE2-1281.013.cam.h1.TREFHTMX.18900101-18991231.nc ... done
  Downloading b.e21.BHISTsmbb.f09_g17.LE2-1281.013.cam.h1.TREFHTMX.19000101-19091231.nc ... done
  Downloading b.e21.BHISTsmbb.f09_g17.LE2-1281.013.cam.h1.TREFHTMX.19100101-19191231.nc ... done
  Downloading b.e21.BHISTsmbb.f09_g17.LE2-1281.013.cam.h1.TREFHTMX.19200101-19291231.nc ... done
  Downloading b.e21.BHISTsmbb.f09_g17.LE2-1281.013.cam.h1.TREFHTMX.19300101-19391231.nc ... done
  Downloading b.e21.BHISTsmbb.f09_g17.LE2-1281.013.cam.h1.TREFHTMX.19400101-19491231.nc ... done
  Downloading b.e21.BHISTsmbb.f09_g17.LE2-1281.013.cam.h1.TREFHTMX.19500101-19591231.nc ... done
  Downloading b.e21.BHISTsmbb.f09_g17.LE2-1281.013.cam.h1.TREFHTMX.19600101-19691231.nc ... done
  Downloading b.e21.BHISTsmbb.f09_g17.LE2-1281.013.cam.h1.TREFHTMX.19700101-19791231.nc ... done
  Downloading b.e21.BHISTsmbb.f09_g17.LE2-1281.013.cam.h1.TREFHTMX.19800101-19891231.nc ... done
  Downloading b.e21.BHISTsmbb.f09_g17.LE2-1281.013.cam.h1.TREFHTMX.19900101-19991231.nc ... done
  Downloading b.e21.BHISTsmbb.f09_g17.LE2-1281.013.cam.h1.TREFHTMX.20000101-20091231.nc ... done
  Downloading b.e21.BHISTsmbb.f09_g17.LE2-1281.013.cam.h1.TREFHTMX.20100101-20141231.nc ... done
  Downloading b.e21.BSSP370smbb.f09_g17.LE2-1281.013.cam.h1.TREFHTMX.20150101-20241231.nc ... done
  Downloading b.e21.BSSP370smbb.f09_g17.LE2-1281.013.cam.h1.TREFHTMX.20250101-20341231.nc ... done
  Downloading b.e21.BSSP370smbb.f09_g17.LE2-1281.013.cam.h1.TREFHTMX.20350101-20441231.nc ... done
  Downloading b.e21.BSSP370smbb.f09_g17.LE2-1281.013.cam.h1.TREFHTMX.20450101-20541231.nc ... done
  Downloading b.e21.BSSP370smbb.f09_g17.LE2-1281.013.cam.h1.TREFHTMX.20550101-20641231.nc ... done
  Downloading b.e21.BSSP370smbb.f09_g17.LE2-1281.013.cam.h1.TREFHTMX.20650101-20741231.nc ... done
  Downloading b.e21.BSSP370smbb.f09_g17.LE2-1281.013.cam.h1.TREFHTMX.20750101-20841231.nc ... done
  Downloading b.e21.BSSP370smbb.f09_g17.LE2-1281.013.cam.h1.TREFHTMX.20850101-20941231.nc ... done
  Downloading b.e21.BSSP370smbb.f09_g17.LE2-1281.013.cam.h1.TREFHTMX.20950101-21001231.nc ... done
  Downloading b.e21.BHISTsmbb.f09_g17.LE2-1281.013.cam.h1.TREFHTMN.18500101-18591231.nc ... done
  Downloading b.e21.BHISTsmbb.f09_g17.LE2-1281.013.cam.h1.TREFHTMN.18600101-18691231.nc ... done
  Downloading b.e21.BHISTsmbb.f09_g17.LE2-1281.013.cam.h1.TREFHTMN.18700101-18791231.nc ... done
  Downloading b.e21.BHISTsmbb.f09_g17.LE2-1281.013.cam.h1.TREFHTMN.18800101-18891231.nc ... done
  Downloading b.e21.BHISTsmbb.f09_g17.LE2-1281.013.cam.h1.TREFHTMN.18900101-18991231.nc ... done
  Downloading b.e21.BHISTsmbb.f09_g17.LE2-1281.013.cam.h1.TREFHTMN.19000101-19091231.nc ... done
  Downloading b.e21.BHISTsmbb.f09_g17.LE2-1281.013.cam.h1.TREFHTMN.19100101-19191231.nc ... done
  Downloading b.e21.BHISTsmbb.f09_g17.LE2-1281.013.cam.h1.TREFHTMN.19200101-19291231.nc ... done
  Downloading b.e21.BHISTsmbb.f09_g17.LE2-1281.013.cam.h1.TREFHTMN.19300101-19391231.nc ... done
  Downloading b.e21.BHISTsmbb.f09_g17.LE2-1281.013.cam.h1.TREFHTMN.19400101-19491231.nc ... done
  Downloading b.e21.BHISTsmbb.f09_g17.LE2-1281.013.cam.h1.TREFHTMN.19500101-19591231.nc ... done
  Downloading b.e21.BHISTsmbb.f09_g17.LE2-1281.013.cam.h1.TREFHTMN.19600101-19691231.nc ... done
  Downloading b.e21.BHISTsmbb.f09_g17.LE2-1281.013.cam.h1.TREFHTMN.19700101-19791231.nc ... done
  Downloading b.e21.BHISTsmbb.f09_g17.LE2-1281.013.cam.h1.TREFHTMN.19800101-19891231.nc ... done
  Downloading b.e21.BHISTsmbb.f09_g17.LE2-1281.013.cam.h1.TREFHTMN.19900101-19991231.nc ... done
  Downloading b.e21.BHISTsmbb.f09_g17.LE2-1281.013.cam.h1.TREFHTMN.20000101-20091231.nc ... done
  Downloading b.e21.BHISTsmbb.f09_g17.LE2-1281.013.cam.h1.TREFHTMN.20100101-20141231.nc ... done
  Downloading b.e21.BSSP370smbb.f09_g17.LE2-1281.013.cam.h1.TREFHTMN.20150101-20241231.nc ... done
  Downloading b.e21.BSSP370smbb.f09_g17.LE2-1281.013.cam.h1.TREFHTMN.20250101-20341231.nc ... done
  Downloading b.e21.BSSP370smbb.f09_g17.LE2-1281.013.cam.h1.TREFHTMN.20350101-20441231.nc ... done
  Downloading b.e21.BSSP370smbb.f09_g17.LE2-1281.013.cam.h1.TREFHTMN.20450101-20541231.nc ... done
  Downloading b.e21.BSSP370smbb.f09_g17.LE2-1281.013.cam.h1.TREFHTMN.20550101-20641231.nc ... done
  Downloading b.e21.BSSP370smbb.f09_g17.LE2-1281.013.cam.h1.TREFHTMN.20650101-20741231.nc ... done
  Downloading b.e21.BSSP370smbb.f09_g17.LE2-1281.013.cam.h1.TREFHTMN.20750101-20841231.nc ... done
  Downloading b.e21.BSSP370smbb.f09_g17.LE2-1281.013.cam.h1.TREFHTMN.20850101-20941231.nc ... done
  Downloading b.e21.BSSP370smbb.f09_g17.LE2-1281.013.cam.h1.TREFHTMN.20950101-21001231.nc ... done
  Downloading b.e21.BHISTsmbb.f09_g17.LE2-1281.013.cam.h1.FSNS.18500101-18591231.nc ... done
  Downloading b.e21.BHISTsmbb.f09_g17.LE2-1281.013.cam.h1.FSNS.18600101-18691231.nc ... done
  Downloading b.e21.BHISTsmbb.f09_g17.LE2-1281.013.cam.h1.FSNS.18700101-18791231.nc ... done
  Downloading b.e21.BHISTsmbb.f09_g17.LE2-1281.013.cam.h1.FSNS.18800101-18891231.nc ... done
  Downloading b.e21.BHISTsmbb.f09_g17.LE2-1281.013.cam.h1.FSNS.18900101-18991231.nc ... done
  Downloading b.e21.BHISTsmbb.f09_g17.LE2-1281.013.cam.h1.FSNS.19000101-19091231.nc ... done
  Downloading b.e21.BHISTsmbb.f09_g17.LE2-1281.013.cam.h1.FSNS.19100101-19191231.nc ... done
  Downloading b.e21.BHISTsmbb.f09_g17.LE2-1281.013.cam.h1.FSNS.19200101-19291231.nc ... done
  Downloading b.e21.BHISTsmbb.f09_g17.LE2-1281.013.cam.h1.FSNS.19300101-19391231.nc ... done
  Downloading b.e21.BHISTsmbb.f09_g17.LE2-1281.013.cam.h1.FSNS.19400101-19491231.nc ... done
  Downloading b.e21.BHISTsmbb.f09_g17.LE2-1281.013.cam.h1.FSNS.19500101-19591231.nc ... done
  Downloading b.e21.BHISTsmbb.f09_g17.LE2-1281.013.cam.h1.FSNS.19600101-19691231.nc ... done
  Downloading b.e21.BHISTsmbb.f09_g17.LE2-1281.013.cam.h1.FSNS.19700101-19791231.nc ... done
  Downloading b.e21.BHISTsmbb.f09_g17.LE2-1281.013.cam.h1.FSNS.19800101-19891231.nc ... done
  Downloading b.e21.BHISTsmbb.f09_g17.LE2-1281.013.cam.h1.FSNS.19900101-19991231.nc ... done
  Downloading b.e21.BHISTsmbb.f09_g17.LE2-1281.013.cam.h1.FSNS.20000101-20091231.nc ... done
  Downloading b.e21.BHISTsmbb.f09_g17.LE2-1281.013.cam.h1.FSNS.20100101-20141231.nc ... done
  Downloading b.e21.BSSP370smbb.f09_g17.LE2-1281.013.cam.h1.FSNS.20150101-20241231.nc ... done
  Downloading b.e21.BSSP370smbb.f09_g17.LE2-1281.013.cam.h1.FSNS.20250101-20341231.nc ... done
  Downloading b.e21.BSSP370smbb.f09_g17.LE2-1281.013.cam.h1.FSNS.20350101-20441231.nc ... done
  Downloading b.e21.BSSP370smbb.f09_g17.LE2-1281.013.cam.h1.FSNS.20450101-20541231.nc ... done
  Downloading b.e21.BSSP370smbb.f09_g17.LE2-1281.013.cam.h1.FSNS.20550101-20641231.nc ... done
  Downloading b.e21.BSSP370smbb.f09_g17.LE2-1281.013.cam.h1.FSNS.20650101-20741231.nc ... done
  Downloading b.e21.BSSP370smbb.f09_g17.LE2-1281.013.cam.h1.FSNS.20750101-20841231.nc ... done
  Downloading b.e21.BSSP370smbb.f09_g17.LE2-1281.013.cam.h1.FSNS.20850101-20941231.nc ... done
  Downloading b.e21.BSSP370smbb.f09_g17.LE2-1281.013.cam.h1.FSNS.20950101-21001231.nc ... done
  Downloading b.e21.BHISTsmbb.f09_g17.LE2-1281.013.cam.h1.FLNS.18500101-18591231.nc ... done
  Downloading b.e21.BHISTsmbb.f09_g17.LE2-1281.013.cam.h1.FLNS.18600101-18691231.nc ... done
  Downloading b.e21.BHISTsmbb.f09_g17.LE2-1281.013.cam.h1.FLNS.18700101-18791231.nc ... done
  Downloading b.e21.BHISTsmbb.f09_g17.LE2-1281.013.cam.h1.FLNS.18800101-18891231.nc ... done
  Downloading b.e21.BHISTsmbb.f09_g17.LE2-1281.013.cam.h1.FLNS.18900101-18991231.nc ... done
  Downloading b.e21.BHISTsmbb.f09_g17.LE2-1281.013.cam.h1.FLNS.19000101-19091231.nc ... done
  Downloading b.e21.BHISTsmbb.f09_g17.LE2-1281.013.cam.h1.FLNS.19100101-19191231.nc ... done
  Downloading b.e21.BHISTsmbb.f09_g17.LE2-1281.013.cam.h1.FLNS.19200101-19291231.nc ... done
  Downloading b.e21.BHISTsmbb.f09_g17.LE2-1281.013.cam.h1.FLNS.19300101-19391231.nc ... done
  Downloading b.e21.BHISTsmbb.f09_g17.LE2-1281.013.cam.h1.FLNS.19400101-19491231.nc ... done
  Downloading b.e21.BHISTsmbb.f09_g17.LE2-1281.013.cam.h1.FLNS.19500101-19591231.nc ... done
  Downloading b.e21.BHISTsmbb.f09_g17.LE2-1281.013.cam.h1.FLNS.19600101-19691231.nc ... done
  Downloading b.e21.BHISTsmbb.f09_g17.LE2-1281.013.cam.h1.FLNS.19700101-19791231.nc ... done
  Downloading b.e21.BHISTsmbb.f09_g17.LE2-1281.013.cam.h1.FLNS.19800101-19891231.nc ... done
  Downloading b.e21.BHISTsmbb.f09_g17.LE2-1281.013.cam.h1.FLNS.19900101-19991231.nc ... done
  Downloading b.e21.BHISTsmbb.f09_g17.LE2-1281.013.cam.h1.FLNS.20000101-20091231.nc ... done
  Downloading b.e21.BHISTsmbb.f09_g17.LE2-1281.013.cam.h1.FLNS.20100101-20141231.nc ... done
  Downloading b.e21.BSSP370smbb.f09_g17.LE2-1281.013.cam.h1.FLNS.20150101-20241231.nc ... done
  Downloading b.e21.BSSP370smbb.f09_g17.LE2-1281.013.cam.h1.FLNS.20250101-20341231.nc ... done
  Downloading b.e21.BSSP370smbb.f09_g17.LE2-1281.013.cam.h1.FLNS.20350101-20441231.nc ... done
  Downloading b.e21.BSSP370smbb.f09_g17.LE2-1281.013.cam.h1.FLNS.20450101-20541231.nc ... done
  Downloading b.e21.BSSP370smbb.f09_g17.LE2-1281.013.cam.h1.FLNS.20550101-20641231.nc ... done
  Downloading b.e21.BSSP370smbb.f09_g17.LE2-1281.013.cam.h1.FLNS.20650101-20741231.nc ... done
  Downloading b.e21.BSSP370smbb.f09_g17.LE2-1281.013.cam.h1.FLNS.20750101-20841231.nc ... done
  Downloading b.e21.BSSP370smbb.f09_g17.LE2-1281.013.cam.h1.FLNS.20850101-20941231.nc ... done
  Downloading b.e21.BSSP370smbb.f09_g17.LE2-1281.013.cam.h1.FLNS.20950101-21001231.nc ... done
  Downloading b.e21.BHISTsmbb.f09_g17.LE2-1281.013.cam.h1.PS.18500101-18591231.nc ... done
  Downloading b.e21.BHISTsmbb.f09_g17.LE2-1281.013.cam.h1.PS.18600101-18691231.nc ... done
  Downloading b.e21.BHISTsmbb.f09_g17.LE2-1281.013.cam.h1.PS.18700101-18791231.nc ... done
  Downloading b.e21.BHISTsmbb.f09_g17.LE2-1281.013.cam.h1.PS.18800101-18891231.nc ... done
  Downloading b.e21.BHISTsmbb.f09_g17.LE2-1281.013.cam.h1.PS.18900101-18991231.nc ... done
  Downloading b.e21.BHISTsmbb.f09_g17.LE2-1281.013.cam.h1.PS.19000101-19091231.nc ... done
  Downloading b.e21.BHISTsmbb.f09_g17.LE2-1281.013.cam.h1.PS.19100101-19191231.nc ... done
  Downloading b.e21.BHISTsmbb.f09_g17.LE2-1281.013.cam.h1.PS.19200101-19291231.nc ... done
  Downloading b.e21.BHISTsmbb.f09_g17.LE2-1281.013.cam.h1.PS.19300101-19391231.nc ... done
  Downloading b.e21.BHISTsmbb.f09_g17.LE2-1281.013.cam.h1.PS.19400101-19491231.nc ... done
  Downloading b.e21.BHISTsmbb.f09_g17.LE2-1281.013.cam.h1.PS.19500101-19591231.nc ... done
  Downloading b.e21.BHISTsmbb.f09_g17.LE2-1281.013.cam.h1.PS.19600101-19691231.nc ... done
  Downloading b.e21.BHISTsmbb.f09_g17.LE2-1281.013.cam.h1.PS.19700101-19791231.nc ... done
  Downloading b.e21.BHISTsmbb.f09_g17.LE2-1281.013.cam.h1.PS.19800101-19891231.nc ... done
  Downloading b.e21.BHISTsmbb.f09_g17.LE2-1281.013.cam.h1.PS.19900101-19991231.nc ... done
  Downloading b.e21.BHISTsmbb.f09_g17.LE2-1281.013.cam.h1.PS.20000101-20091231.nc ... done
  Downloading b.e21.BHISTsmbb.f09_g17.LE2-1281.013.cam.h1.PS.20100101-20141231.nc ... done
  Downloading b.e21.BSSP370smbb.f09_g17.LE2-1281.013.cam.h1.PS.20150101-20241231.nc ... done
  Downloading b.e21.BSSP370smbb.f09_g17.LE2-1281.013.cam.h1.PS.20250101-20341231.nc ... done
  Downloading b.e21.BSSP370smbb.f09_g17.LE2-1281.013.cam.h1.PS.20350101-20441231.nc ... done
  Downloading b.e21.BSSP370smbb.f09_g17.LE2-1281.013.cam.h1.PS.20450101-20541231.nc ... done
  Downloading b.e21.BSSP370smbb.f09_g17.LE2-1281.013.cam.h1.PS.20550101-20641231.nc ... done
  Downloading b.e21.BSSP370smbb.f09_g17.LE2-1281.013.cam.h1.PS.20650101-20741231.nc ... done
  Downloading b.e21.BSSP370smbb.f09_g17.LE2-1281.013.cam.h1.PS.20750101-20841231.nc ... done
  Downloading b.e21.BSSP370smbb.f09_g17.LE2-1281.013.cam.h1.PS.20850101-20941231.nc ... done
  Downloading b.e21.BSSP370smbb.f09_g17.LE2-1281.013.cam.h1.PS.20950101-21001231.nc ... done
  Downloading b.e21.BHISTsmbb.f09_g17.LE2-1281.013.cam.h1.WSPDSRFAV.18500101-18591231.nc ... done
  Downloading b.e21.BHISTsmbb.f09_g17.LE2-1281.013.cam.h1.WSPDSRFAV.18600101-18691231.nc ... done
  Downloading b.e21.BHISTsmbb.f09_g17.LE2-1281.013.cam.h1.WSPDSRFAV.18700101-18791231.nc ... done
  Downloading b.e21.BHISTsmbb.f09_g17.LE2-1281.013.cam.h1.WSPDSRFAV.18800101-18891231.nc ... done
  Downloading b.e21.BHISTsmbb.f09_g17.LE2-1281.013.cam.h1.WSPDSRFAV.18900101-18991231.nc ... done
  Downloading b.e21.BHISTsmbb.f09_g17.LE2-1281.013.cam.h1.WSPDSRFAV.19000101-19091231.nc ... done
  Downloading b.e21.BHISTsmbb.f09_g17.LE2-1281.013.cam.h1.WSPDSRFAV.19100101-19191231.nc ... done
  Downloading b.e21.BHISTsmbb.f09_g17.LE2-1281.013.cam.h1.WSPDSRFAV.19200101-19291231.nc ... done
  Downloading b.e21.BHISTsmbb.f09_g17.LE2-1281.013.cam.h1.WSPDSRFAV.19300101-19391231.nc ... done
  Downloading b.e21.BHISTsmbb.f09_g17.LE2-1281.013.cam.h1.WSPDSRFAV.19400101-19491231.nc ... done
  Downloading b.e21.BHISTsmbb.f09_g17.LE2-1281.013.cam.h1.WSPDSRFAV.19500101-19591231.nc ... done
  Downloading b.e21.BHISTsmbb.f09_g17.LE2-1281.013.cam.h1.WSPDSRFAV.19600101-19691231.nc ... done
  Downloading b.e21.BHISTsmbb.f09_g17.LE2-1281.013.cam.h1.WSPDSRFAV.19700101-19791231.nc ... done
  Downloading b.e21.BHISTsmbb.f09_g17.LE2-1281.013.cam.h1.WSPDSRFAV.19800101-19891231.nc ... done
  Downloading b.e21.BHISTsmbb.f09_g17.LE2-1281.013.cam.h1.WSPDSRFAV.19900101-19991231.nc ... done
  Downloading b.e21.BHISTsmbb.f09_g17.LE2-1281.013.cam.h1.WSPDSRFAV.20000101-20091231.nc ... done
  Downloading b.e21.BHISTsmbb.f09_g17.LE2-1281.013.cam.h1.WSPDSRFAV.20100101-20141231.nc ... done
  Downloading b.e21.BSSP370smbb.f09_g17.LE2-1281.013.cam.h1.WSPDSRFAV.20150101-20241231.nc ... done
  Downloading b.e21.BSSP370smbb.f09_g17.LE2-1281.013.cam.h1.WSPDSRFAV.20250101-20341231.nc ... done
  Downloading b.e21.BSSP370smbb.f09_g17.LE2-1281.013.cam.h1.WSPDSRFAV.20350101-20441231.nc ... done
  Downloading b.e21.BSSP370smbb.f09_g17.LE2-1281.013.cam.h1.WSPDSRFAV.20450101-20541231.nc ... done
  Downloading b.e21.BSSP370smbb.f09_g17.LE2-1281.013.cam.h1.WSPDSRFAV.20550101-20641231.nc ... done
  Downloading b.e21.BSSP370smbb.f09_g17.LE2-1281.013.cam.h1.WSPDSRFAV.20650101-20741231.nc ... done
  Downloading b.e21.BSSP370smbb.f09_g17.LE2-1281.013.cam.h1.WSPDSRFAV.20750101-20841231.nc ... done
  Downloading b.e21.BSSP370smbb.f09_g17.LE2-1281.013.cam.h1.WSPDSRFAV.20850101-20941231.nc ... done
  Downloading b.e21.BSSP370smbb.f09_g17.LE2-1281.013.cam.h1.WSPDSRFAV.20950101-21001231.nc ... done
  Downloading b.e21.BHISTsmbb.f09_g17.LE2-1281.013.cam.h1.QREFHT.18500101-18591231.nc ... done
  Downloading b.e21.BHISTsmbb.f09_g17.LE2-1281.013.cam.h1.QREFHT.18600101-18691231.nc ... done
  Downloading b.e21.BHISTsmbb.f09_g17.LE2-1281.013.cam.h1.QREFHT.18700101-18791231.nc ... done
  Downloading b.e21.BHISTsmbb.f09_g17.LE2-1281.013.cam.h1.QREFHT.18800101-18891231.nc ... done
  Downloading b.e21.BHISTsmbb.f09_g17.LE2-1281.013.cam.h1.QREFHT.18900101-18991231.nc ... done
  Downloading b.e21.BHISTsmbb.f09_g17.LE2-1281.013.cam.h1.QREFHT.19000101-19091231.nc ... done
  Downloading b.e21.BHISTsmbb.f09_g17.LE2-1281.013.cam.h1.QREFHT.19100101-19191231.nc ... done
  Downloading b.e21.BHISTsmbb.f09_g17.LE2-1281.013.cam.h1.QREFHT.19200101-19291231.nc ... done
  Downloading b.e21.BHISTsmbb.f09_g17.LE2-1281.013.cam.h1.QREFHT.19300101-19391231.nc ... done
  Downloading b.e21.BHISTsmbb.f09_g17.LE2-1281.013.cam.h1.QREFHT.19400101-19491231.nc ... done
  Downloading b.e21.BHISTsmbb.f09_g17.LE2-1281.013.cam.h1.QREFHT.19500101-19591231.nc ... done
  Downloading b.e21.BHISTsmbb.f09_g17.LE2-1281.013.cam.h1.QREFHT.19600101-19691231.nc ... done
  Downloading b.e21.BHISTsmbb.f09_g17.LE2-1281.013.cam.h1.QREFHT.19700101-19791231.nc ... done
  Downloading b.e21.BHISTsmbb.f09_g17.LE2-1281.013.cam.h1.QREFHT.19800101-19891231.nc ... done
  Downloading b.e21.BHISTsmbb.f09_g17.LE2-1281.013.cam.h1.QREFHT.19900101-19991231.nc ... done
  Downloading b.e21.BHISTsmbb.f09_g17.LE2-1281.013.cam.h1.QREFHT.20000101-20091231.nc ... done
  Downloading b.e21.BHISTsmbb.f09_g17.LE2-1281.013.cam.h1.QREFHT.20100101-20141231.nc ... done
  Downloading b.e21.BSSP370smbb.f09_g17.LE2-1281.013.cam.h1.QREFHT.20150101-20241231.nc ... done
  Downloading b.e21.BSSP370smbb.f09_g17.LE2-1281.013.cam.h1.QREFHT.20250101-20341231.nc ... done
  Downloading b.e21.BSSP370smbb.f09_g17.LE2-1281.013.cam.h1.QREFHT.20350101-20441231.nc ... done
  Downloading b.e21.BSSP370smbb.f09_g17.LE2-1281.013.cam.h1.QREFHT.20450101-20541231.nc ... done
  Downloading b.e21.BSSP370smbb.f09_g17.LE2-1281.013.cam.h1.QREFHT.20550101-20641231.nc ... done
  Downloading b.e21.BSSP370smbb.f09_g17.LE2-1281.013.cam.h1.QREFHT.20650101-20741231.nc ... done
  Downloading b.e21.BSSP370smbb.f09_g17.LE2-1281.013.cam.h1.QREFHT.20750101-20841231.nc ... done
  Downloading b.e21.BSSP370smbb.f09_g17.LE2-1281.013.cam.h1.QREFHT.20850101-20941231.nc ... done
  Downloading b.e21.BSSP370smbb.f09_g17.LE2-1281.013.cam.h1.QREFHT.20950101-21001231.nc ... done

================================================================================
Processing Member: LE2-1281.014
Destination: /data2/michsh/full_member_data/1281/014
================================================================================
Found 182 total historical and future files for this member.
  Downloading b.e21.BHISTsmbb.f09_g17.LE2-1281.014.cam.h1.TREFHTMX.18500101-18591231.nc ... done
  Downloading b.e21.BHISTsmbb.f09_g17.LE2-1281.014.cam.h1.TREFHTMX.18600101-18691231.nc ... done
  Downloading b.e21.BHISTsmbb.f09_g17.LE2-1281.014.cam.h1.TREFHTMX.18700101-18791231.nc ... done
  Downloading b.e21.BHISTsmbb.f09_g17.LE2-1281.014.cam.h1.TREFHTMX.18800101-18891231.nc ... done
  Downloading b.e21.BHISTsmbb.f09_g17.LE2-1281.014.cam.h1.TREFHTMX.18900101-18991231.nc ... done
  Downloading b.e21.BHISTsmbb.f09_g17.LE2-1281.014.cam.h1.TREFHTMX.19000101-19091231.nc ... done
  Downloading b.e21.BHISTsmbb.f09_g17.LE2-1281.014.cam.h1.TREFHTMX.19100101-19191231.nc ... done
  Downloading b.e21.BHISTsmbb.f09_g17.LE2-1281.014.cam.h1.TREFHTMX.19200101-19291231.nc ... done
  Downloading b.e21.BHISTsmbb.f09_g17.LE2-1281.014.cam.h1.TREFHTMX.19300101-19391231.nc ... done
  Downloading b.e21.BHISTsmbb.f09_g17.LE2-1281.014.cam.h1.TREFHTMX.19400101-19491231.nc ... done
  Downloading b.e21.BHISTsmbb.f09_g17.LE2-1281.014.cam.h1.TREFHTMX.19500101-19591231.nc ... done
  Downloading b.e21.BHISTsmbb.f09_g17.LE2-1281.014.cam.h1.TREFHTMX.19600101-19691231.nc ... done
  Downloading b.e21.BHISTsmbb.f09_g17.LE2-1281.014.cam.h1.TREFHTMX.19700101-19791231.nc ... done
  Downloading b.e21.BHISTsmbb.f09_g17.LE2-1281.014.cam.h1.TREFHTMX.19800101-19891231.nc ... done
  Downloading b.e21.BHISTsmbb.f09_g17.LE2-1281.014.cam.h1.TREFHTMX.19900101-19991231.nc ... done
  Downloading b.e21.BHISTsmbb.f09_g17.LE2-1281.014.cam.h1.TREFHTMX.20000101-20091231.nc ... done
  Downloading b.e21.BHISTsmbb.f09_g17.LE2-1281.014.cam.h1.TREFHTMX.20100101-20141231.nc ... done
  Downloading b.e21.BSSP370smbb.f09_g17.LE2-1281.014.cam.h1.TREFHTMX.20150101-20241231.nc ... done
  Downloading b.e21.BSSP370smbb.f09_g17.LE2-1281.014.cam.h1.TREFHTMX.20250101-20341231.nc ... done
  Downloading b.e21.BSSP370smbb.f09_g17.LE2-1281.014.cam.h1.TREFHTMX.20350101-20441231.nc ... done
  Downloading b.e21.BSSP370smbb.f09_g17.LE2-1281.014.cam.h1.TREFHTMX.20450101-20541231.nc ... done
  Downloading b.e21.BSSP370smbb.f09_g17.LE2-1281.014.cam.h1.TREFHTMX.20550101-20641231.nc ... done
  Downloading b.e21.BSSP370smbb.f09_g17.LE2-1281.014.cam.h1.TREFHTMX.20650101-20741231.nc ... done
  Downloading b.e21.BSSP370smbb.f09_g17.LE2-1281.014.cam.h1.TREFHTMX.20750101-20841231.nc ... done
  Downloading b.e21.BSSP370smbb.f09_g17.LE2-1281.014.cam.h1.TREFHTMX.20850101-20941231.nc ... done
  Downloading b.e21.BSSP370smbb.f09_g17.LE2-1281.014.cam.h1.TREFHTMX.20950101-21001231.nc ... done
  Downloading b.e21.BHISTsmbb.f09_g17.LE2-1281.014.cam.h1.TREFHTMN.18500101-18591231.nc ... done
  Downloading b.e21.BHISTsmbb.f09_g17.LE2-1281.014.cam.h1.TREFHTMN.18600101-18691231.nc ... done
  Downloading b.e21.BHISTsmbb.f09_g17.LE2-1281.014.cam.h1.TREFHTMN.18700101-18791231.nc ... done
  Downloading b.e21.BHISTsmbb.f09_g17.LE2-1281.014.cam.h1.TREFHTMN.18800101-18891231.nc ... done
  Downloading b.e21.BHISTsmbb.f09_g17.LE2-1281.014.cam.h1.TREFHTMN.18900101-18991231.nc ... done
  Downloading b.e21.BHISTsmbb.f09_g17.LE2-1281.014.cam.h1.TREFHTMN.19000101-19091231.nc ... done
  Downloading b.e21.BHISTsmbb.f09_g17.LE2-1281.014.cam.h1.TREFHTMN.19100101-19191231.nc ... done
  Downloading b.e21.BHISTsmbb.f09_g17.LE2-1281.014.cam.h1.TREFHTMN.19200101-19291231.nc ... done
  Downloading b.e21.BHISTsmbb.f09_g17.LE2-1281.014.cam.h1.TREFHTMN.19300101-19391231.nc ... done
  Downloading b.e21.BHISTsmbb.f09_g17.LE2-1281.014.cam.h1.TREFHTMN.19400101-19491231.nc ... done
  Downloading b.e21.BHISTsmbb.f09_g17.LE2-1281.014.cam.h1.TREFHTMN.19500101-19591231.nc ... done
  Downloading b.e21.BHISTsmbb.f09_g17.LE2-1281.014.cam.h1.TREFHTMN.19600101-19691231.nc ... done
  Downloading b.e21.BHISTsmbb.f09_g17.LE2-1281.014.cam.h1.TREFHTMN.19700101-19791231.nc ... done
  Downloading b.e21.BHISTsmbb.f09_g17.LE2-1281.014.cam.h1.TREFHTMN.19800101-19891231.nc ... done
  Downloading b.e21.BHISTsmbb.f09_g17.LE2-1281.014.cam.h1.TREFHTMN.19900101-19991231.nc ... done
  Downloading b.e21.BHISTsmbb.f09_g17.LE2-1281.014.cam.h1.TREFHTMN.20000101-20091231.nc ... done
  Downloading b.e21.BHISTsmbb.f09_g17.LE2-1281.014.cam.h1.TREFHTMN.20100101-20141231.nc ... done
  Downloading b.e21.BSSP370smbb.f09_g17.LE2-1281.014.cam.h1.TREFHTMN.20150101-20241231.nc ... done
  Downloading b.e21.BSSP370smbb.f09_g17.LE2-1281.014.cam.h1.TREFHTMN.20250101-20341231.nc ... done
  Downloading b.e21.BSSP370smbb.f09_g17.LE2-1281.014.cam.h1.TREFHTMN.20350101-20441231.nc ... done
  Downloading b.e21.BSSP370smbb.f09_g17.LE2-1281.014.cam.h1.TREFHTMN.20450101-20541231.nc ... done
  Downloading b.e21.BSSP370smbb.f09_g17.LE2-1281.014.cam.h1.TREFHTMN.20550101-20641231.nc ... done
  Downloading b.e21.BSSP370smbb.f09_g17.LE2-1281.014.cam.h1.TREFHTMN.20650101-20741231.nc ... done
  Downloading b.e21.BSSP370smbb.f09_g17.LE2-1281.014.cam.h1.TREFHTMN.20750101-20841231.nc ... done
  Downloading b.e21.BSSP370smbb.f09_g17.LE2-1281.014.cam.h1.TREFHTMN.20850101-20941231.nc ... done
  Downloading b.e21.BSSP370smbb.f09_g17.LE2-1281.014.cam.h1.TREFHTMN.20950101-21001231.nc ... done
  Downloading b.e21.BHISTsmbb.f09_g17.LE2-1281.014.cam.h1.FSNS.18500101-18591231.nc ... done
  Downloading b.e21.BHISTsmbb.f09_g17.LE2-1281.014.cam.h1.FSNS.18600101-18691231.nc ... done
  Downloading b.e21.BHISTsmbb.f09_g17.LE2-1281.014.cam.h1.FSNS.18700101-18791231.nc ... done
  Downloading b.e21.BHISTsmbb.f09_g17.LE2-1281.014.cam.h1.FSNS.18800101-18891231.nc ... done
  Downloading b.e21.BHISTsmbb.f09_g17.LE2-1281.014.cam.h1.FSNS.18900101-18991231.nc ... done
  Downloading b.e21.BHISTsmbb.f09_g17.LE2-1281.014.cam.h1.FSNS.19000101-19091231.nc ... done
  Downloading b.e21.BHISTsmbb.f09_g17.LE2-1281.014.cam.h1.FSNS.19100101-19191231.nc ... done
  Downloading b.e21.BHISTsmbb.f09_g17.LE2-1281.014.cam.h1.FSNS.19200101-19291231.nc ... done
  Downloading b.e21.BHISTsmbb.f09_g17.LE2-1281.014.cam.h1.FSNS.19300101-19391231.nc ... done
  Downloading b.e21.BHISTsmbb.f09_g17.LE2-1281.014.cam.h1.FSNS.19400101-19491231.nc ... done
  Downloading b.e21.BHISTsmbb.f09_g17.LE2-1281.014.cam.h1.FSNS.19500101-19591231.nc ... done
  Downloading b.e21.BHISTsmbb.f09_g17.LE2-1281.014.cam.h1.FSNS.19600101-19691231.nc ... done
  Downloading b.e21.BHISTsmbb.f09_g17.LE2-1281.014.cam.h1.FSNS.19700101-19791231.nc ... done
  Downloading b.e21.BHISTsmbb.f09_g17.LE2-1281.014.cam.h1.FSNS.19800101-19891231.nc ... done
  Downloading b.e21.BHISTsmbb.f09_g17.LE2-1281.014.cam.h1.FSNS.19900101-19991231.nc ... done
  Downloading b.e21.BHISTsmbb.f09_g17.LE2-1281.014.cam.h1.FSNS.20000101-20091231.nc ... done
  Downloading b.e21.BHISTsmbb.f09_g17.LE2-1281.014.cam.h1.FSNS.20100101-20141231.nc ... done
  Downloading b.e21.BSSP370smbb.f09_g17.LE2-1281.014.cam.h1.FSNS.20150101-20241231.nc ... done
  Downloading b.e21.BSSP370smbb.f09_g17.LE2-1281.014.cam.h1.FSNS.20250101-20341231.nc ... done
  Downloading b.e21.BSSP370smbb.f09_g17.LE2-1281.014.cam.h1.FSNS.20350101-20441231.nc ... done
  Downloading b.e21.BSSP370smbb.f09_g17.LE2-1281.014.cam.h1.FSNS.20450101-20541231.nc ... done
  Downloading b.e21.BSSP370smbb.f09_g17.LE2-1281.014.cam.h1.FSNS.20550101-20641231.nc ... done
  Downloading b.e21.BSSP370smbb.f09_g17.LE2-1281.014.cam.h1.FSNS.20650101-20741231.nc ... done
  Downloading b.e21.BSSP370smbb.f09_g17.LE2-1281.014.cam.h1.FSNS.20750101-20841231.nc ... done
  Downloading b.e21.BSSP370smbb.f09_g17.LE2-1281.014.cam.h1.FSNS.20850101-20941231.nc ... done
  Downloading b.e21.BSSP370smbb.f09_g17.LE2-1281.014.cam.h1.FSNS.20950101-21001231.nc ... done
  Downloading b.e21.BHISTsmbb.f09_g17.LE2-1281.014.cam.h1.FLNS.18500101-18591231.nc ... done
  Downloading b.e21.BHISTsmbb.f09_g17.LE2-1281.014.cam.h1.FLNS.18600101-18691231.nc ... done
  Downloading b.e21.BHISTsmbb.f09_g17.LE2-1281.014.cam.h1.FLNS.18700101-18791231.nc ... done
  Downloading b.e21.BHISTsmbb.f09_g17.LE2-1281.014.cam.h1.FLNS.18800101-18891231.nc ... done
  Downloading b.e21.BHISTsmbb.f09_g17.LE2-1281.014.cam.h1.FLNS.18900101-18991231.nc ... done
  Downloading b.e21.BHISTsmbb.f09_g17.LE2-1281.014.cam.h1.FLNS.19000101-19091231.nc ... done
  Downloading b.e21.BHISTsmbb.f09_g17.LE2-1281.014.cam.h1.FLNS.19100101-19191231.nc ... done
  Downloading b.e21.BHISTsmbb.f09_g17.LE2-1281.014.cam.h1.FLNS.19200101-19291231.nc ... done
  Downloading b.e21.BHISTsmbb.f09_g17.LE2-1281.014.cam.h1.FLNS.19300101-19391231.nc ... done
  Downloading b.e21.BHISTsmbb.f09_g17.LE2-1281.014.cam.h1.FLNS.19400101-19491231.nc ... done
  Downloading b.e21.BHISTsmbb.f09_g17.LE2-1281.014.cam.h1.FLNS.19500101-19591231.nc ... done
  Downloading b.e21.BHISTsmbb.f09_g17.LE2-1281.014.cam.h1.FLNS.19600101-19691231.nc ... done
  Downloading b.e21.BHISTsmbb.f09_g17.LE2-1281.014.cam.h1.FLNS.19700101-19791231.nc ... done
  Downloading b.e21.BHISTsmbb.f09_g17.LE2-1281.014.cam.h1.FLNS.19800101-19891231.nc ... done
  Downloading b.e21.BHISTsmbb.f09_g17.LE2-1281.014.cam.h1.FLNS.19900101-19991231.nc ... done
  Downloading b.e21.BHISTsmbb.f09_g17.LE2-1281.014.cam.h1.FLNS.20000101-20091231.nc ... done
  Downloading b.e21.BHISTsmbb.f09_g17.LE2-1281.014.cam.h1.FLNS.20100101-20141231.nc ... done
  Downloading b.e21.BSSP370smbb.f09_g17.LE2-1281.014.cam.h1.FLNS.20150101-20241231.nc ... done
  Downloading b.e21.BSSP370smbb.f09_g17.LE2-1281.014.cam.h1.FLNS.20250101-20341231.nc ... done
  Downloading b.e21.BSSP370smbb.f09_g17.LE2-1281.014.cam.h1.FLNS.20350101-20441231.nc ... done
  Downloading b.e21.BSSP370smbb.f09_g17.LE2-1281.014.cam.h1.FLNS.20450101-20541231.nc ... done
  Downloading b.e21.BSSP370smbb.f09_g17.LE2-1281.014.cam.h1.FLNS.20550101-20641231.nc ... done
  Downloading b.e21.BSSP370smbb.f09_g17.LE2-1281.014.cam.h1.FLNS.20650101-20741231.nc ... done
  Downloading b.e21.BSSP370smbb.f09_g17.LE2-1281.014.cam.h1.FLNS.20750101-20841231.nc ... done
  Downloading b.e21.BSSP370smbb.f09_g17.LE2-1281.014.cam.h1.FLNS.20850101-20941231.nc ... done
  Downloading b.e21.BSSP370smbb.f09_g17.LE2-1281.014.cam.h1.FLNS.20950101-21001231.nc ... done
  Downloading b.e21.BHISTsmbb.f09_g17.LE2-1281.014.cam.h1.PS.18500101-18591231.nc ... done
  Downloading b.e21.BHISTsmbb.f09_g17.LE2-1281.014.cam.h1.PS.18600101-18691231.nc ... done
  Downloading b.e21.BHISTsmbb.f09_g17.LE2-1281.014.cam.h1.PS.18700101-18791231.nc ... done
  Downloading b.e21.BHISTsmbb.f09_g17.LE2-1281.014.cam.h1.PS.18800101-18891231.nc ... done
  Downloading b.e21.BHISTsmbb.f09_g17.LE2-1281.014.cam.h1.PS.18900101-18991231.nc ... done
  Downloading b.e21.BHISTsmbb.f09_g17.LE2-1281.014.cam.h1.PS.19000101-19091231.nc ... done
  Downloading b.e21.BHISTsmbb.f09_g17.LE2-1281.014.cam.h1.PS.19100101-19191231.nc ... done
  Downloading b.e21.BHISTsmbb.f09_g17.LE2-1281.014.cam.h1.PS.19200101-19291231.nc ... done
  Downloading b.e21.BHISTsmbb.f09_g17.LE2-1281.014.cam.h1.PS.19300101-19391231.nc ... done
  Downloading b.e21.BHISTsmbb.f09_g17.LE2-1281.014.cam.h1.PS.19400101-19491231.nc ... done
  Downloading b.e21.BHISTsmbb.f09_g17.LE2-1281.014.cam.h1.PS.19500101-19591231.nc ... done
  Downloading b.e21.BHISTsmbb.f09_g17.LE2-1281.014.cam.h1.PS.19600101-19691231.nc ... done
  Downloading b.e21.BHISTsmbb.f09_g17.LE2-1281.014.cam.h1.PS.19700101-19791231.nc ... done
  Downloading b.e21.BHISTsmbb.f09_g17.LE2-1281.014.cam.h1.PS.19800101-19891231.nc ... done
  Downloading b.e21.BHISTsmbb.f09_g17.LE2-1281.014.cam.h1.PS.19900101-19991231.nc ... done
  Downloading b.e21.BHISTsmbb.f09_g17.LE2-1281.014.cam.h1.PS.20000101-20091231.nc ... done
  Downloading b.e21.BHISTsmbb.f09_g17.LE2-1281.014.cam.h1.PS.20100101-20141231.nc ... done
  Downloading b.e21.BSSP370smbb.f09_g17.LE2-1281.014.cam.h1.PS.20150101-20241231.nc ... done
  Downloading b.e21.BSSP370smbb.f09_g17.LE2-1281.014.cam.h1.PS.20250101-20341231.nc ... done
  Downloading b.e21.BSSP370smbb.f09_g17.LE2-1281.014.cam.h1.PS.20350101-20441231.nc ... done
  Downloading b.e21.BSSP370smbb.f09_g17.LE2-1281.014.cam.h1.PS.20450101-20541231.nc ... done
  Downloading b.e21.BSSP370smbb.f09_g17.LE2-1281.014.cam.h1.PS.20550101-20641231.nc ... done
  Downloading b.e21.BSSP370smbb.f09_g17.LE2-1281.014.cam.h1.PS.20650101-20741231.nc ... done
  Downloading b.e21.BSSP370smbb.f09_g17.LE2-1281.014.cam.h1.PS.20750101-20841231.nc ... done
  Downloading b.e21.BSSP370smbb.f09_g17.LE2-1281.014.cam.h1.PS.20850101-20941231.nc ... done
  Downloading b.e21.BSSP370smbb.f09_g17.LE2-1281.014.cam.h1.PS.20950101-21001231.nc ... done
  Downloading b.e21.BHISTsmbb.f09_g17.LE2-1281.014.cam.h1.WSPDSRFAV.18500101-18591231.nc ... done
  Downloading b.e21.BHISTsmbb.f09_g17.LE2-1281.014.cam.h1.WSPDSRFAV.18600101-18691231.nc ... done
  Downloading b.e21.BHISTsmbb.f09_g17.LE2-1281.014.cam.h1.WSPDSRFAV.18700101-18791231.nc ... done
  Downloading b.e21.BHISTsmbb.f09_g17.LE2-1281.014.cam.h1.WSPDSRFAV.18800101-18891231.nc ... done
  Downloading b.e21.BHISTsmbb.f09_g17.LE2-1281.014.cam.h1.WSPDSRFAV.18900101-18991231.nc ... done
  Downloading b.e21.BHISTsmbb.f09_g17.LE2-1281.014.cam.h1.WSPDSRFAV.19000101-19091231.nc ... done
  Downloading b.e21.BHISTsmbb.f09_g17.LE2-1281.014.cam.h1.WSPDSRFAV.19100101-19191231.nc ... done
  Downloading b.e21.BHISTsmbb.f09_g17.LE2-1281.014.cam.h1.WSPDSRFAV.19200101-19291231.nc ... done
  Downloading b.e21.BHISTsmbb.f09_g17.LE2-1281.014.cam.h1.WSPDSRFAV.19300101-19391231.nc ... done
  Downloading b.e21.BHISTsmbb.f09_g17.LE2-1281.014.cam.h1.WSPDSRFAV.19400101-19491231.nc ... done
  Downloading b.e21.BHISTsmbb.f09_g17.LE2-1281.014.cam.h1.WSPDSRFAV.19500101-19591231.nc ... done
  Downloading b.e21.BHISTsmbb.f09_g17.LE2-1281.014.cam.h1.WSPDSRFAV.19600101-19691231.nc ... done
  Downloading b.e21.BHISTsmbb.f09_g17.LE2-1281.014.cam.h1.WSPDSRFAV.19700101-19791231.nc ... done
  Downloading b.e21.BHISTsmbb.f09_g17.LE2-1281.014.cam.h1.WSPDSRFAV.19800101-19891231.nc ... done
  Downloading b.e21.BHISTsmbb.f09_g17.LE2-1281.014.cam.h1.WSPDSRFAV.19900101-19991231.nc ... done
  Downloading b.e21.BHISTsmbb.f09_g17.LE2-1281.014.cam.h1.WSPDSRFAV.20000101-20091231.nc ... done
  Downloading b.e21.BHISTsmbb.f09_g17.LE2-1281.014.cam.h1.WSPDSRFAV.20100101-20141231.nc ... done
  Downloading b.e21.BSSP370smbb.f09_g17.LE2-1281.014.cam.h1.WSPDSRFAV.20150101-20241231.nc ... done
  Downloading b.e21.BSSP370smbb.f09_g17.LE2-1281.014.cam.h1.WSPDSRFAV.20250101-20341231.nc ... done
  Downloading b.e21.BSSP370smbb.f09_g17.LE2-1281.014.cam.h1.WSPDSRFAV.20350101-20441231.nc ... done
  Downloading b.e21.BSSP370smbb.f09_g17.LE2-1281.014.cam.h1.WSPDSRFAV.20450101-20541231.nc ... done
  Downloading b.e21.BSSP370smbb.f09_g17.LE2-1281.014.cam.h1.WSPDSRFAV.20550101-20641231.nc ... done
  Downloading b.e21.BSSP370smbb.f09_g17.LE2-1281.014.cam.h1.WSPDSRFAV.20650101-20741231.nc ... done
  Downloading b.e21.BSSP370smbb.f09_g17.LE2-1281.014.cam.h1.WSPDSRFAV.20750101-20841231.nc ... done
  Downloading b.e21.BSSP370smbb.f09_g17.LE2-1281.014.cam.h1.WSPDSRFAV.20850101-20941231.nc ... done
  Downloading b.e21.BSSP370smbb.f09_g17.LE2-1281.014.cam.h1.WSPDSRFAV.20950101-21001231.nc ... done
  Downloading b.e21.BHISTsmbb.f09_g17.LE2-1281.014.cam.h1.QREFHT.18500101-18591231.nc ... done
  Downloading b.e21.BHISTsmbb.f09_g17.LE2-1281.014.cam.h1.QREFHT.18600101-18691231.nc ... done
  Downloading b.e21.BHISTsmbb.f09_g17.LE2-1281.014.cam.h1.QREFHT.18700101-18791231.nc ... done
  Downloading b.e21.BHISTsmbb.f09_g17.LE2-1281.014.cam.h1.QREFHT.18800101-18891231.nc ... done
  Downloading b.e21.BHISTsmbb.f09_g17.LE2-1281.014.cam.h1.QREFHT.18900101-18991231.nc ... done
  Downloading b.e21.BHISTsmbb.f09_g17.LE2-1281.014.cam.h1.QREFHT.19000101-19091231.nc ... done
  Downloading b.e21.BHISTsmbb.f09_g17.LE2-1281.014.cam.h1.QREFHT.19100101-19191231.nc ... done
  Downloading b.e21.BHISTsmbb.f09_g17.LE2-1281.014.cam.h1.QREFHT.19200101-19291231.nc ... done
  Downloading b.e21.BHISTsmbb.f09_g17.LE2-1281.014.cam.h1.QREFHT.19300101-19391231.nc ... done
  Downloading b.e21.BHISTsmbb.f09_g17.LE2-1281.014.cam.h1.QREFHT.19400101-19491231.nc ... done
  Downloading b.e21.BHISTsmbb.f09_g17.LE2-1281.014.cam.h1.QREFHT.19500101-19591231.nc ... done
  Downloading b.e21.BHISTsmbb.f09_g17.LE2-1281.014.cam.h1.QREFHT.19600101-19691231.nc ... done
  Downloading b.e21.BHISTsmbb.f09_g17.LE2-1281.014.cam.h1.QREFHT.19700101-19791231.nc ... done
  Downloading b.e21.BHISTsmbb.f09_g17.LE2-1281.014.cam.h1.QREFHT.19800101-19891231.nc ... done
  Downloading b.e21.BHISTsmbb.f09_g17.LE2-1281.014.cam.h1.QREFHT.19900101-19991231.nc ... done
  Downloading b.e21.BHISTsmbb.f09_g17.LE2-1281.014.cam.h1.QREFHT.20000101-20091231.nc ... done
  Downloading b.e21.BHISTsmbb.f09_g17.LE2-1281.014.cam.h1.QREFHT.20100101-20141231.nc ... done
  Downloading b.e21.BSSP370smbb.f09_g17.LE2-1281.014.cam.h1.QREFHT.20150101-20241231.nc ... done
  Downloading b.e21.BSSP370smbb.f09_g17.LE2-1281.014.cam.h1.QREFHT.20250101-20341231.nc ... done
  Downloading b.e21.BSSP370smbb.f09_g17.LE2-1281.014.cam.h1.QREFHT.20350101-20441231.nc ... done
  Downloading b.e21.BSSP370smbb.f09_g17.LE2-1281.014.cam.h1.QREFHT.20450101-20541231.nc ... done
  Downloading b.e21.BSSP370smbb.f09_g17.LE2-1281.014.cam.h1.QREFHT.20550101-20641231.nc ... done
  Downloading b.e21.BSSP370smbb.f09_g17.LE2-1281.014.cam.h1.QREFHT.20650101-20741231.nc ... done
  Downloading b.e21.BSSP370smbb.f09_g17.LE2-1281.014.cam.h1.QREFHT.20750101-20841231.nc ... done
  Downloading b.e21.BSSP370smbb.f09_g17.LE2-1281.014.cam.h1.QREFHT.20850101-20941231.nc ... done
  Downloading b.e21.BSSP370smbb.f09_g17.LE2-1281.014.cam.h1.QREFHT.20950101-21001231.nc ... done

================================================================================
Processing Member: LE2-1281.015
Destination: /data2/michsh/full_member_data/1281/015
================================================================================
Found 182 total historical and future files for this member.
  Downloading b.e21.BHISTsmbb.f09_g17.LE2-1281.015.cam.h1.TREFHTMX.18500101-18591231.nc ... done
  Downloading b.e21.BHISTsmbb.f09_g17.LE2-1281.015.cam.h1.TREFHTMX.18600101-18691231.nc ... done
  Downloading b.e21.BHISTsmbb.f09_g17.LE2-1281.015.cam.h1.TREFHTMX.18700101-18791231.nc ... done
  Downloading b.e21.BHISTsmbb.f09_g17.LE2-1281.015.cam.h1.TREFHTMX.18800101-18891231.nc ... done
  Downloading b.e21.BHISTsmbb.f09_g17.LE2-1281.015.cam.h1.TREFHTMX.18900101-18991231.nc ... done
  Downloading b.e21.BHISTsmbb.f09_g17.LE2-1281.015.cam.h1.TREFHTMX.19000101-19091231.nc ... done
  Downloading b.e21.BHISTsmbb.f09_g17.LE2-1281.015.cam.h1.TREFHTMX.19100101-19191231.nc ... done
  Downloading b.e21.BHISTsmbb.f09_g17.LE2-1281.015.cam.h1.TREFHTMX.19200101-19291231.nc ... done
  Downloading b.e21.BHISTsmbb.f09_g17.LE2-1281.015.cam.h1.TREFHTMX.19300101-19391231.nc ... done
  Downloading b.e21.BHISTsmbb.f09_g17.LE2-1281.015.cam.h1.TREFHTMX.19400101-19491231.nc ... done
  Downloading b.e21.BHISTsmbb.f09_g17.LE2-1281.015.cam.h1.TREFHTMX.19500101-19591231.nc ... done
  Downloading b.e21.BHISTsmbb.f09_g17.LE2-1281.015.cam.h1.TREFHTMX.19600101-19691231.nc ... done
  Downloading b.e21.BHISTsmbb.f09_g17.LE2-1281.015.cam.h1.TREFHTMX.19700101-19791231.nc ... done
  Downloading b.e21.BHISTsmbb.f09_g17.LE2-1281.015.cam.h1.TREFHTMX.19800101-19891231.nc ... done
  Downloading b.e21.BHISTsmbb.f09_g17.LE2-1281.015.cam.h1.TREFHTMX.19900101-19991231.nc ... done
  Downloading b.e21.BHISTsmbb.f09_g17.LE2-1281.015.cam.h1.TREFHTMX.20000101-20091231.nc ... done
  Downloading b.e21.BHISTsmbb.f09_g17.LE2-1281.015.cam.h1.TREFHTMX.20100101-20141231.nc ... done
  Downloading b.e21.BSSP370smbb.f09_g17.LE2-1281.015.cam.h1.TREFHTMX.20150101-20241231.nc ... done
  Downloading b.e21.BSSP370smbb.f09_g17.LE2-1281.015.cam.h1.TREFHTMX.20250101-20341231.nc ... done
  Downloading b.e21.BSSP370smbb.f09_g17.LE2-1281.015.cam.h1.TREFHTMX.20350101-20441231.nc ... done
  Downloading b.e21.BSSP370smbb.f09_g17.LE2-1281.015.cam.h1.TREFHTMX.20450101-20541231.nc ... done
  Downloading b.e21.BSSP370smbb.f09_g17.LE2-1281.015.cam.h1.TREFHTMX.20550101-20641231.nc ... done
  Downloading b.e21.BSSP370smbb.f09_g17.LE2-1281.015.cam.h1.TREFHTMX.20650101-20741231.nc ... done
  Downloading b.e21.BSSP370smbb.f09_g17.LE2-1281.015.cam.h1.TREFHTMX.20750101-20841231.nc ... done
  Downloading b.e21.BSSP370smbb.f09_g17.LE2-1281.015.cam.h1.TREFHTMX.20850101-20941231.nc ... done
  Downloading b.e21.BSSP370smbb.f09_g17.LE2-1281.015.cam.h1.TREFHTMX.20950101-21001231.nc ... done
  Downloading b.e21.BHISTsmbb.f09_g17.LE2-1281.015.cam.h1.TREFHTMN.18500101-18591231.nc ... done
  Downloading b.e21.BHISTsmbb.f09_g17.LE2-1281.015.cam.h1.TREFHTMN.18600101-18691231.nc ... done
  Downloading b.e21.BHISTsmbb.f09_g17.LE2-1281.015.cam.h1.TREFHTMN.18700101-18791231.nc ... done
  Downloading b.e21.BHISTsmbb.f09_g17.LE2-1281.015.cam.h1.TREFHTMN.18800101-18891231.nc ... done
  Downloading b.e21.BHISTsmbb.f09_g17.LE2-1281.015.cam.h1.TREFHTMN.18900101-18991231.nc ... done
  Downloading b.e21.BHISTsmbb.f09_g17.LE2-1281.015.cam.h1.TREFHTMN.19000101-19091231.nc ... done
  Downloading b.e21.BHISTsmbb.f09_g17.LE2-1281.015.cam.h1.TREFHTMN.19100101-19191231.nc ... done
  Downloading b.e21.BHISTsmbb.f09_g17.LE2-1281.015.cam.h1.TREFHTMN.19200101-19291231.nc ... done
  Downloading b.e21.BHISTsmbb.f09_g17.LE2-1281.015.cam.h1.TREFHTMN.19300101-19391231.nc ... done
  Downloading b.e21.BHISTsmbb.f09_g17.LE2-1281.015.cam.h1.TREFHTMN.19400101-19491231.nc ... done
  Downloading b.e21.BHISTsmbb.f09_g17.LE2-1281.015.cam.h1.TREFHTMN.19500101-19591231.nc ... done
  Downloading b.e21.BHISTsmbb.f09_g17.LE2-1281.015.cam.h1.TREFHTMN.19600101-19691231.nc ... done
  Downloading b.e21.BHISTsmbb.f09_g17.LE2-1281.015.cam.h1.TREFHTMN.19700101-19791231.nc ... done
  Downloading b.e21.BHISTsmbb.f09_g17.LE2-1281.015.cam.h1.TREFHTMN.19800101-19891231.nc ... done
  Downloading b.e21.BHISTsmbb.f09_g17.LE2-1281.015.cam.h1.TREFHTMN.19900101-19991231.nc ... done
  Downloading b.e21.BHISTsmbb.f09_g17.LE2-1281.015.cam.h1.TREFHTMN.20000101-20091231.nc ... done
  Downloading b.e21.BHISTsmbb.f09_g17.LE2-1281.015.cam.h1.TREFHTMN.20100101-20141231.nc ... done
  Downloading b.e21.BSSP370smbb.f09_g17.LE2-1281.015.cam.h1.TREFHTMN.20150101-20241231.nc ... done
  Downloading b.e21.BSSP370smbb.f09_g17.LE2-1281.015.cam.h1.TREFHTMN.20250101-20341231.nc ... done
  Downloading b.e21.BSSP370smbb.f09_g17.LE2-1281.015.cam.h1.TREFHTMN.20350101-20441231.nc ... done
  Downloading b.e21.BSSP370smbb.f09_g17.LE2-1281.015.cam.h1.TREFHTMN.20450101-20541231.nc ... done
  Downloading b.e21.BSSP370smbb.f09_g17.LE2-1281.015.cam.h1.TREFHTMN.20550101-20641231.nc ... done
  Downloading b.e21.BSSP370smbb.f09_g17.LE2-1281.015.cam.h1.TREFHTMN.20650101-20741231.nc ... done
  Downloading b.e21.BSSP370smbb.f09_g17.LE2-1281.015.cam.h1.TREFHTMN.20750101-20841231.nc ... done
  Downloading b.e21.BSSP370smbb.f09_g17.LE2-1281.015.cam.h1.TREFHTMN.20850101-20941231.nc ... done
  Downloading b.e21.BSSP370smbb.f09_g17.LE2-1281.015.cam.h1.TREFHTMN.20950101-21001231.nc ... done
  Downloading b.e21.BHISTsmbb.f09_g17.LE2-1281.015.cam.h1.FSNS.18500101-18591231.nc ... done
  Downloading b.e21.BHISTsmbb.f09_g17.LE2-1281.015.cam.h1.FSNS.18600101-18691231.nc ... done
  Downloading b.e21.BHISTsmbb.f09_g17.LE2-1281.015.cam.h1.FSNS.18700101-18791231.nc ... done
  Downloading b.e21.BHISTsmbb.f09_g17.LE2-1281.015.cam.h1.FSNS.18800101-18891231.nc ... done
  Downloading b.e21.BHISTsmbb.f09_g17.LE2-1281.015.cam.h1.FSNS.18900101-18991231.nc ... done
  Downloading b.e21.BHISTsmbb.f09_g17.LE2-1281.015.cam.h1.FSNS.19000101-19091231.nc ... done
  Downloading b.e21.BHISTsmbb.f09_g17.LE2-1281.015.cam.h1.FSNS.19100101-19191231.nc ... done
  Downloading b.e21.BHISTsmbb.f09_g17.LE2-1281.015.cam.h1.FSNS.19200101-19291231.nc ... done
  Downloading b.e21.BHISTsmbb.f09_g17.LE2-1281.015.cam.h1.FSNS.19300101-19391231.nc ... done
  Downloading b.e21.BHISTsmbb.f09_g17.LE2-1281.015.cam.h1.FSNS.19400101-19491231.nc ... done
  Downloading b.e21.BHISTsmbb.f09_g17.LE2-1281.015.cam.h1.FSNS.19500101-19591231.nc ... done
  Downloading b.e21.BHISTsmbb.f09_g17.LE2-1281.015.cam.h1.FSNS.19600101-19691231.nc ... done
  Downloading b.e21.BHISTsmbb.f09_g17.LE2-1281.015.cam.h1.FSNS.19700101-19791231.nc ... done
  Downloading b.e21.BHISTsmbb.f09_g17.LE2-1281.015.cam.h1.FSNS.19800101-19891231.nc ... done
  Downloading b.e21.BHISTsmbb.f09_g17.LE2-1281.015.cam.h1.FSNS.19900101-19991231.nc ... done
  Downloading b.e21.BHISTsmbb.f09_g17.LE2-1281.015.cam.h1.FSNS.20000101-20091231.nc ... done
  Downloading b.e21.BHISTsmbb.f09_g17.LE2-1281.015.cam.h1.FSNS.20100101-20141231.nc ... done
  Downloading b.e21.BSSP370smbb.f09_g17.LE2-1281.015.cam.h1.FSNS.20150101-20241231.nc ... done
  Downloading b.e21.BSSP370smbb.f09_g17.LE2-1281.015.cam.h1.FSNS.20250101-20341231.nc ... done
  Downloading b.e21.BSSP370smbb.f09_g17.LE2-1281.015.cam.h1.FSNS.20350101-20441231.nc ... done
  Downloading b.e21.BSSP370smbb.f09_g17.LE2-1281.015.cam.h1.FSNS.20450101-20541231.nc ... done
  Downloading b.e21.BSSP370smbb.f09_g17.LE2-1281.015.cam.h1.FSNS.20550101-20641231.nc ... done
  Downloading b.e21.BSSP370smbb.f09_g17.LE2-1281.015.cam.h1.FSNS.20650101-20741231.nc ... done
  Downloading b.e21.BSSP370smbb.f09_g17.LE2-1281.015.cam.h1.FSNS.20750101-20841231.nc ... done
  Downloading b.e21.BSSP370smbb.f09_g17.LE2-1281.015.cam.h1.FSNS.20850101-20941231.nc ... done
  Downloading b.e21.BSSP370smbb.f09_g17.LE2-1281.015.cam.h1.FSNS.20950101-21001231.nc ... done
  Downloading b.e21.BHISTsmbb.f09_g17.LE2-1281.015.cam.h1.FLNS.18500101-18591231.nc ... done
  Downloading b.e21.BHISTsmbb.f09_g17.LE2-1281.015.cam.h1.FLNS.18600101-18691231.nc ... done
  Downloading b.e21.BHISTsmbb.f09_g17.LE2-1281.015.cam.h1.FLNS.18700101-18791231.nc ... done
  Downloading b.e21.BHISTsmbb.f09_g17.LE2-1281.015.cam.h1.FLNS.18800101-18891231.nc ... done
  Downloading b.e21.BHISTsmbb.f09_g17.LE2-1281.015.cam.h1.FLNS.18900101-18991231.nc ... done
  Downloading b.e21.BHISTsmbb.f09_g17.LE2-1281.015.cam.h1.FLNS.19000101-19091231.nc ... done
  Downloading b.e21.BHISTsmbb.f09_g17.LE2-1281.015.cam.h1.FLNS.19100101-19191231.nc ... done
  Downloading b.e21.BHISTsmbb.f09_g17.LE2-1281.015.cam.h1.FLNS.19200101-19291231.nc ... done
  Downloading b.e21.BHISTsmbb.f09_g17.LE2-1281.015.cam.h1.FLNS.19300101-19391231.nc ... done
  Downloading b.e21.BHISTsmbb.f09_g17.LE2-1281.015.cam.h1.FLNS.19400101-19491231.nc ... done
  Downloading b.e21.BHISTsmbb.f09_g17.LE2-1281.015.cam.h1.FLNS.19500101-19591231.nc ... done
  Downloading b.e21.BHISTsmbb.f09_g17.LE2-1281.015.cam.h1.FLNS.19600101-19691231.nc ... done
  Downloading b.e21.BHISTsmbb.f09_g17.LE2-1281.015.cam.h1.FLNS.19700101-19791231.nc ... done
  Downloading b.e21.BHISTsmbb.f09_g17.LE2-1281.015.cam.h1.FLNS.19800101-19891231.nc ... done
  Downloading b.e21.BHISTsmbb.f09_g17.LE2-1281.015.cam.h1.FLNS.19900101-19991231.nc ... done
  Downloading b.e21.BHISTsmbb.f09_g17.LE2-1281.015.cam.h1.FLNS.20000101-20091231.nc ... done
  Downloading b.e21.BHISTsmbb.f09_g17.LE2-1281.015.cam.h1.FLNS.20100101-20141231.nc ... done
  Downloading b.e21.BSSP370smbb.f09_g17.LE2-1281.015.cam.h1.FLNS.20150101-20241231.nc ... done
  Downloading b.e21.BSSP370smbb.f09_g17.LE2-1281.015.cam.h1.FLNS.20250101-20341231.nc ... done
  Downloading b.e21.BSSP370smbb.f09_g17.LE2-1281.015.cam.h1.FLNS.20350101-20441231.nc ... done
  Downloading b.e21.BSSP370smbb.f09_g17.LE2-1281.015.cam.h1.FLNS.20450101-20541231.nc ... done
  Downloading b.e21.BSSP370smbb.f09_g17.LE2-1281.015.cam.h1.FLNS.20550101-20641231.nc ... done
  Downloading b.e21.BSSP370smbb.f09_g17.LE2-1281.015.cam.h1.FLNS.20650101-20741231.nc ... done
  Downloading b.e21.BSSP370smbb.f09_g17.LE2-1281.015.cam.h1.FLNS.20750101-20841231.nc ... done
  Downloading b.e21.BSSP370smbb.f09_g17.LE2-1281.015.cam.h1.FLNS.20850101-20941231.nc ... done
  Downloading b.e21.BSSP370smbb.f09_g17.LE2-1281.015.cam.h1.FLNS.20950101-21001231.nc ... done
  Downloading b.e21.BHISTsmbb.f09_g17.LE2-1281.015.cam.h1.PS.18500101-18591231.nc ... done
  Downloading b.e21.BHISTsmbb.f09_g17.LE2-1281.015.cam.h1.PS.18600101-18691231.nc ... done
  Downloading b.e21.BHISTsmbb.f09_g17.LE2-1281.015.cam.h1.PS.18700101-18791231.nc ... done
  Downloading b.e21.BHISTsmbb.f09_g17.LE2-1281.015.cam.h1.PS.18800101-18891231.nc ... done
  Downloading b.e21.BHISTsmbb.f09_g17.LE2-1281.015.cam.h1.PS.18900101-18991231.nc ... done
  Downloading b.e21.BHISTsmbb.f09_g17.LE2-1281.015.cam.h1.PS.19000101-19091231.nc ... done
  Downloading b.e21.BHISTsmbb.f09_g17.LE2-1281.015.cam.h1.PS.19100101-19191231.nc ... done
  Downloading b.e21.BHISTsmbb.f09_g17.LE2-1281.015.cam.h1.PS.19200101-19291231.nc ... done
  Downloading b.e21.BHISTsmbb.f09_g17.LE2-1281.015.cam.h1.PS.19300101-19391231.nc ... done
  Downloading b.e21.BHISTsmbb.f09_g17.LE2-1281.015.cam.h1.PS.19400101-19491231.nc ... done
  Downloading b.e21.BHISTsmbb.f09_g17.LE2-1281.015.cam.h1.PS.19500101-19591231.nc ... done
  Downloading b.e21.BHISTsmbb.f09_g17.LE2-1281.015.cam.h1.PS.19600101-19691231.nc ... done
  Downloading b.e21.BHISTsmbb.f09_g17.LE2-1281.015.cam.h1.PS.19700101-19791231.nc ... done
  Downloading b.e21.BHISTsmbb.f09_g17.LE2-1281.015.cam.h1.PS.19800101-19891231.nc ... done
  Downloading b.e21.BHISTsmbb.f09_g17.LE2-1281.015.cam.h1.PS.19900101-19991231.nc ... done
  Downloading b.e21.BHISTsmbb.f09_g17.LE2-1281.015.cam.h1.PS.20000101-20091231.nc ... done
  Downloading b.e21.BHISTsmbb.f09_g17.LE2-1281.015.cam.h1.PS.20100101-20141231.nc ... done
  Downloading b.e21.BSSP370smbb.f09_g17.LE2-1281.015.cam.h1.PS.20150101-20241231.nc ... done
  Downloading b.e21.BSSP370smbb.f09_g17.LE2-1281.015.cam.h1.PS.20250101-20341231.nc ... done
  Downloading b.e21.BSSP370smbb.f09_g17.LE2-1281.015.cam.h1.PS.20350101-20441231.nc ... done
  Downloading b.e21.BSSP370smbb.f09_g17.LE2-1281.015.cam.h1.PS.20450101-20541231.nc ... done
  Downloading b.e21.BSSP370smbb.f09_g17.LE2-1281.015.cam.h1.PS.20550101-20641231.nc ... done
  Downloading b.e21.BSSP370smbb.f09_g17.LE2-1281.015.cam.h1.PS.20650101-20741231.nc ... done
  Downloading b.e21.BSSP370smbb.f09_g17.LE2-1281.015.cam.h1.PS.20750101-20841231.nc ... done
  Downloading b.e21.BSSP370smbb.f09_g17.LE2-1281.015.cam.h1.PS.20850101-20941231.nc ... done
  Downloading b.e21.BSSP370smbb.f09_g17.LE2-1281.015.cam.h1.PS.20950101-21001231.nc ... done
  Downloading b.e21.BHISTsmbb.f09_g17.LE2-1281.015.cam.h1.WSPDSRFAV.18500101-18591231.nc ... done
  Downloading b.e21.BHISTsmbb.f09_g17.LE2-1281.015.cam.h1.WSPDSRFAV.18600101-18691231.nc ... done
  Downloading b.e21.BHISTsmbb.f09_g17.LE2-1281.015.cam.h1.WSPDSRFAV.18700101-18791231.nc ... done
  Downloading b.e21.BHISTsmbb.f09_g17.LE2-1281.015.cam.h1.WSPDSRFAV.18800101-18891231.nc ... done
  Downloading b.e21.BHISTsmbb.f09_g17.LE2-1281.015.cam.h1.WSPDSRFAV.18900101-18991231.nc ... done
  Downloading b.e21.BHISTsmbb.f09_g17.LE2-1281.015.cam.h1.WSPDSRFAV.19000101-19091231.nc ... done
  Downloading b.e21.BHISTsmbb.f09_g17.LE2-1281.015.cam.h1.WSPDSRFAV.19100101-19191231.nc ... done
  Downloading b.e21.BHISTsmbb.f09_g17.LE2-1281.015.cam.h1.WSPDSRFAV.19200101-19291231.nc ... done
  Downloading b.e21.BHISTsmbb.f09_g17.LE2-1281.015.cam.h1.WSPDSRFAV.19300101-19391231.nc ... done
  Downloading b.e21.BHISTsmbb.f09_g17.LE2-1281.015.cam.h1.WSPDSRFAV.19400101-19491231.nc ... done
  Downloading b.e21.BHISTsmbb.f09_g17.LE2-1281.015.cam.h1.WSPDSRFAV.19500101-19591231.nc ... done
  Downloading b.e21.BHISTsmbb.f09_g17.LE2-1281.015.cam.h1.WSPDSRFAV.19600101-19691231.nc ... done
  Downloading b.e21.BHISTsmbb.f09_g17.LE2-1281.015.cam.h1.WSPDSRFAV.19700101-19791231.nc ... done
  Downloading b.e21.BHISTsmbb.f09_g17.LE2-1281.015.cam.h1.WSPDSRFAV.19800101-19891231.nc ... done
  Downloading b.e21.BHISTsmbb.f09_g17.LE2-1281.015.cam.h1.WSPDSRFAV.19900101-19991231.nc ... done
  Downloading b.e21.BHISTsmbb.f09_g17.LE2-1281.015.cam.h1.WSPDSRFAV.20000101-20091231.nc ... done
  Downloading b.e21.BHISTsmbb.f09_g17.LE2-1281.015.cam.h1.WSPDSRFAV.20100101-20141231.nc ... done
  Downloading b.e21.BSSP370smbb.f09_g17.LE2-1281.015.cam.h1.WSPDSRFAV.20150101-20241231.nc ... done
  Downloading b.e21.BSSP370smbb.f09_g17.LE2-1281.015.cam.h1.WSPDSRFAV.20250101-20341231.nc ... done
  Downloading b.e21.BSSP370smbb.f09_g17.LE2-1281.015.cam.h1.WSPDSRFAV.20350101-20441231.nc ... done
  Downloading b.e21.BSSP370smbb.f09_g17.LE2-1281.015.cam.h1.WSPDSRFAV.20450101-20541231.nc ... done
  Downloading b.e21.BSSP370smbb.f09_g17.LE2-1281.015.cam.h1.WSPDSRFAV.20550101-20641231.nc ... done
  Downloading b.e21.BSSP370smbb.f09_g17.LE2-1281.015.cam.h1.WSPDSRFAV.20650101-20741231.nc ... done
  Downloading b.e21.BSSP370smbb.f09_g17.LE2-1281.015.cam.h1.WSPDSRFAV.20750101-20841231.nc ... done
  Downloading b.e21.BSSP370smbb.f09_g17.LE2-1281.015.cam.h1.WSPDSRFAV.20850101-20941231.nc ... done
  Downloading b.e21.BSSP370smbb.f09_g17.LE2-1281.015.cam.h1.WSPDSRFAV.20950101-21001231.nc ... done
  Downloading b.e21.BHISTsmbb.f09_g17.LE2-1281.015.cam.h1.QREFHT.18500101-18591231.nc ... done
  Downloading b.e21.BHISTsmbb.f09_g17.LE2-1281.015.cam.h1.QREFHT.18600101-18691231.nc ... done
  Downloading b.e21.BHISTsmbb.f09_g17.LE2-1281.015.cam.h1.QREFHT.18700101-18791231.nc ... done
  Downloading b.e21.BHISTsmbb.f09_g17.LE2-1281.015.cam.h1.QREFHT.18800101-18891231.nc ... done
  Downloading b.e21.BHISTsmbb.f09_g17.LE2-1281.015.cam.h1.QREFHT.18900101-18991231.nc ... done
  Downloading b.e21.BHISTsmbb.f09_g17.LE2-1281.015.cam.h1.QREFHT.19000101-19091231.nc ... done
  Downloading b.e21.BHISTsmbb.f09_g17.LE2-1281.015.cam.h1.QREFHT.19100101-19191231.nc ... done
  Downloading b.e21.BHISTsmbb.f09_g17.LE2-1281.015.cam.h1.QREFHT.19200101-19291231.nc ... done
  Downloading b.e21.BHISTsmbb.f09_g17.LE2-1281.015.cam.h1.QREFHT.19300101-19391231.nc ... done
  Downloading b.e21.BHISTsmbb.f09_g17.LE2-1281.015.cam.h1.QREFHT.19400101-19491231.nc ... done
  Downloading b.e21.BHISTsmbb.f09_g17.LE2-1281.015.cam.h1.QREFHT.19500101-19591231.nc ... done
  Downloading b.e21.BHISTsmbb.f09_g17.LE2-1281.015.cam.h1.QREFHT.19600101-19691231.nc ... done
  Downloading b.e21.BHISTsmbb.f09_g17.LE2-1281.015.cam.h1.QREFHT.19700101-19791231.nc ... done
  Downloading b.e21.BHISTsmbb.f09_g17.LE2-1281.015.cam.h1.QREFHT.19800101-19891231.nc ... done
  Downloading b.e21.BHISTsmbb.f09_g17.LE2-1281.015.cam.h1.QREFHT.19900101-19991231.nc ... done
  Downloading b.e21.BHISTsmbb.f09_g17.LE2-1281.015.cam.h1.QREFHT.20000101-20091231.nc ... done
  Downloading b.e21.BHISTsmbb.f09_g17.LE2-1281.015.cam.h1.QREFHT.20100101-20141231.nc ... done
  Downloading b.e21.BSSP370smbb.f09_g17.LE2-1281.015.cam.h1.QREFHT.20150101-20241231.nc ... done
  Downloading b.e21.BSSP370smbb.f09_g17.LE2-1281.015.cam.h1.QREFHT.20250101-20341231.nc ... done
  Downloading b.e21.BSSP370smbb.f09_g17.LE2-1281.015.cam.h1.QREFHT.20350101-20441231.nc ... done
  Downloading b.e21.BSSP370smbb.f09_g17.LE2-1281.015.cam.h1.QREFHT.20450101-20541231.nc ... done
  Downloading b.e21.BSSP370smbb.f09_g17.LE2-1281.015.cam.h1.QREFHT.20550101-20641231.nc ... done
  Downloading b.e21.BSSP370smbb.f09_g17.LE2-1281.015.cam.h1.QREFHT.20650101-20741231.nc ... done
  Downloading b.e21.BSSP370smbb.f09_g17.LE2-1281.015.cam.h1.QREFHT.20750101-20841231.nc ... done
  Downloading b.e21.BSSP370smbb.f09_g17.LE2-1281.015.cam.h1.QREFHT.20850101-20941231.nc ... done
  Downloading b.e21.BSSP370smbb.f09_g17.LE2-1281.015.cam.h1.QREFHT.20950101-21001231.nc ... done

================================================================================
Processing Member: LE2-1281.016
Destination: /data2/michsh/full_member_data/1281/016
================================================================================
Found 182 total historical and future files for this member.
  Downloading b.e21.BHISTsmbb.f09_g17.LE2-1281.016.cam.h1.TREFHTMX.18500101-18591231.nc ... done
  Downloading b.e21.BHISTsmbb.f09_g17.LE2-1281.016.cam.h1.TREFHTMX.18600101-18691231.nc ... done
  Downloading b.e21.BHISTsmbb.f09_g17.LE2-1281.016.cam.h1.TREFHTMX.18700101-18791231.nc ... done
  Downloading b.e21.BHISTsmbb.f09_g17.LE2-1281.016.cam.h1.TREFHTMX.18800101-18891231.nc ... done
  Downloading b.e21.BHISTsmbb.f09_g17.LE2-1281.016.cam.h1.TREFHTMX.18900101-18991231.nc ... done
  Downloading b.e21.BHISTsmbb.f09_g17.LE2-1281.016.cam.h1.TREFHTMX.19000101-19091231.nc ... done
  Downloading b.e21.BHISTsmbb.f09_g17.LE2-1281.016.cam.h1.TREFHTMX.19100101-19191231.nc ... done
  Downloading b.e21.BHISTsmbb.f09_g17.LE2-1281.016.cam.h1.TREFHTMX.19200101-19291231.nc ... done
  Downloading b.e21.BHISTsmbb.f09_g17.LE2-1281.016.cam.h1.TREFHTMX.19300101-19391231.nc ... done
  Downloading b.e21.BHISTsmbb.f09_g17.LE2-1281.016.cam.h1.TREFHTMX.19400101-19491231.nc ... done
  Downloading b.e21.BHISTsmbb.f09_g17.LE2-1281.016.cam.h1.TREFHTMX.19500101-19591231.nc ... done
  Downloading b.e21.BHISTsmbb.f09_g17.LE2-1281.016.cam.h1.TREFHTMX.19600101-19691231.nc ... done
  Downloading b.e21.BHISTsmbb.f09_g17.LE2-1281.016.cam.h1.TREFHTMX.19700101-19791231.nc ... done
  Downloading b.e21.BHISTsmbb.f09_g17.LE2-1281.016.cam.h1.TREFHTMX.19800101-19891231.nc ... done
  Downloading b.e21.BHISTsmbb.f09_g17.LE2-1281.016.cam.h1.TREFHTMX.19900101-19991231.nc ... done
  Downloading b.e21.BHISTsmbb.f09_g17.LE2-1281.016.cam.h1.TREFHTMX.20000101-20091231.nc ... done
  Downloading b.e21.BHISTsmbb.f09_g17.LE2-1281.016.cam.h1.TREFHTMX.20100101-20141231.nc ... done
  Downloading b.e21.BSSP370smbb.f09_g17.LE2-1281.016.cam.h1.TREFHTMX.20150101-20241231.nc ... done
  Downloading b.e21.BSSP370smbb.f09_g17.LE2-1281.016.cam.h1.TREFHTMX.20250101-20341231.nc ... done
  Downloading b.e21.BSSP370smbb.f09_g17.LE2-1281.016.cam.h1.TREFHTMX.20350101-20441231.nc ... done
  Downloading b.e21.BSSP370smbb.f09_g17.LE2-1281.016.cam.h1.TREFHTMX.20450101-20541231.nc ... done
  Downloading b.e21.BSSP370smbb.f09_g17.LE2-1281.016.cam.h1.TREFHTMX.20550101-20641231.nc ... done
  Downloading b.e21.BSSP370smbb.f09_g17.LE2-1281.016.cam.h1.TREFHTMX.20650101-20741231.nc ... done
  Downloading b.e21.BSSP370smbb.f09_g17.LE2-1281.016.cam.h1.TREFHTMX.20750101-20841231.nc ... done
  Downloading b.e21.BSSP370smbb.f09_g17.LE2-1281.016.cam.h1.TREFHTMX.20850101-20941231.nc ... done
  Downloading b.e21.BSSP370smbb.f09_g17.LE2-1281.016.cam.h1.TREFHTMX.20950101-21001231.nc ... done
  Downloading b.e21.BHISTsmbb.f09_g17.LE2-1281.016.cam.h1.TREFHTMN.18500101-18591231.nc ... done
  Downloading b.e21.BHISTsmbb.f09_g17.LE2-1281.016.cam.h1.TREFHTMN.18600101-18691231.nc ... done
  Downloading b.e21.BHISTsmbb.f09_g17.LE2-1281.016.cam.h1.TREFHTMN.18700101-18791231.nc ... done
  Downloading b.e21.BHISTsmbb.f09_g17.LE2-1281.016.cam.h1.TREFHTMN.18800101-18891231.nc ... done
  Downloading b.e21.BHISTsmbb.f09_g17.LE2-1281.016.cam.h1.TREFHTMN.18900101-18991231.nc ... done
  Downloading b.e21.BHISTsmbb.f09_g17.LE2-1281.016.cam.h1.TREFHTMN.19000101-19091231.nc ... done
  Downloading b.e21.BHISTsmbb.f09_g17.LE2-1281.016.cam.h1.TREFHTMN.19100101-19191231.nc ... done
  Downloading b.e21.BHISTsmbb.f09_g17.LE2-1281.016.cam.h1.TREFHTMN.19200101-19291231.nc ... done
  Downloading b.e21.BHISTsmbb.f09_g17.LE2-1281.016.cam.h1.TREFHTMN.19300101-19391231.nc ... done
  Downloading b.e21.BHISTsmbb.f09_g17.LE2-1281.016.cam.h1.TREFHTMN.19400101-19491231.nc ... done
  Downloading b.e21.BHISTsmbb.f09_g17.LE2-1281.016.cam.h1.TREFHTMN.19500101-19591231.nc ... done
  Downloading b.e21.BHISTsmbb.f09_g17.LE2-1281.016.cam.h1.TREFHTMN.19600101-19691231.nc ... done
  Downloading b.e21.BHISTsmbb.f09_g17.LE2-1281.016.cam.h1.TREFHTMN.19700101-19791231.nc ... done
  Downloading b.e21.BHISTsmbb.f09_g17.LE2-1281.016.cam.h1.TREFHTMN.19800101-19891231.nc ... done
  Downloading b.e21.BHISTsmbb.f09_g17.LE2-1281.016.cam.h1.TREFHTMN.19900101-19991231.nc ... done
  Downloading b.e21.BHISTsmbb.f09_g17.LE2-1281.016.cam.h1.TREFHTMN.20000101-20091231.nc ... done
  Downloading b.e21.BHISTsmbb.f09_g17.LE2-1281.016.cam.h1.TREFHTMN.20100101-20141231.nc ... done
  Downloading b.e21.BSSP370smbb.f09_g17.LE2-1281.016.cam.h1.TREFHTMN.20150101-20241231.nc ... done
  Downloading b.e21.BSSP370smbb.f09_g17.LE2-1281.016.cam.h1.TREFHTMN.20250101-20341231.nc ... done
  Downloading b.e21.BSSP370smbb.f09_g17.LE2-1281.016.cam.h1.TREFHTMN.20350101-20441231.nc ... done
  Downloading b.e21.BSSP370smbb.f09_g17.LE2-1281.016.cam.h1.TREFHTMN.20450101-20541231.nc ... done
  Downloading b.e21.BSSP370smbb.f09_g17.LE2-1281.016.cam.h1.TREFHTMN.20550101-20641231.nc ... done
  Downloading b.e21.BSSP370smbb.f09_g17.LE2-1281.016.cam.h1.TREFHTMN.20650101-20741231.nc ... done
  Downloading b.e21.BSSP370smbb.f09_g17.LE2-1281.016.cam.h1.TREFHTMN.20750101-20841231.nc ... done
  Downloading b.e21.BSSP370smbb.f09_g17.LE2-1281.016.cam.h1.TREFHTMN.20850101-20941231.nc ... done
  Downloading b.e21.BSSP370smbb.f09_g17.LE2-1281.016.cam.h1.TREFHTMN.20950101-21001231.nc ... done
  Downloading b.e21.BHISTsmbb.f09_g17.LE2-1281.016.cam.h1.FSNS.18500101-18591231.nc ... done
  Downloading b.e21.BHISTsmbb.f09_g17.LE2-1281.016.cam.h1.FSNS.18600101-18691231.nc ... done
  Downloading b.e21.BHISTsmbb.f09_g17.LE2-1281.016.cam.h1.FSNS.18700101-18791231.nc ... done
  Downloading b.e21.BHISTsmbb.f09_g17.LE2-1281.016.cam.h1.FSNS.18800101-18891231.nc ... done
  Downloading b.e21.BHISTsmbb.f09_g17.LE2-1281.016.cam.h1.FSNS.18900101-18991231.nc ... done
  Downloading b.e21.BHISTsmbb.f09_g17.LE2-1281.016.cam.h1.FSNS.19000101-19091231.nc ... done
  Downloading b.e21.BHISTsmbb.f09_g17.LE2-1281.016.cam.h1.FSNS.19100101-19191231.nc ... done
  Downloading b.e21.BHISTsmbb.f09_g17.LE2-1281.016.cam.h1.FSNS.19200101-19291231.nc ... done
  Downloading b.e21.BHISTsmbb.f09_g17.LE2-1281.016.cam.h1.FSNS.19300101-19391231.nc ... done
  Downloading b.e21.BHISTsmbb.f09_g17.LE2-1281.016.cam.h1.FSNS.19400101-19491231.nc ... done
  Downloading b.e21.BHISTsmbb.f09_g17.LE2-1281.016.cam.h1.FSNS.19500101-19591231.nc ... done
  Downloading b.e21.BHISTsmbb.f09_g17.LE2-1281.016.cam.h1.FSNS.19600101-19691231.nc ... done
  Downloading b.e21.BHISTsmbb.f09_g17.LE2-1281.016.cam.h1.FSNS.19700101-19791231.nc ... done
  Downloading b.e21.BHISTsmbb.f09_g17.LE2-1281.016.cam.h1.FSNS.19800101-19891231.nc ... done
  Downloading b.e21.BHISTsmbb.f09_g17.LE2-1281.016.cam.h1.FSNS.19900101-19991231.nc ... done
  Downloading b.e21.BHISTsmbb.f09_g17.LE2-1281.016.cam.h1.FSNS.20000101-20091231.nc ... done
  Downloading b.e21.BHISTsmbb.f09_g17.LE2-1281.016.cam.h1.FSNS.20100101-20141231.nc ... done
  Downloading b.e21.BSSP370smbb.f09_g17.LE2-1281.016.cam.h1.FSNS.20150101-20241231.nc ... done
  Downloading b.e21.BSSP370smbb.f09_g17.LE2-1281.016.cam.h1.FSNS.20250101-20341231.nc ... done
  Downloading b.e21.BSSP370smbb.f09_g17.LE2-1281.016.cam.h1.FSNS.20350101-20441231.nc ... done
  Downloading b.e21.BSSP370smbb.f09_g17.LE2-1281.016.cam.h1.FSNS.20450101-20541231.nc ... done
  Downloading b.e21.BSSP370smbb.f09_g17.LE2-1281.016.cam.h1.FSNS.20550101-20641231.nc ... done
  Downloading b.e21.BSSP370smbb.f09_g17.LE2-1281.016.cam.h1.FSNS.20650101-20741231.nc ... done
  Downloading b.e21.BSSP370smbb.f09_g17.LE2-1281.016.cam.h1.FSNS.20750101-20841231.nc ... done
  Downloading b.e21.BSSP370smbb.f09_g17.LE2-1281.016.cam.h1.FSNS.20850101-20941231.nc ... done
  Downloading b.e21.BSSP370smbb.f09_g17.LE2-1281.016.cam.h1.FSNS.20950101-21001231.nc ... done
  Downloading b.e21.BHISTsmbb.f09_g17.LE2-1281.016.cam.h1.FLNS.18500101-18591231.nc ... done
  Downloading b.e21.BHISTsmbb.f09_g17.LE2-1281.016.cam.h1.FLNS.18600101-18691231.nc ... done
  Downloading b.e21.BHISTsmbb.f09_g17.LE2-1281.016.cam.h1.FLNS.18700101-18791231.nc ... done
  Downloading b.e21.BHISTsmbb.f09_g17.LE2-1281.016.cam.h1.FLNS.18800101-18891231.nc ... done
  Downloading b.e21.BHISTsmbb.f09_g17.LE2-1281.016.cam.h1.FLNS.18900101-18991231.nc ... done
  Downloading b.e21.BHISTsmbb.f09_g17.LE2-1281.016.cam.h1.FLNS.19000101-19091231.nc ... done
  Downloading b.e21.BHISTsmbb.f09_g17.LE2-1281.016.cam.h1.FLNS.19100101-19191231.nc ... done
  Downloading b.e21.BHISTsmbb.f09_g17.LE2-1281.016.cam.h1.FLNS.19200101-19291231.nc ... done
  Downloading b.e21.BHISTsmbb.f09_g17.LE2-1281.016.cam.h1.FLNS.19300101-19391231.nc ... done
  Downloading b.e21.BHISTsmbb.f09_g17.LE2-1281.016.cam.h1.FLNS.19400101-19491231.nc ... done
  Downloading b.e21.BHISTsmbb.f09_g17.LE2-1281.016.cam.h1.FLNS.19500101-19591231.nc ... done
  Downloading b.e21.BHISTsmbb.f09_g17.LE2-1281.016.cam.h1.FLNS.19600101-19691231.nc ... done
  Downloading b.e21.BHISTsmbb.f09_g17.LE2-1281.016.cam.h1.FLNS.19700101-19791231.nc ... done
  Downloading b.e21.BHISTsmbb.f09_g17.LE2-1281.016.cam.h1.FLNS.19800101-19891231.nc ... done
  Downloading b.e21.BHISTsmbb.f09_g17.LE2-1281.016.cam.h1.FLNS.19900101-19991231.nc ... done
  Downloading b.e21.BHISTsmbb.f09_g17.LE2-1281.016.cam.h1.FLNS.20000101-20091231.nc ... done
  Downloading b.e21.BHISTsmbb.f09_g17.LE2-1281.016.cam.h1.FLNS.20100101-20141231.nc ... done
  Downloading b.e21.BSSP370smbb.f09_g17.LE2-1281.016.cam.h1.FLNS.20150101-20241231.nc ... done
  Downloading b.e21.BSSP370smbb.f09_g17.LE2-1281.016.cam.h1.FLNS.20250101-20341231.nc ... done
  Downloading b.e21.BSSP370smbb.f09_g17.LE2-1281.016.cam.h1.FLNS.20350101-20441231.nc ... done
  Downloading b.e21.BSSP370smbb.f09_g17.LE2-1281.016.cam.h1.FLNS.20450101-20541231.nc ... done
  Downloading b.e21.BSSP370smbb.f09_g17.LE2-1281.016.cam.h1.FLNS.20550101-20641231.nc ... done
  Downloading b.e21.BSSP370smbb.f09_g17.LE2-1281.016.cam.h1.FLNS.20650101-20741231.nc ... done
  Downloading b.e21.BSSP370smbb.f09_g17.LE2-1281.016.cam.h1.FLNS.20750101-20841231.nc ... done
  Downloading b.e21.BSSP370smbb.f09_g17.LE2-1281.016.cam.h1.FLNS.20850101-20941231.nc ... done
  Downloading b.e21.BSSP370smbb.f09_g17.LE2-1281.016.cam.h1.FLNS.20950101-21001231.nc ... done
  Downloading b.e21.BHISTsmbb.f09_g17.LE2-1281.016.cam.h1.PS.18500101-18591231.nc ... done
  Downloading b.e21.BHISTsmbb.f09_g17.LE2-1281.016.cam.h1.PS.18600101-18691231.nc ... done
  Downloading b.e21.BHISTsmbb.f09_g17.LE2-1281.016.cam.h1.PS.18700101-18791231.nc ... done
  Downloading b.e21.BHISTsmbb.f09_g17.LE2-1281.016.cam.h1.PS.18800101-18891231.nc ... done
  Downloading b.e21.BHISTsmbb.f09_g17.LE2-1281.016.cam.h1.PS.18900101-18991231.nc ... done
  Downloading b.e21.BHISTsmbb.f09_g17.LE2-1281.016.cam.h1.PS.19000101-19091231.nc ... done
  Downloading b.e21.BHISTsmbb.f09_g17.LE2-1281.016.cam.h1.PS.19100101-19191231.nc ... done
  Downloading b.e21.BHISTsmbb.f09_g17.LE2-1281.016.cam.h1.PS.19200101-19291231.nc ... done
  Downloading b.e21.BHISTsmbb.f09_g17.LE2-1281.016.cam.h1.PS.19300101-19391231.nc ... done
  Downloading b.e21.BHISTsmbb.f09_g17.LE2-1281.016.cam.h1.PS.19400101-19491231.nc ... done
  Downloading b.e21.BHISTsmbb.f09_g17.LE2-1281.016.cam.h1.PS.19500101-19591231.nc ... done
  Downloading b.e21.BHISTsmbb.f09_g17.LE2-1281.016.cam.h1.PS.19600101-19691231.nc ... done
  Downloading b.e21.BHISTsmbb.f09_g17.LE2-1281.016.cam.h1.PS.19700101-19791231.nc ... done
  Downloading b.e21.BHISTsmbb.f09_g17.LE2-1281.016.cam.h1.PS.19800101-19891231.nc ... done
  Downloading b.e21.BHISTsmbb.f09_g17.LE2-1281.016.cam.h1.PS.19900101-19991231.nc ... done
  Downloading b.e21.BHISTsmbb.f09_g17.LE2-1281.016.cam.h1.PS.20000101-20091231.nc ... done
  Downloading b.e21.BHISTsmbb.f09_g17.LE2-1281.016.cam.h1.PS.20100101-20141231.nc ... done
  Downloading b.e21.BSSP370smbb.f09_g17.LE2-1281.016.cam.h1.PS.20150101-20241231.nc ... done
  Downloading b.e21.BSSP370smbb.f09_g17.LE2-1281.016.cam.h1.PS.20250101-20341231.nc ... done
  Downloading b.e21.BSSP370smbb.f09_g17.LE2-1281.016.cam.h1.PS.20350101-20441231.nc ... done
  Downloading b.e21.BSSP370smbb.f09_g17.LE2-1281.016.cam.h1.PS.20450101-20541231.nc ... done
  Downloading b.e21.BSSP370smbb.f09_g17.LE2-1281.016.cam.h1.PS.20550101-20641231.nc ... done
  Downloading b.e21.BSSP370smbb.f09_g17.LE2-1281.016.cam.h1.PS.20650101-20741231.nc ... done
  Downloading b.e21.BSSP370smbb.f09_g17.LE2-1281.016.cam.h1.PS.20750101-20841231.nc ... done
  Downloading b.e21.BSSP370smbb.f09_g17.LE2-1281.016.cam.h1.PS.20850101-20941231.nc ... done
  Downloading b.e21.BSSP370smbb.f09_g17.LE2-1281.016.cam.h1.PS.20950101-21001231.nc ... done
  Downloading b.e21.BHISTsmbb.f09_g17.LE2-1281.016.cam.h1.WSPDSRFAV.18500101-18591231.nc ... done
  Downloading b.e21.BHISTsmbb.f09_g17.LE2-1281.016.cam.h1.WSPDSRFAV.18600101-18691231.nc ... done
  Downloading b.e21.BHISTsmbb.f09_g17.LE2-1281.016.cam.h1.WSPDSRFAV.18700101-18791231.nc ... done
  Downloading b.e21.BHISTsmbb.f09_g17.LE2-1281.016.cam.h1.WSPDSRFAV.18800101-18891231.nc ... done
  Downloading b.e21.BHISTsmbb.f09_g17.LE2-1281.016.cam.h1.WSPDSRFAV.18900101-18991231.nc ... done
  Downloading b.e21.BHISTsmbb.f09_g17.LE2-1281.016.cam.h1.WSPDSRFAV.19000101-19091231.nc ... done
  Downloading b.e21.BHISTsmbb.f09_g17.LE2-1281.016.cam.h1.WSPDSRFAV.19100101-19191231.nc ... done
  Downloading b.e21.BHISTsmbb.f09_g17.LE2-1281.016.cam.h1.WSPDSRFAV.19200101-19291231.nc ... done
  Downloading b.e21.BHISTsmbb.f09_g17.LE2-1281.016.cam.h1.WSPDSRFAV.19300101-19391231.nc ... done
  Downloading b.e21.BHISTsmbb.f09_g17.LE2-1281.016.cam.h1.WSPDSRFAV.19400101-19491231.nc ... done
  Downloading b.e21.BHISTsmbb.f09_g17.LE2-1281.016.cam.h1.WSPDSRFAV.19500101-19591231.nc ... done
  Downloading b.e21.BHISTsmbb.f09_g17.LE2-1281.016.cam.h1.WSPDSRFAV.19600101-19691231.nc ... done
  Downloading b.e21.BHISTsmbb.f09_g17.LE2-1281.016.cam.h1.WSPDSRFAV.19700101-19791231.nc ... done
  Downloading b.e21.BHISTsmbb.f09_g17.LE2-1281.016.cam.h1.WSPDSRFAV.19800101-19891231.nc ... done
  Downloading b.e21.BHISTsmbb.f09_g17.LE2-1281.016.cam.h1.WSPDSRFAV.19900101-19991231.nc ... done
  Downloading b.e21.BHISTsmbb.f09_g17.LE2-1281.016.cam.h1.WSPDSRFAV.20000101-20091231.nc ... done
  Downloading b.e21.BHISTsmbb.f09_g17.LE2-1281.016.cam.h1.WSPDSRFAV.20100101-20141231.nc ... done
  Downloading b.e21.BSSP370smbb.f09_g17.LE2-1281.016.cam.h1.WSPDSRFAV.20150101-20241231.nc ... done
  Downloading b.e21.BSSP370smbb.f09_g17.LE2-1281.016.cam.h1.WSPDSRFAV.20250101-20341231.nc ... done
  Downloading b.e21.BSSP370smbb.f09_g17.LE2-1281.016.cam.h1.WSPDSRFAV.20350101-20441231.nc ... done
  Downloading b.e21.BSSP370smbb.f09_g17.LE2-1281.016.cam.h1.WSPDSRFAV.20450101-20541231.nc ... done
  Downloading b.e21.BSSP370smbb.f09_g17.LE2-1281.016.cam.h1.WSPDSRFAV.20550101-20641231.nc ... done
  Downloading b.e21.BSSP370smbb.f09_g17.LE2-1281.016.cam.h1.WSPDSRFAV.20650101-20741231.nc ... done
  Downloading b.e21.BSSP370smbb.f09_g17.LE2-1281.016.cam.h1.WSPDSRFAV.20750101-20841231.nc ... done
  Downloading b.e21.BSSP370smbb.f09_g17.LE2-1281.016.cam.h1.WSPDSRFAV.20850101-20941231.nc ... done
  Downloading b.e21.BSSP370smbb.f09_g17.LE2-1281.016.cam.h1.WSPDSRFAV.20950101-21001231.nc ... done
  Downloading b.e21.BHISTsmbb.f09_g17.LE2-1281.016.cam.h1.QREFHT.18500101-18591231.nc ... done
  Downloading b.e21.BHISTsmbb.f09_g17.LE2-1281.016.cam.h1.QREFHT.18600101-18691231.nc ... done
  Downloading b.e21.BHISTsmbb.f09_g17.LE2-1281.016.cam.h1.QREFHT.18700101-18791231.nc ... done
  Downloading b.e21.BHISTsmbb.f09_g17.LE2-1281.016.cam.h1.QREFHT.18800101-18891231.nc ... done
  Downloading b.e21.BHISTsmbb.f09_g17.LE2-1281.016.cam.h1.QREFHT.18900101-18991231.nc ... done
  Downloading b.e21.BHISTsmbb.f09_g17.LE2-1281.016.cam.h1.QREFHT.19000101-19091231.nc ... done
  Downloading b.e21.BHISTsmbb.f09_g17.LE2-1281.016.cam.h1.QREFHT.19100101-19191231.nc ... done
  Downloading b.e21.BHISTsmbb.f09_g17.LE2-1281.016.cam.h1.QREFHT.19200101-19291231.nc ... done
  Downloading b.e21.BHISTsmbb.f09_g17.LE2-1281.016.cam.h1.QREFHT.19300101-19391231.nc ... done
  Downloading b.e21.BHISTsmbb.f09_g17.LE2-1281.016.cam.h1.QREFHT.19400101-19491231.nc ... done
  Downloading b.e21.BHISTsmbb.f09_g17.LE2-1281.016.cam.h1.QREFHT.19500101-19591231.nc ... done
  Downloading b.e21.BHISTsmbb.f09_g17.LE2-1281.016.cam.h1.QREFHT.19600101-19691231.nc ... done
  Downloading b.e21.BHISTsmbb.f09_g17.LE2-1281.016.cam.h1.QREFHT.19700101-19791231.nc ... done
  Downloading b.e21.BHISTsmbb.f09_g17.LE2-1281.016.cam.h1.QREFHT.19800101-19891231.nc ... done
  Downloading b.e21.BHISTsmbb.f09_g17.LE2-1281.016.cam.h1.QREFHT.19900101-19991231.nc ... done
  Downloading b.e21.BHISTsmbb.f09_g17.LE2-1281.016.cam.h1.QREFHT.20000101-20091231.nc ... done
  Downloading b.e21.BHISTsmbb.f09_g17.LE2-1281.016.cam.h1.QREFHT.20100101-20141231.nc ... done
  Downloading b.e21.BSSP370smbb.f09_g17.LE2-1281.016.cam.h1.QREFHT.20150101-20241231.nc ... done
  Downloading b.e21.BSSP370smbb.f09_g17.LE2-1281.016.cam.h1.QREFHT.20250101-20341231.nc ... done
  Downloading b.e21.BSSP370smbb.f09_g17.LE2-1281.016.cam.h1.QREFHT.20350101-20441231.nc ... done
  Downloading b.e21.BSSP370smbb.f09_g17.LE2-1281.016.cam.h1.QREFHT.20450101-20541231.nc ... done
  Downloading b.e21.BSSP370smbb.f09_g17.LE2-1281.016.cam.h1.QREFHT.20550101-20641231.nc ... done
  Downloading b.e21.BSSP370smbb.f09_g17.LE2-1281.016.cam.h1.QREFHT.20650101-20741231.nc ... done
  Downloading b.e21.BSSP370smbb.f09_g17.LE2-1281.016.cam.h1.QREFHT.20750101-20841231.nc ... done
  Downloading b.e21.BSSP370smbb.f09_g17.LE2-1281.016.cam.h1.QREFHT.20850101-20941231.nc ... done
  Downloading b.e21.BSSP370smbb.f09_g17.LE2-1281.016.cam.h1.QREFHT.20950101-21001231.nc ... done

================================================================================
Processing Member: LE2-1281.017
Destination: /data2/michsh/full_member_data/1281/017
================================================================================
Found 182 total historical and future files for this member.
  Downloading b.e21.BHISTsmbb.f09_g17.LE2-1281.017.cam.h1.TREFHTMX.18500101-18591231.nc ... done
  Downloading b.e21.BHISTsmbb.f09_g17.LE2-1281.017.cam.h1.TREFHTMX.18600101-18691231.nc ... done
  Downloading b.e21.BHISTsmbb.f09_g17.LE2-1281.017.cam.h1.TREFHTMX.18700101-18791231.nc ... done
  Downloading b.e21.BHISTsmbb.f09_g17.LE2-1281.017.cam.h1.TREFHTMX.18800101-18891231.nc ... done
  Downloading b.e21.BHISTsmbb.f09_g17.LE2-1281.017.cam.h1.TREFHTMX.18900101-18991231.nc ... done
  Downloading b.e21.BHISTsmbb.f09_g17.LE2-1281.017.cam.h1.TREFHTMX.19000101-19091231.nc ... done
  Downloading b.e21.BHISTsmbb.f09_g17.LE2-1281.017.cam.h1.TREFHTMX.19100101-19191231.nc ... done
  Downloading b.e21.BHISTsmbb.f09_g17.LE2-1281.017.cam.h1.TREFHTMX.19200101-19291231.nc ... done
  Downloading b.e21.BHISTsmbb.f09_g17.LE2-1281.017.cam.h1.TREFHTMX.19300101-19391231.nc ... done
  Downloading b.e21.BHISTsmbb.f09_g17.LE2-1281.017.cam.h1.TREFHTMX.19400101-19491231.nc ... done
  Downloading b.e21.BHISTsmbb.f09_g17.LE2-1281.017.cam.h1.TREFHTMX.19500101-19591231.nc ... done
  Downloading b.e21.BHISTsmbb.f09_g17.LE2-1281.017.cam.h1.TREFHTMX.19600101-19691231.nc ... done
  Downloading b.e21.BHISTsmbb.f09_g17.LE2-1281.017.cam.h1.TREFHTMX.19700101-19791231.nc ... done
  Downloading b.e21.BHISTsmbb.f09_g17.LE2-1281.017.cam.h1.TREFHTMX.19800101-19891231.nc ... done
  Downloading b.e21.BHISTsmbb.f09_g17.LE2-1281.017.cam.h1.TREFHTMX.19900101-19991231.nc ... done
  Downloading b.e21.BHISTsmbb.f09_g17.LE2-1281.017.cam.h1.TREFHTMX.20000101-20091231.nc ... done
  Downloading b.e21.BHISTsmbb.f09_g17.LE2-1281.017.cam.h1.TREFHTMX.20100101-20141231.nc ... done
  Downloading b.e21.BSSP370smbb.f09_g17.LE2-1281.017.cam.h1.TREFHTMX.20150101-20241231.nc ... done
  Downloading b.e21.BSSP370smbb.f09_g17.LE2-1281.017.cam.h1.TREFHTMX.20250101-20341231.nc ... done
  Downloading b.e21.BSSP370smbb.f09_g17.LE2-1281.017.cam.h1.TREFHTMX.20350101-20441231.nc ... done
  Downloading b.e21.BSSP370smbb.f09_g17.LE2-1281.017.cam.h1.TREFHTMX.20450101-20541231.nc ... done
  Downloading b.e21.BSSP370smbb.f09_g17.LE2-1281.017.cam.h1.TREFHTMX.20550101-20641231.nc ... done
  Downloading b.e21.BSSP370smbb.f09_g17.LE2-1281.017.cam.h1.TREFHTMX.20650101-20741231.nc ... done
  Downloading b.e21.BSSP370smbb.f09_g17.LE2-1281.017.cam.h1.TREFHTMX.20750101-20841231.nc ... done
  Downloading b.e21.BSSP370smbb.f09_g17.LE2-1281.017.cam.h1.TREFHTMX.20850101-20941231.nc ... done
  Downloading b.e21.BSSP370smbb.f09_g17.LE2-1281.017.cam.h1.TREFHTMX.20950101-21001231.nc ... done
  Downloading b.e21.BHISTsmbb.f09_g17.LE2-1281.017.cam.h1.TREFHTMN.18500101-18591231.nc ... done
  Downloading b.e21.BHISTsmbb.f09_g17.LE2-1281.017.cam.h1.TREFHTMN.18600101-18691231.nc ... done
  Downloading b.e21.BHISTsmbb.f09_g17.LE2-1281.017.cam.h1.TREFHTMN.18700101-18791231.nc ... done
  Downloading b.e21.BHISTsmbb.f09_g17.LE2-1281.017.cam.h1.TREFHTMN.18800101-18891231.nc ... done
  Downloading b.e21.BHISTsmbb.f09_g17.LE2-1281.017.cam.h1.TREFHTMN.18900101-18991231.nc ... done
  Downloading b.e21.BHISTsmbb.f09_g17.LE2-1281.017.cam.h1.TREFHTMN.19000101-19091231.nc ... done
  Downloading b.e21.BHISTsmbb.f09_g17.LE2-1281.017.cam.h1.TREFHTMN.19100101-19191231.nc ... done
  Downloading b.e21.BHISTsmbb.f09_g17.LE2-1281.017.cam.h1.TREFHTMN.19200101-19291231.nc ... done
  Downloading b.e21.BHISTsmbb.f09_g17.LE2-1281.017.cam.h1.TREFHTMN.19300101-19391231.nc ... done
  Downloading b.e21.BHISTsmbb.f09_g17.LE2-1281.017.cam.h1.TREFHTMN.19400101-19491231.nc ... done
  Downloading b.e21.BHISTsmbb.f09_g17.LE2-1281.017.cam.h1.TREFHTMN.19500101-19591231.nc ... done
  Downloading b.e21.BHISTsmbb.f09_g17.LE2-1281.017.cam.h1.TREFHTMN.19600101-19691231.nc ... done
  Downloading b.e21.BHISTsmbb.f09_g17.LE2-1281.017.cam.h1.TREFHTMN.19700101-19791231.nc ... done
  Downloading b.e21.BHISTsmbb.f09_g17.LE2-1281.017.cam.h1.TREFHTMN.19800101-19891231.nc ... done
  Downloading b.e21.BHISTsmbb.f09_g17.LE2-1281.017.cam.h1.TREFHTMN.19900101-19991231.nc ... done
  Downloading b.e21.BHISTsmbb.f09_g17.LE2-1281.017.cam.h1.TREFHTMN.20000101-20091231.nc ... done
  Downloading b.e21.BHISTsmbb.f09_g17.LE2-1281.017.cam.h1.TREFHTMN.20100101-20141231.nc ... done
  Downloading b.e21.BSSP370smbb.f09_g17.LE2-1281.017.cam.h1.TREFHTMN.20150101-20241231.nc ... done
  Downloading b.e21.BSSP370smbb.f09_g17.LE2-1281.017.cam.h1.TREFHTMN.20250101-20341231.nc ... done
  Downloading b.e21.BSSP370smbb.f09_g17.LE2-1281.017.cam.h1.TREFHTMN.20350101-20441231.nc ... done
  Downloading b.e21.BSSP370smbb.f09_g17.LE2-1281.017.cam.h1.TREFHTMN.20450101-20541231.nc ... done
  Downloading b.e21.BSSP370smbb.f09_g17.LE2-1281.017.cam.h1.TREFHTMN.20550101-20641231.nc ... done
  Downloading b.e21.BSSP370smbb.f09_g17.LE2-1281.017.cam.h1.TREFHTMN.20650101-20741231.nc ... done
  Downloading b.e21.BSSP370smbb.f09_g17.LE2-1281.017.cam.h1.TREFHTMN.20750101-20841231.nc ... done
  Downloading b.e21.BSSP370smbb.f09_g17.LE2-1281.017.cam.h1.TREFHTMN.20850101-20941231.nc ... done
  Downloading b.e21.BSSP370smbb.f09_g17.LE2-1281.017.cam.h1.TREFHTMN.20950101-21001231.nc ... done
  Downloading b.e21.BHISTsmbb.f09_g17.LE2-1281.017.cam.h1.FSNS.18500101-18591231.nc ... done
  Downloading b.e21.BHISTsmbb.f09_g17.LE2-1281.017.cam.h1.FSNS.18600101-18691231.nc ... done
  Downloading b.e21.BHISTsmbb.f09_g17.LE2-1281.017.cam.h1.FSNS.18700101-18791231.nc ... done
  Downloading b.e21.BHISTsmbb.f09_g17.LE2-1281.017.cam.h1.FSNS.18800101-18891231.nc ... done
  Downloading b.e21.BHISTsmbb.f09_g17.LE2-1281.017.cam.h1.FSNS.18900101-18991231.nc ... done
  Downloading b.e21.BHISTsmbb.f09_g17.LE2-1281.017.cam.h1.FSNS.19000101-19091231.nc ... done
  Downloading b.e21.BHISTsmbb.f09_g17.LE2-1281.017.cam.h1.FSNS.19100101-19191231.nc ... done
  Downloading b.e21.BHISTsmbb.f09_g17.LE2-1281.017.cam.h1.FSNS.19200101-19291231.nc ... done
  Downloading b.e21.BHISTsmbb.f09_g17.LE2-1281.017.cam.h1.FSNS.19300101-19391231.nc ... done
  Downloading b.e21.BHISTsmbb.f09_g17.LE2-1281.017.cam.h1.FSNS.19400101-19491231.nc ... done
  Downloading b.e21.BHISTsmbb.f09_g17.LE2-1281.017.cam.h1.FSNS.19500101-19591231.nc ... done
  Downloading b.e21.BHISTsmbb.f09_g17.LE2-1281.017.cam.h1.FSNS.19600101-19691231.nc ... done
  Downloading b.e21.BHISTsmbb.f09_g17.LE2-1281.017.cam.h1.FSNS.19700101-19791231.nc ... done
  Downloading b.e21.BHISTsmbb.f09_g17.LE2-1281.017.cam.h1.FSNS.19800101-19891231.nc ... done
  Downloading b.e21.BHISTsmbb.f09_g17.LE2-1281.017.cam.h1.FSNS.19900101-19991231.nc ... done
  Downloading b.e21.BHISTsmbb.f09_g17.LE2-1281.017.cam.h1.FSNS.20000101-20091231.nc ... done
  Downloading b.e21.BHISTsmbb.f09_g17.LE2-1281.017.cam.h1.FSNS.20100101-20141231.nc ... done
  Downloading b.e21.BSSP370smbb.f09_g17.LE2-1281.017.cam.h1.FSNS.20150101-20241231.nc ... done
  Downloading b.e21.BSSP370smbb.f09_g17.LE2-1281.017.cam.h1.FSNS.20250101-20341231.nc ... done
  Downloading b.e21.BSSP370smbb.f09_g17.LE2-1281.017.cam.h1.FSNS.20350101-20441231.nc ... done
  Downloading b.e21.BSSP370smbb.f09_g17.LE2-1281.017.cam.h1.FSNS.20450101-20541231.nc ... done
  Downloading b.e21.BSSP370smbb.f09_g17.LE2-1281.017.cam.h1.FSNS.20550101-20641231.nc ... done
  Downloading b.e21.BSSP370smbb.f09_g17.LE2-1281.017.cam.h1.FSNS.20650101-20741231.nc ... done
  Downloading b.e21.BSSP370smbb.f09_g17.LE2-1281.017.cam.h1.FSNS.20750101-20841231.nc ... done
  Downloading b.e21.BSSP370smbb.f09_g17.LE2-1281.017.cam.h1.FSNS.20850101-20941231.nc ... done
  Downloading b.e21.BSSP370smbb.f09_g17.LE2-1281.017.cam.h1.FSNS.20950101-21001231.nc ... done
  Downloading b.e21.BHISTsmbb.f09_g17.LE2-1281.017.cam.h1.FLNS.18500101-18591231.nc ... done
  Downloading b.e21.BHISTsmbb.f09_g17.LE2-1281.017.cam.h1.FLNS.18600101-18691231.nc ... done
  Downloading b.e21.BHISTsmbb.f09_g17.LE2-1281.017.cam.h1.FLNS.18700101-18791231.nc ... done
  Downloading b.e21.BHISTsmbb.f09_g17.LE2-1281.017.cam.h1.FLNS.18800101-18891231.nc ... done
  Downloading b.e21.BHISTsmbb.f09_g17.LE2-1281.017.cam.h1.FLNS.18900101-18991231.nc ... done
  Downloading b.e21.BHISTsmbb.f09_g17.LE2-1281.017.cam.h1.FLNS.19000101-19091231.nc ... done
  Downloading b.e21.BHISTsmbb.f09_g17.LE2-1281.017.cam.h1.FLNS.19100101-19191231.nc ... done
  Downloading b.e21.BHISTsmbb.f09_g17.LE2-1281.017.cam.h1.FLNS.19200101-19291231.nc ... done
  Downloading b.e21.BHISTsmbb.f09_g17.LE2-1281.017.cam.h1.FLNS.19300101-19391231.nc ... done
  Downloading b.e21.BHISTsmbb.f09_g17.LE2-1281.017.cam.h1.FLNS.19400101-19491231.nc ... done
  Downloading b.e21.BHISTsmbb.f09_g17.LE2-1281.017.cam.h1.FLNS.19500101-19591231.nc ... done
  Downloading b.e21.BHISTsmbb.f09_g17.LE2-1281.017.cam.h1.FLNS.19600101-19691231.nc ... done
  Downloading b.e21.BHISTsmbb.f09_g17.LE2-1281.017.cam.h1.FLNS.19700101-19791231.nc ... done
  Downloading b.e21.BHISTsmbb.f09_g17.LE2-1281.017.cam.h1.FLNS.19800101-19891231.nc ... done
  Downloading b.e21.BHISTsmbb.f09_g17.LE2-1281.017.cam.h1.FLNS.19900101-19991231.nc ... done
  Downloading b.e21.BHISTsmbb.f09_g17.LE2-1281.017.cam.h1.FLNS.20000101-20091231.nc ... done
  Downloading b.e21.BHISTsmbb.f09_g17.LE2-1281.017.cam.h1.FLNS.20100101-20141231.nc ... done
  Downloading b.e21.BSSP370smbb.f09_g17.LE2-1281.017.cam.h1.FLNS.20150101-20241231.nc ... done
  Downloading b.e21.BSSP370smbb.f09_g17.LE2-1281.017.cam.h1.FLNS.20250101-20341231.nc ... done
  Downloading b.e21.BSSP370smbb.f09_g17.LE2-1281.017.cam.h1.FLNS.20350101-20441231.nc ... done
  Downloading b.e21.BSSP370smbb.f09_g17.LE2-1281.017.cam.h1.FLNS.20450101-20541231.nc ... done
  Downloading b.e21.BSSP370smbb.f09_g17.LE2-1281.017.cam.h1.FLNS.20550101-20641231.nc ... done
  Downloading b.e21.BSSP370smbb.f09_g17.LE2-1281.017.cam.h1.FLNS.20650101-20741231.nc ... done
  Downloading b.e21.BSSP370smbb.f09_g17.LE2-1281.017.cam.h1.FLNS.20750101-20841231.nc ... done
  Downloading b.e21.BSSP370smbb.f09_g17.LE2-1281.017.cam.h1.FLNS.20850101-20941231.nc ... done
  Downloading b.e21.BSSP370smbb.f09_g17.LE2-1281.017.cam.h1.FLNS.20950101-21001231.nc ... done
  Downloading b.e21.BHISTsmbb.f09_g17.LE2-1281.017.cam.h1.PS.18500101-18591231.nc ... done
  Downloading b.e21.BHISTsmbb.f09_g17.LE2-1281.017.cam.h1.PS.18600101-18691231.nc ... done
  Downloading b.e21.BHISTsmbb.f09_g17.LE2-1281.017.cam.h1.PS.18700101-18791231.nc ... done
  Downloading b.e21.BHISTsmbb.f09_g17.LE2-1281.017.cam.h1.PS.18800101-18891231.nc ... done
  Downloading b.e21.BHISTsmbb.f09_g17.LE2-1281.017.cam.h1.PS.18900101-18991231.nc ... done
  Downloading b.e21.BHISTsmbb.f09_g17.LE2-1281.017.cam.h1.PS.19000101-19091231.nc ... done
  Downloading b.e21.BHISTsmbb.f09_g17.LE2-1281.017.cam.h1.PS.19100101-19191231.nc ... done
  Downloading b.e21.BHISTsmbb.f09_g17.LE2-1281.017.cam.h1.PS.19200101-19291231.nc ... done
  Downloading b.e21.BHISTsmbb.f09_g17.LE2-1281.017.cam.h1.PS.19300101-19391231.nc ... done
  Downloading b.e21.BHISTsmbb.f09_g17.LE2-1281.017.cam.h1.PS.19400101-19491231.nc ... done
  Downloading b.e21.BHISTsmbb.f09_g17.LE2-1281.017.cam.h1.PS.19500101-19591231.nc ... done
  Downloading b.e21.BHISTsmbb.f09_g17.LE2-1281.017.cam.h1.PS.19600101-19691231.nc ... done
  Downloading b.e21.BHISTsmbb.f09_g17.LE2-1281.017.cam.h1.PS.19700101-19791231.nc ... done
  Downloading b.e21.BHISTsmbb.f09_g17.LE2-1281.017.cam.h1.PS.19800101-19891231.nc ... done
  Downloading b.e21.BHISTsmbb.f09_g17.LE2-1281.017.cam.h1.PS.19900101-19991231.nc ... done
  Downloading b.e21.BHISTsmbb.f09_g17.LE2-1281.017.cam.h1.PS.20000101-20091231.nc ... done
  Downloading b.e21.BHISTsmbb.f09_g17.LE2-1281.017.cam.h1.PS.20100101-20141231.nc ... done
  Downloading b.e21.BSSP370smbb.f09_g17.LE2-1281.017.cam.h1.PS.20150101-20241231.nc ... done
  Downloading b.e21.BSSP370smbb.f09_g17.LE2-1281.017.cam.h1.PS.20250101-20341231.nc ... done
  Downloading b.e21.BSSP370smbb.f09_g17.LE2-1281.017.cam.h1.PS.20350101-20441231.nc ... done
  Downloading b.e21.BSSP370smbb.f09_g17.LE2-1281.017.cam.h1.PS.20450101-20541231.nc ... done
  Downloading b.e21.BSSP370smbb.f09_g17.LE2-1281.017.cam.h1.PS.20550101-20641231.nc ... done
  Downloading b.e21.BSSP370smbb.f09_g17.LE2-1281.017.cam.h1.PS.20650101-20741231.nc ... done
  Downloading b.e21.BSSP370smbb.f09_g17.LE2-1281.017.cam.h1.PS.20750101-20841231.nc ... done
  Downloading b.e21.BSSP370smbb.f09_g17.LE2-1281.017.cam.h1.PS.20850101-20941231.nc ... done
  Downloading b.e21.BSSP370smbb.f09_g17.LE2-1281.017.cam.h1.PS.20950101-21001231.nc ... done
  Downloading b.e21.BHISTsmbb.f09_g17.LE2-1281.017.cam.h1.WSPDSRFAV.18500101-18591231.nc ... done
  Downloading b.e21.BHISTsmbb.f09_g17.LE2-1281.017.cam.h1.WSPDSRFAV.18600101-18691231.nc ... done
  Downloading b.e21.BHISTsmbb.f09_g17.LE2-1281.017.cam.h1.WSPDSRFAV.18700101-18791231.nc ... done
  Downloading b.e21.BHISTsmbb.f09_g17.LE2-1281.017.cam.h1.WSPDSRFAV.18800101-18891231.nc ... done
  Downloading b.e21.BHISTsmbb.f09_g17.LE2-1281.017.cam.h1.WSPDSRFAV.18900101-18991231.nc ... done
  Downloading b.e21.BHISTsmbb.f09_g17.LE2-1281.017.cam.h1.WSPDSRFAV.19000101-19091231.nc ... done
  Downloading b.e21.BHISTsmbb.f09_g17.LE2-1281.017.cam.h1.WSPDSRFAV.19100101-19191231.nc ... done
  Downloading b.e21.BHISTsmbb.f09_g17.LE2-1281.017.cam.h1.WSPDSRFAV.19200101-19291231.nc ... done
  Downloading b.e21.BHISTsmbb.f09_g17.LE2-1281.017.cam.h1.WSPDSRFAV.19300101-19391231.nc ... done
  Downloading b.e21.BHISTsmbb.f09_g17.LE2-1281.017.cam.h1.WSPDSRFAV.19400101-19491231.nc ... done
  Downloading b.e21.BHISTsmbb.f09_g17.LE2-1281.017.cam.h1.WSPDSRFAV.19500101-19591231.nc ... done
  Downloading b.e21.BHISTsmbb.f09_g17.LE2-1281.017.cam.h1.WSPDSRFAV.19600101-19691231.nc ... done
  Downloading b.e21.BHISTsmbb.f09_g17.LE2-1281.017.cam.h1.WSPDSRFAV.19700101-19791231.nc ... done
  Downloading b.e21.BHISTsmbb.f09_g17.LE2-1281.017.cam.h1.WSPDSRFAV.19800101-19891231.nc ... done
  Downloading b.e21.BHISTsmbb.f09_g17.LE2-1281.017.cam.h1.WSPDSRFAV.19900101-19991231.nc ... done
  Downloading b.e21.BHISTsmbb.f09_g17.LE2-1281.017.cam.h1.WSPDSRFAV.20000101-20091231.nc ... done
  Downloading b.e21.BHISTsmbb.f09_g17.LE2-1281.017.cam.h1.WSPDSRFAV.20100101-20141231.nc ... done
  Downloading b.e21.BSSP370smbb.f09_g17.LE2-1281.017.cam.h1.WSPDSRFAV.20150101-20241231.nc ... done
  Downloading b.e21.BSSP370smbb.f09_g17.LE2-1281.017.cam.h1.WSPDSRFAV.20250101-20341231.nc ... done
  Downloading b.e21.BSSP370smbb.f09_g17.LE2-1281.017.cam.h1.WSPDSRFAV.20350101-20441231.nc ... done
  Downloading b.e21.BSSP370smbb.f09_g17.LE2-1281.017.cam.h1.WSPDSRFAV.20450101-20541231.nc ... done
  Downloading b.e21.BSSP370smbb.f09_g17.LE2-1281.017.cam.h1.WSPDSRFAV.20550101-20641231.nc ... done
  Downloading b.e21.BSSP370smbb.f09_g17.LE2-1281.017.cam.h1.WSPDSRFAV.20650101-20741231.nc ... done
  Downloading b.e21.BSSP370smbb.f09_g17.LE2-1281.017.cam.h1.WSPDSRFAV.20750101-20841231.nc ... done
  Downloading b.e21.BSSP370smbb.f09_g17.LE2-1281.017.cam.h1.WSPDSRFAV.20850101-20941231.nc ... done
  Downloading b.e21.BSSP370smbb.f09_g17.LE2-1281.017.cam.h1.WSPDSRFAV.20950101-21001231.nc ... done
  Downloading b.e21.BHISTsmbb.f09_g17.LE2-1281.017.cam.h1.QREFHT.18500101-18591231.nc ... done
  Downloading b.e21.BHISTsmbb.f09_g17.LE2-1281.017.cam.h1.QREFHT.18600101-18691231.nc ... done
  Downloading b.e21.BHISTsmbb.f09_g17.LE2-1281.017.cam.h1.QREFHT.18700101-18791231.nc ... done
  Downloading b.e21.BHISTsmbb.f09_g17.LE2-1281.017.cam.h1.QREFHT.18800101-18891231.nc ... done
  Downloading b.e21.BHISTsmbb.f09_g17.LE2-1281.017.cam.h1.QREFHT.18900101-18991231.nc ... done
  Downloading b.e21.BHISTsmbb.f09_g17.LE2-1281.017.cam.h1.QREFHT.19000101-19091231.nc ... done
  Downloading b.e21.BHISTsmbb.f09_g17.LE2-1281.017.cam.h1.QREFHT.19100101-19191231.nc ... done
  Downloading b.e21.BHISTsmbb.f09_g17.LE2-1281.017.cam.h1.QREFHT.19200101-19291231.nc ... done
  Downloading b.e21.BHISTsmbb.f09_g17.LE2-1281.017.cam.h1.QREFHT.19300101-19391231.nc ... done
  Downloading b.e21.BHISTsmbb.f09_g17.LE2-1281.017.cam.h1.QREFHT.19400101-19491231.nc ... done
  Downloading b.e21.BHISTsmbb.f09_g17.LE2-1281.017.cam.h1.QREFHT.19500101-19591231.nc ... done
  Downloading b.e21.BHISTsmbb.f09_g17.LE2-1281.017.cam.h1.QREFHT.19600101-19691231.nc ... done
  Downloading b.e21.BHISTsmbb.f09_g17.LE2-1281.017.cam.h1.QREFHT.19700101-19791231.nc ... done
  Downloading b.e21.BHISTsmbb.f09_g17.LE2-1281.017.cam.h1.QREFHT.19800101-19891231.nc ... done
  Downloading b.e21.BHISTsmbb.f09_g17.LE2-1281.017.cam.h1.QREFHT.19900101-19991231.nc ... done
  Downloading b.e21.BHISTsmbb.f09_g17.LE2-1281.017.cam.h1.QREFHT.20000101-20091231.nc ... done
  Downloading b.e21.BHISTsmbb.f09_g17.LE2-1281.017.cam.h1.QREFHT.20100101-20141231.nc ... done
  Downloading b.e21.BSSP370smbb.f09_g17.LE2-1281.017.cam.h1.QREFHT.20150101-20241231.nc ... done
  Downloading b.e21.BSSP370smbb.f09_g17.LE2-1281.017.cam.h1.QREFHT.20250101-20341231.nc ... done
  Downloading b.e21.BSSP370smbb.f09_g17.LE2-1281.017.cam.h1.QREFHT.20350101-20441231.nc ... done
  Downloading b.e21.BSSP370smbb.f09_g17.LE2-1281.017.cam.h1.QREFHT.20450101-20541231.nc ... done
  Downloading b.e21.BSSP370smbb.f09_g17.LE2-1281.017.cam.h1.QREFHT.20550101-20641231.nc ... done
  Downloading b.e21.BSSP370smbb.f09_g17.LE2-1281.017.cam.h1.QREFHT.20650101-20741231.nc ... done
  Downloading b.e21.BSSP370smbb.f09_g17.LE2-1281.017.cam.h1.QREFHT.20750101-20841231.nc ... done
  Downloading b.e21.BSSP370smbb.f09_g17.LE2-1281.017.cam.h1.QREFHT.20850101-20941231.nc ... done
  Downloading b.e21.BSSP370smbb.f09_g17.LE2-1281.017.cam.h1.QREFHT.20950101-21001231.nc ... done

================================================================================
Processing Member: LE2-1281.018
Destination: /data2/michsh/full_member_data/1281/018
================================================================================
Found 182 total historical and future files for this member.
  Downloading b.e21.BHISTsmbb.f09_g17.LE2-1281.018.cam.h1.TREFHTMX.18500101-18591231.nc ... done
  Downloading b.e21.BHISTsmbb.f09_g17.LE2-1281.018.cam.h1.TREFHTMX.18600101-18691231.nc ... done
  Downloading b.e21.BHISTsmbb.f09_g17.LE2-1281.018.cam.h1.TREFHTMX.18700101-18791231.nc ... done
  Downloading b.e21.BHISTsmbb.f09_g17.LE2-1281.018.cam.h1.TREFHTMX.18800101-18891231.nc ... done
  Downloading b.e21.BHISTsmbb.f09_g17.LE2-1281.018.cam.h1.TREFHTMX.18900101-18991231.nc ... done
  Downloading b.e21.BHISTsmbb.f09_g17.LE2-1281.018.cam.h1.TREFHTMX.19000101-19091231.nc ... done
  Downloading b.e21.BHISTsmbb.f09_g17.LE2-1281.018.cam.h1.TREFHTMX.19100101-19191231.nc ... done
  Downloading b.e21.BHISTsmbb.f09_g17.LE2-1281.018.cam.h1.TREFHTMX.19200101-19291231.nc ... done
  Downloading b.e21.BHISTsmbb.f09_g17.LE2-1281.018.cam.h1.TREFHTMX.19300101-19391231.nc ... done
  Downloading b.e21.BHISTsmbb.f09_g17.LE2-1281.018.cam.h1.TREFHTMX.19400101-19491231.nc ... done
  Downloading b.e21.BHISTsmbb.f09_g17.LE2-1281.018.cam.h1.TREFHTMX.19500101-19591231.nc ... done
  Downloading b.e21.BHISTsmbb.f09_g17.LE2-1281.018.cam.h1.TREFHTMX.19600101-19691231.nc ... done
  Downloading b.e21.BHISTsmbb.f09_g17.LE2-1281.018.cam.h1.TREFHTMX.19700101-19791231.nc ... done
  Downloading b.e21.BHISTsmbb.f09_g17.LE2-1281.018.cam.h1.TREFHTMX.19800101-19891231.nc ... done
  Downloading b.e21.BHISTsmbb.f09_g17.LE2-1281.018.cam.h1.TREFHTMX.19900101-19991231.nc ... done
  Downloading b.e21.BHISTsmbb.f09_g17.LE2-1281.018.cam.h1.TREFHTMX.20000101-20091231.nc ... done
  Downloading b.e21.BHISTsmbb.f09_g17.LE2-1281.018.cam.h1.TREFHTMX.20100101-20141231.nc ... done
  Downloading b.e21.BSSP370smbb.f09_g17.LE2-1281.018.cam.h1.TREFHTMX.20150101-20241231.nc ... done
  Downloading b.e21.BSSP370smbb.f09_g17.LE2-1281.018.cam.h1.TREFHTMX.20250101-20341231.nc ... done
  Downloading b.e21.BSSP370smbb.f09_g17.LE2-1281.018.cam.h1.TREFHTMX.20350101-20441231.nc ... done
  Downloading b.e21.BSSP370smbb.f09_g17.LE2-1281.018.cam.h1.TREFHTMX.20450101-20541231.nc ... done
  Downloading b.e21.BSSP370smbb.f09_g17.LE2-1281.018.cam.h1.TREFHTMX.20550101-20641231.nc ... done
  Downloading b.e21.BSSP370smbb.f09_g17.LE2-1281.018.cam.h1.TREFHTMX.20650101-20741231.nc ... done
  Downloading b.e21.BSSP370smbb.f09_g17.LE2-1281.018.cam.h1.TREFHTMX.20750101-20841231.nc ... done
  Downloading b.e21.BSSP370smbb.f09_g17.LE2-1281.018.cam.h1.TREFHTMX.20850101-20941231.nc ... done
  Downloading b.e21.BSSP370smbb.f09_g17.LE2-1281.018.cam.h1.TREFHTMX.20950101-21001231.nc ... done
  Downloading b.e21.BHISTsmbb.f09_g17.LE2-1281.018.cam.h1.TREFHTMN.18500101-18591231.nc ... done
  Downloading b.e21.BHISTsmbb.f09_g17.LE2-1281.018.cam.h1.TREFHTMN.18600101-18691231.nc ... done
  Downloading b.e21.BHISTsmbb.f09_g17.LE2-1281.018.cam.h1.TREFHTMN.18700101-18791231.nc ... done
  Downloading b.e21.BHISTsmbb.f09_g17.LE2-1281.018.cam.h1.TREFHTMN.18800101-18891231.nc ... done
  Downloading b.e21.BHISTsmbb.f09_g17.LE2-1281.018.cam.h1.TREFHTMN.18900101-18991231.nc ... done
  Downloading b.e21.BHISTsmbb.f09_g17.LE2-1281.018.cam.h1.TREFHTMN.19000101-19091231.nc ... done
  Downloading b.e21.BHISTsmbb.f09_g17.LE2-1281.018.cam.h1.TREFHTMN.19100101-19191231.nc ... done
  Downloading b.e21.BHISTsmbb.f09_g17.LE2-1281.018.cam.h1.TREFHTMN.19200101-19291231.nc ... done
  Downloading b.e21.BHISTsmbb.f09_g17.LE2-1281.018.cam.h1.TREFHTMN.19300101-19391231.nc ... done
  Downloading b.e21.BHISTsmbb.f09_g17.LE2-1281.018.cam.h1.TREFHTMN.19400101-19491231.nc ... done
  Downloading b.e21.BHISTsmbb.f09_g17.LE2-1281.018.cam.h1.TREFHTMN.19500101-19591231.nc ... done
  Downloading b.e21.BHISTsmbb.f09_g17.LE2-1281.018.cam.h1.TREFHTMN.19600101-19691231.nc ... done
  Downloading b.e21.BHISTsmbb.f09_g17.LE2-1281.018.cam.h1.TREFHTMN.19700101-19791231.nc ... done
  Downloading b.e21.BHISTsmbb.f09_g17.LE2-1281.018.cam.h1.TREFHTMN.19800101-19891231.nc ... done
  Downloading b.e21.BHISTsmbb.f09_g17.LE2-1281.018.cam.h1.TREFHTMN.19900101-19991231.nc ... done
  Downloading b.e21.BHISTsmbb.f09_g17.LE2-1281.018.cam.h1.TREFHTMN.20000101-20091231.nc ... done
  Downloading b.e21.BHISTsmbb.f09_g17.LE2-1281.018.cam.h1.TREFHTMN.20100101-20141231.nc ... done
  Downloading b.e21.BSSP370smbb.f09_g17.LE2-1281.018.cam.h1.TREFHTMN.20150101-20241231.nc ... done
  Downloading b.e21.BSSP370smbb.f09_g17.LE2-1281.018.cam.h1.TREFHTMN.20250101-20341231.nc ... done
  Downloading b.e21.BSSP370smbb.f09_g17.LE2-1281.018.cam.h1.TREFHTMN.20350101-20441231.nc ... done
  Downloading b.e21.BSSP370smbb.f09_g17.LE2-1281.018.cam.h1.TREFHTMN.20450101-20541231.nc ... done
  Downloading b.e21.BSSP370smbb.f09_g17.LE2-1281.018.cam.h1.TREFHTMN.20550101-20641231.nc ... done
  Downloading b.e21.BSSP370smbb.f09_g17.LE2-1281.018.cam.h1.TREFHTMN.20650101-20741231.nc ... done
  Downloading b.e21.BSSP370smbb.f09_g17.LE2-1281.018.cam.h1.TREFHTMN.20750101-20841231.nc ... done
  Downloading b.e21.BSSP370smbb.f09_g17.LE2-1281.018.cam.h1.TREFHTMN.20850101-20941231.nc ... done
  Downloading b.e21.BSSP370smbb.f09_g17.LE2-1281.018.cam.h1.TREFHTMN.20950101-21001231.nc ... done
  Downloading b.e21.BHISTsmbb.f09_g17.LE2-1281.018.cam.h1.FSNS.18500101-18591231.nc ... done
  Downloading b.e21.BHISTsmbb.f09_g17.LE2-1281.018.cam.h1.FSNS.18600101-18691231.nc ... done
  Downloading b.e21.BHISTsmbb.f09_g17.LE2-1281.018.cam.h1.FSNS.18700101-18791231.nc ... done
  Downloading b.e21.BHISTsmbb.f09_g17.LE2-1281.018.cam.h1.FSNS.18800101-18891231.nc ... done
  Downloading b.e21.BHISTsmbb.f09_g17.LE2-1281.018.cam.h1.FSNS.18900101-18991231.nc ... done
  Downloading b.e21.BHISTsmbb.f09_g17.LE2-1281.018.cam.h1.FSNS.19000101-19091231.nc ... done
  Downloading b.e21.BHISTsmbb.f09_g17.LE2-1281.018.cam.h1.FSNS.19100101-19191231.nc ... done
  Downloading b.e21.BHISTsmbb.f09_g17.LE2-1281.018.cam.h1.FSNS.19200101-19291231.nc ... done
  Downloading b.e21.BHISTsmbb.f09_g17.LE2-1281.018.cam.h1.FSNS.19300101-19391231.nc ... done
  Downloading b.e21.BHISTsmbb.f09_g17.LE2-1281.018.cam.h1.FSNS.19400101-19491231.nc ... done
  Downloading b.e21.BHISTsmbb.f09_g17.LE2-1281.018.cam.h1.FSNS.19500101-19591231.nc ... done
  Downloading b.e21.BHISTsmbb.f09_g17.LE2-1281.018.cam.h1.FSNS.19600101-19691231.nc ... done
  Downloading b.e21.BHISTsmbb.f09_g17.LE2-1281.018.cam.h1.FSNS.19700101-19791231.nc ... done
  Downloading b.e21.BHISTsmbb.f09_g17.LE2-1281.018.cam.h1.FSNS.19800101-19891231.nc ... done
  Downloading b.e21.BHISTsmbb.f09_g17.LE2-1281.018.cam.h1.FSNS.19900101-19991231.nc ... done
  Downloading b.e21.BHISTsmbb.f09_g17.LE2-1281.018.cam.h1.FSNS.20000101-20091231.nc ... done
  Downloading b.e21.BHISTsmbb.f09_g17.LE2-1281.018.cam.h1.FSNS.20100101-20141231.nc ... done
  Downloading b.e21.BSSP370smbb.f09_g17.LE2-1281.018.cam.h1.FSNS.20150101-20241231.nc ... done
  Downloading b.e21.BSSP370smbb.f09_g17.LE2-1281.018.cam.h1.FSNS.20250101-20341231.nc ... done
  Downloading b.e21.BSSP370smbb.f09_g17.LE2-1281.018.cam.h1.FSNS.20350101-20441231.nc ... done
  Downloading b.e21.BSSP370smbb.f09_g17.LE2-1281.018.cam.h1.FSNS.20450101-20541231.nc ... done
  Downloading b.e21.BSSP370smbb.f09_g17.LE2-1281.018.cam.h1.FSNS.20550101-20641231.nc ... done
  Downloading b.e21.BSSP370smbb.f09_g17.LE2-1281.018.cam.h1.FSNS.20650101-20741231.nc ... done
  Downloading b.e21.BSSP370smbb.f09_g17.LE2-1281.018.cam.h1.FSNS.20750101-20841231.nc ... done
  Downloading b.e21.BSSP370smbb.f09_g17.LE2-1281.018.cam.h1.FSNS.20850101-20941231.nc ... done
  Downloading b.e21.BSSP370smbb.f09_g17.LE2-1281.018.cam.h1.FSNS.20950101-21001231.nc ... done
  Downloading b.e21.BHISTsmbb.f09_g17.LE2-1281.018.cam.h1.FLNS.18500101-18591231.nc ... done
  Downloading b.e21.BHISTsmbb.f09_g17.LE2-1281.018.cam.h1.FLNS.18600101-18691231.nc ... done
  Downloading b.e21.BHISTsmbb.f09_g17.LE2-1281.018.cam.h1.FLNS.18700101-18791231.nc ... done
  Downloading b.e21.BHISTsmbb.f09_g17.LE2-1281.018.cam.h1.FLNS.18800101-18891231.nc ... done
  Downloading b.e21.BHISTsmbb.f09_g17.LE2-1281.018.cam.h1.FLNS.18900101-18991231.nc ... done
  Downloading b.e21.BHISTsmbb.f09_g17.LE2-1281.018.cam.h1.FLNS.19000101-19091231.nc ... done
  Downloading b.e21.BHISTsmbb.f09_g17.LE2-1281.018.cam.h1.FLNS.19100101-19191231.nc ... done
  Downloading b.e21.BHISTsmbb.f09_g17.LE2-1281.018.cam.h1.FLNS.19200101-19291231.nc ... done
  Downloading b.e21.BHISTsmbb.f09_g17.LE2-1281.018.cam.h1.FLNS.19300101-19391231.nc ... done
  Downloading b.e21.BHISTsmbb.f09_g17.LE2-1281.018.cam.h1.FLNS.19400101-19491231.nc ... done
  Downloading b.e21.BHISTsmbb.f09_g17.LE2-1281.018.cam.h1.FLNS.19500101-19591231.nc ... done
  Downloading b.e21.BHISTsmbb.f09_g17.LE2-1281.018.cam.h1.FLNS.19600101-19691231.nc ... done
  Downloading b.e21.BHISTsmbb.f09_g17.LE2-1281.018.cam.h1.FLNS.19700101-19791231.nc ... done
  Downloading b.e21.BHISTsmbb.f09_g17.LE2-1281.018.cam.h1.FLNS.19800101-19891231.nc ... done
  Downloading b.e21.BHISTsmbb.f09_g17.LE2-1281.018.cam.h1.FLNS.19900101-19991231.nc ... done
  Downloading b.e21.BHISTsmbb.f09_g17.LE2-1281.018.cam.h1.FLNS.20000101-20091231.nc ... done
  Downloading b.e21.BHISTsmbb.f09_g17.LE2-1281.018.cam.h1.FLNS.20100101-20141231.nc ... done
  Downloading b.e21.BSSP370smbb.f09_g17.LE2-1281.018.cam.h1.FLNS.20150101-20241231.nc ... done
  Downloading b.e21.BSSP370smbb.f09_g17.LE2-1281.018.cam.h1.FLNS.20250101-20341231.nc ... done
  Downloading b.e21.BSSP370smbb.f09_g17.LE2-1281.018.cam.h1.FLNS.20350101-20441231.nc ... done
  Downloading b.e21.BSSP370smbb.f09_g17.LE2-1281.018.cam.h1.FLNS.20450101-20541231.nc ... done
  Downloading b.e21.BSSP370smbb.f09_g17.LE2-1281.018.cam.h1.FLNS.20550101-20641231.nc ... done
  Downloading b.e21.BSSP370smbb.f09_g17.LE2-1281.018.cam.h1.FLNS.20650101-20741231.nc ... done
  Downloading b.e21.BSSP370smbb.f09_g17.LE2-1281.018.cam.h1.FLNS.20750101-20841231.nc ... done
  Downloading b.e21.BSSP370smbb.f09_g17.LE2-1281.018.cam.h1.FLNS.20850101-20941231.nc ... done
  Downloading b.e21.BSSP370smbb.f09_g17.LE2-1281.018.cam.h1.FLNS.20950101-21001231.nc ... done
  Downloading b.e21.BHISTsmbb.f09_g17.LE2-1281.018.cam.h1.PS.18500101-18591231.nc ... done
  Downloading b.e21.BHISTsmbb.f09_g17.LE2-1281.018.cam.h1.PS.18600101-18691231.nc ... done
  Downloading b.e21.BHISTsmbb.f09_g17.LE2-1281.018.cam.h1.PS.18700101-18791231.nc ... done
  Downloading b.e21.BHISTsmbb.f09_g17.LE2-1281.018.cam.h1.PS.18800101-18891231.nc ... done
  Downloading b.e21.BHISTsmbb.f09_g17.LE2-1281.018.cam.h1.PS.18900101-18991231.nc ... done
  Downloading b.e21.BHISTsmbb.f09_g17.LE2-1281.018.cam.h1.PS.19000101-19091231.nc ... done
  Downloading b.e21.BHISTsmbb.f09_g17.LE2-1281.018.cam.h1.PS.19100101-19191231.nc ... done
  Downloading b.e21.BHISTsmbb.f09_g17.LE2-1281.018.cam.h1.PS.19200101-19291231.nc ... done
  Downloading b.e21.BHISTsmbb.f09_g17.LE2-1281.018.cam.h1.PS.19300101-19391231.nc ... done
  Downloading b.e21.BHISTsmbb.f09_g17.LE2-1281.018.cam.h1.PS.19400101-19491231.nc ... done
  Downloading b.e21.BHISTsmbb.f09_g17.LE2-1281.018.cam.h1.PS.19500101-19591231.nc ... done
  Downloading b.e21.BHISTsmbb.f09_g17.LE2-1281.018.cam.h1.PS.19600101-19691231.nc ... done
  Downloading b.e21.BHISTsmbb.f09_g17.LE2-1281.018.cam.h1.PS.19700101-19791231.nc ... done
  Downloading b.e21.BHISTsmbb.f09_g17.LE2-1281.018.cam.h1.PS.19800101-19891231.nc ... done
  Downloading b.e21.BHISTsmbb.f09_g17.LE2-1281.018.cam.h1.PS.19900101-19991231.nc ... done
  Downloading b.e21.BHISTsmbb.f09_g17.LE2-1281.018.cam.h1.PS.20000101-20091231.nc ... done
  Downloading b.e21.BHISTsmbb.f09_g17.LE2-1281.018.cam.h1.PS.20100101-20141231.nc ... done
  Downloading b.e21.BSSP370smbb.f09_g17.LE2-1281.018.cam.h1.PS.20150101-20241231.nc ... done
  Downloading b.e21.BSSP370smbb.f09_g17.LE2-1281.018.cam.h1.PS.20250101-20341231.nc ... done
  Downloading b.e21.BSSP370smbb.f09_g17.LE2-1281.018.cam.h1.PS.20350101-20441231.nc ... done
  Downloading b.e21.BSSP370smbb.f09_g17.LE2-1281.018.cam.h1.PS.20450101-20541231.nc ... done
  Downloading b.e21.BSSP370smbb.f09_g17.LE2-1281.018.cam.h1.PS.20550101-20641231.nc ... done
  Downloading b.e21.BSSP370smbb.f09_g17.LE2-1281.018.cam.h1.PS.20650101-20741231.nc ... done
  Downloading b.e21.BSSP370smbb.f09_g17.LE2-1281.018.cam.h1.PS.20750101-20841231.nc ... done
  Downloading b.e21.BSSP370smbb.f09_g17.LE2-1281.018.cam.h1.PS.20850101-20941231.nc ... done
  Downloading b.e21.BSSP370smbb.f09_g17.LE2-1281.018.cam.h1.PS.20950101-21001231.nc ... done
  Downloading b.e21.BHISTsmbb.f09_g17.LE2-1281.018.cam.h1.WSPDSRFAV.18500101-18591231.nc ... done
  Downloading b.e21.BHISTsmbb.f09_g17.LE2-1281.018.cam.h1.WSPDSRFAV.18600101-18691231.nc ... done
  Downloading b.e21.BHISTsmbb.f09_g17.LE2-1281.018.cam.h1.WSPDSRFAV.18700101-18791231.nc ... done
  Downloading b.e21.BHISTsmbb.f09_g17.LE2-1281.018.cam.h1.WSPDSRFAV.18800101-18891231.nc ... done
  Downloading b.e21.BHISTsmbb.f09_g17.LE2-1281.018.cam.h1.WSPDSRFAV.18900101-18991231.nc ... done
  Downloading b.e21.BHISTsmbb.f09_g17.LE2-1281.018.cam.h1.WSPDSRFAV.19000101-19091231.nc ... done
  Downloading b.e21.BHISTsmbb.f09_g17.LE2-1281.018.cam.h1.WSPDSRFAV.19100101-19191231.nc ... done
  Downloading b.e21.BHISTsmbb.f09_g17.LE2-1281.018.cam.h1.WSPDSRFAV.19200101-19291231.nc ... done
  Downloading b.e21.BHISTsmbb.f09_g17.LE2-1281.018.cam.h1.WSPDSRFAV.19300101-19391231.nc ... done
  Downloading b.e21.BHISTsmbb.f09_g17.LE2-1281.018.cam.h1.WSPDSRFAV.19400101-19491231.nc ... done
  Downloading b.e21.BHISTsmbb.f09_g17.LE2-1281.018.cam.h1.WSPDSRFAV.19500101-19591231.nc ... done
  Downloading b.e21.BHISTsmbb.f09_g17.LE2-1281.018.cam.h1.WSPDSRFAV.19600101-19691231.nc ... done
  Downloading b.e21.BHISTsmbb.f09_g17.LE2-1281.018.cam.h1.WSPDSRFAV.19700101-19791231.nc ... done
  Downloading b.e21.BHISTsmbb.f09_g17.LE2-1281.018.cam.h1.WSPDSRFAV.19800101-19891231.nc ... done
  Downloading b.e21.BHISTsmbb.f09_g17.LE2-1281.018.cam.h1.WSPDSRFAV.19900101-19991231.nc ... done
  Downloading b.e21.BHISTsmbb.f09_g17.LE2-1281.018.cam.h1.WSPDSRFAV.20000101-20091231.nc ... done
  Downloading b.e21.BHISTsmbb.f09_g17.LE2-1281.018.cam.h1.WSPDSRFAV.20100101-20141231.nc ... done
  Downloading b.e21.BSSP370smbb.f09_g17.LE2-1281.018.cam.h1.WSPDSRFAV.20150101-20241231.nc ... done
  Downloading b.e21.BSSP370smbb.f09_g17.LE2-1281.018.cam.h1.WSPDSRFAV.20250101-20341231.nc ... done
  Downloading b.e21.BSSP370smbb.f09_g17.LE2-1281.018.cam.h1.WSPDSRFAV.20350101-20441231.nc ... done
  Downloading b.e21.BSSP370smbb.f09_g17.LE2-1281.018.cam.h1.WSPDSRFAV.20450101-20541231.nc ... done
  Downloading b.e21.BSSP370smbb.f09_g17.LE2-1281.018.cam.h1.WSPDSRFAV.20550101-20641231.nc ... done
  Downloading b.e21.BSSP370smbb.f09_g17.LE2-1281.018.cam.h1.WSPDSRFAV.20650101-20741231.nc ... done
  Downloading b.e21.BSSP370smbb.f09_g17.LE2-1281.018.cam.h1.WSPDSRFAV.20750101-20841231.nc ... done
  Downloading b.e21.BSSP370smbb.f09_g17.LE2-1281.018.cam.h1.WSPDSRFAV.20850101-20941231.nc ... done
  Downloading b.e21.BSSP370smbb.f09_g17.LE2-1281.018.cam.h1.WSPDSRFAV.20950101-21001231.nc ... done
  Downloading b.e21.BHISTsmbb.f09_g17.LE2-1281.018.cam.h1.QREFHT.18500101-18591231.nc ... done
  Downloading b.e21.BHISTsmbb.f09_g17.LE2-1281.018.cam.h1.QREFHT.18600101-18691231.nc ... done
  Downloading b.e21.BHISTsmbb.f09_g17.LE2-1281.018.cam.h1.QREFHT.18700101-18791231.nc ... done
  Downloading b.e21.BHISTsmbb.f09_g17.LE2-1281.018.cam.h1.QREFHT.18800101-18891231.nc ... done
  Downloading b.e21.BHISTsmbb.f09_g17.LE2-1281.018.cam.h1.QREFHT.18900101-18991231.nc ... done
  Downloading b.e21.BHISTsmbb.f09_g17.LE2-1281.018.cam.h1.QREFHT.19000101-19091231.nc ... done
  Downloading b.e21.BHISTsmbb.f09_g17.LE2-1281.018.cam.h1.QREFHT.19100101-19191231.nc ... done
  Downloading b.e21.BHISTsmbb.f09_g17.LE2-1281.018.cam.h1.QREFHT.19200101-19291231.nc ... done
  Downloading b.e21.BHISTsmbb.f09_g17.LE2-1281.018.cam.h1.QREFHT.19300101-19391231.nc ... done
  Downloading b.e21.BHISTsmbb.f09_g17.LE2-1281.018.cam.h1.QREFHT.19400101-19491231.nc ... done
  Downloading b.e21.BHISTsmbb.f09_g17.LE2-1281.018.cam.h1.QREFHT.19500101-19591231.nc ... done
  Downloading b.e21.BHISTsmbb.f09_g17.LE2-1281.018.cam.h1.QREFHT.19600101-19691231.nc ... done
  Downloading b.e21.BHISTsmbb.f09_g17.LE2-1281.018.cam.h1.QREFHT.19700101-19791231.nc ... done
  Downloading b.e21.BHISTsmbb.f09_g17.LE2-1281.018.cam.h1.QREFHT.19800101-19891231.nc ... done
  Downloading b.e21.BHISTsmbb.f09_g17.LE2-1281.018.cam.h1.QREFHT.19900101-19991231.nc ... done
  Downloading b.e21.BHISTsmbb.f09_g17.LE2-1281.018.cam.h1.QREFHT.20000101-20091231.nc ... done
  Downloading b.e21.BHISTsmbb.f09_g17.LE2-1281.018.cam.h1.QREFHT.20100101-20141231.nc ... done
  Downloading b.e21.BSSP370smbb.f09_g17.LE2-1281.018.cam.h1.QREFHT.20150101-20241231.nc ... done
  Downloading b.e21.BSSP370smbb.f09_g17.LE2-1281.018.cam.h1.QREFHT.20250101-20341231.nc ... done
  Downloading b.e21.BSSP370smbb.f09_g17.LE2-1281.018.cam.h1.QREFHT.20350101-20441231.nc ... done
  Downloading b.e21.BSSP370smbb.f09_g17.LE2-1281.018.cam.h1.QREFHT.20450101-20541231.nc ... done
  Downloading b.e21.BSSP370smbb.f09_g17.LE2-1281.018.cam.h1.QREFHT.20550101-20641231.nc ... done
  Downloading b.e21.BSSP370smbb.f09_g17.LE2-1281.018.cam.h1.QREFHT.20650101-20741231.nc ... done
  Downloading b.e21.BSSP370smbb.f09_g17.LE2-1281.018.cam.h1.QREFHT.20750101-20841231.nc ... done
  Downloading b.e21.BSSP370smbb.f09_g17.LE2-1281.018.cam.h1.QREFHT.20850101-20941231.nc ... done
  Downloading b.e21.BSSP370smbb.f09_g17.LE2-1281.018.cam.h1.QREFHT.20950101-21001231.nc ... done

================================================================================
Processing Member: LE2-1281.019
Destination: /data2/michsh/full_member_data/1281/019
================================================================================
Found 182 total historical and future files for this member.
  Downloading b.e21.BHISTsmbb.f09_g17.LE2-1281.019.cam.h1.TREFHTMX.18500101-18591231.nc ... done
  Downloading b.e21.BHISTsmbb.f09_g17.LE2-1281.019.cam.h1.TREFHTMX.18600101-18691231.nc ... done
  Downloading b.e21.BHISTsmbb.f09_g17.LE2-1281.019.cam.h1.TREFHTMX.18700101-18791231.nc ... done
  Downloading b.e21.BHISTsmbb.f09_g17.LE2-1281.019.cam.h1.TREFHTMX.18800101-18891231.nc ... done
  Downloading b.e21.BHISTsmbb.f09_g17.LE2-1281.019.cam.h1.TREFHTMX.18900101-18991231.nc ... done
  Downloading b.e21.BHISTsmbb.f09_g17.LE2-1281.019.cam.h1.TREFHTMX.19000101-19091231.nc ... done
  Downloading b.e21.BHISTsmbb.f09_g17.LE2-1281.019.cam.h1.TREFHTMX.19100101-19191231.nc ... done
  Downloading b.e21.BHISTsmbb.f09_g17.LE2-1281.019.cam.h1.TREFHTMX.19200101-19291231.nc ... done
  Downloading b.e21.BHISTsmbb.f09_g17.LE2-1281.019.cam.h1.TREFHTMX.19300101-19391231.nc ... done
  Downloading b.e21.BHISTsmbb.f09_g17.LE2-1281.019.cam.h1.TREFHTMX.19400101-19491231.nc ... done
  Downloading b.e21.BHISTsmbb.f09_g17.LE2-1281.019.cam.h1.TREFHTMX.19500101-19591231.nc ... done
  Downloading b.e21.BHISTsmbb.f09_g17.LE2-1281.019.cam.h1.TREFHTMX.19600101-19691231.nc ... done
  Downloading b.e21.BHISTsmbb.f09_g17.LE2-1281.019.cam.h1.TREFHTMX.19700101-19791231.nc ... done
  Downloading b.e21.BHISTsmbb.f09_g17.LE2-1281.019.cam.h1.TREFHTMX.19800101-19891231.nc ... done
  Downloading b.e21.BHISTsmbb.f09_g17.LE2-1281.019.cam.h1.TREFHTMX.19900101-19991231.nc ... done
  Downloading b.e21.BHISTsmbb.f09_g17.LE2-1281.019.cam.h1.TREFHTMX.20000101-20091231.nc ... done
  Downloading b.e21.BHISTsmbb.f09_g17.LE2-1281.019.cam.h1.TREFHTMX.20100101-20141231.nc ... done
  Downloading b.e21.BSSP370smbb.f09_g17.LE2-1281.019.cam.h1.TREFHTMX.20150101-20241231.nc ... done
  Downloading b.e21.BSSP370smbb.f09_g17.LE2-1281.019.cam.h1.TREFHTMX.20250101-20341231.nc ... done
  Downloading b.e21.BSSP370smbb.f09_g17.LE2-1281.019.cam.h1.TREFHTMX.20350101-20441231.nc ... done
  Downloading b.e21.BSSP370smbb.f09_g17.LE2-1281.019.cam.h1.TREFHTMX.20450101-20541231.nc ... done
  Downloading b.e21.BSSP370smbb.f09_g17.LE2-1281.019.cam.h1.TREFHTMX.20550101-20641231.nc ... done
  Downloading b.e21.BSSP370smbb.f09_g17.LE2-1281.019.cam.h1.TREFHTMX.20650101-20741231.nc ... done
  Downloading b.e21.BSSP370smbb.f09_g17.LE2-1281.019.cam.h1.TREFHTMX.20750101-20841231.nc ... done
  Downloading b.e21.BSSP370smbb.f09_g17.LE2-1281.019.cam.h1.TREFHTMX.20850101-20941231.nc ... done
  Downloading b.e21.BSSP370smbb.f09_g17.LE2-1281.019.cam.h1.TREFHTMX.20950101-21001231.nc ... done
  Downloading b.e21.BHISTsmbb.f09_g17.LE2-1281.019.cam.h1.TREFHTMN.18500101-18591231.nc ... done
  Downloading b.e21.BHISTsmbb.f09_g17.LE2-1281.019.cam.h1.TREFHTMN.18600101-18691231.nc ... done
  Downloading b.e21.BHISTsmbb.f09_g17.LE2-1281.019.cam.h1.TREFHTMN.18700101-18791231.nc ... done
  Downloading b.e21.BHISTsmbb.f09_g17.LE2-1281.019.cam.h1.TREFHTMN.18800101-18891231.nc ... done
  Downloading b.e21.BHISTsmbb.f09_g17.LE2-1281.019.cam.h1.TREFHTMN.18900101-18991231.nc ... done
  Downloading b.e21.BHISTsmbb.f09_g17.LE2-1281.019.cam.h1.TREFHTMN.19000101-19091231.nc ... done
  Downloading b.e21.BHISTsmbb.f09_g17.LE2-1281.019.cam.h1.TREFHTMN.19100101-19191231.nc ... done
  Downloading b.e21.BHISTsmbb.f09_g17.LE2-1281.019.cam.h1.TREFHTMN.19200101-19291231.nc ... done
  Downloading b.e21.BHISTsmbb.f09_g17.LE2-1281.019.cam.h1.TREFHTMN.19300101-19391231.nc ... done
  Downloading b.e21.BHISTsmbb.f09_g17.LE2-1281.019.cam.h1.TREFHTMN.19400101-19491231.nc ... done
  Downloading b.e21.BHISTsmbb.f09_g17.LE2-1281.019.cam.h1.TREFHTMN.19500101-19591231.nc ... done
  Downloading b.e21.BHISTsmbb.f09_g17.LE2-1281.019.cam.h1.TREFHTMN.19600101-19691231.nc ... done
  Downloading b.e21.BHISTsmbb.f09_g17.LE2-1281.019.cam.h1.TREFHTMN.19700101-19791231.nc ... done
  Downloading b.e21.BHISTsmbb.f09_g17.LE2-1281.019.cam.h1.TREFHTMN.19800101-19891231.nc ... done
  Downloading b.e21.BHISTsmbb.f09_g17.LE2-1281.019.cam.h1.TREFHTMN.19900101-19991231.nc ... done
  Downloading b.e21.BHISTsmbb.f09_g17.LE2-1281.019.cam.h1.TREFHTMN.20000101-20091231.nc ... done
  Downloading b.e21.BHISTsmbb.f09_g17.LE2-1281.019.cam.h1.TREFHTMN.20100101-20141231.nc ... done
  Downloading b.e21.BSSP370smbb.f09_g17.LE2-1281.019.cam.h1.TREFHTMN.20150101-20241231.nc ... done
  Downloading b.e21.BSSP370smbb.f09_g17.LE2-1281.019.cam.h1.TREFHTMN.20250101-20341231.nc ... done
  Downloading b.e21.BSSP370smbb.f09_g17.LE2-1281.019.cam.h1.TREFHTMN.20350101-20441231.nc ... done
  Downloading b.e21.BSSP370smbb.f09_g17.LE2-1281.019.cam.h1.TREFHTMN.20450101-20541231.nc ... done
  Downloading b.e21.BSSP370smbb.f09_g17.LE2-1281.019.cam.h1.TREFHTMN.20550101-20641231.nc ... done
  Downloading b.e21.BSSP370smbb.f09_g17.LE2-1281.019.cam.h1.TREFHTMN.20650101-20741231.nc ... done
  Downloading b.e21.BSSP370smbb.f09_g17.LE2-1281.019.cam.h1.TREFHTMN.20750101-20841231.nc ... done
  Downloading b.e21.BSSP370smbb.f09_g17.LE2-1281.019.cam.h1.TREFHTMN.20850101-20941231.nc ... done
  Downloading b.e21.BSSP370smbb.f09_g17.LE2-1281.019.cam.h1.TREFHTMN.20950101-21001231.nc ... done
  Downloading b.e21.BHISTsmbb.f09_g17.LE2-1281.019.cam.h1.FSNS.18500101-18591231.nc ... done
  Downloading b.e21.BHISTsmbb.f09_g17.LE2-1281.019.cam.h1.FSNS.18600101-18691231.nc ... done
  Downloading b.e21.BHISTsmbb.f09_g17.LE2-1281.019.cam.h1.FSNS.18700101-18791231.nc ... done
  Downloading b.e21.BHISTsmbb.f09_g17.LE2-1281.019.cam.h1.FSNS.18800101-18891231.nc ... done
  Downloading b.e21.BHISTsmbb.f09_g17.LE2-1281.019.cam.h1.FSNS.18900101-18991231.nc ... done
  Downloading b.e21.BHISTsmbb.f09_g17.LE2-1281.019.cam.h1.FSNS.19000101-19091231.nc ... done
  Downloading b.e21.BHISTsmbb.f09_g17.LE2-1281.019.cam.h1.FSNS.19100101-19191231.nc ... done
  Downloading b.e21.BHISTsmbb.f09_g17.LE2-1281.019.cam.h1.FSNS.19200101-19291231.nc ... done
  Downloading b.e21.BHISTsmbb.f09_g17.LE2-1281.019.cam.h1.FSNS.19300101-19391231.nc ... done
  Downloading b.e21.BHISTsmbb.f09_g17.LE2-1281.019.cam.h1.FSNS.19400101-19491231.nc ... done
  Downloading b.e21.BHISTsmbb.f09_g17.LE2-1281.019.cam.h1.FSNS.19500101-19591231.nc ... done
  Downloading b.e21.BHISTsmbb.f09_g17.LE2-1281.019.cam.h1.FSNS.19600101-19691231.nc ... done
  Downloading b.e21.BHISTsmbb.f09_g17.LE2-1281.019.cam.h1.FSNS.19700101-19791231.nc ... done
  Downloading b.e21.BHISTsmbb.f09_g17.LE2-1281.019.cam.h1.FSNS.19800101-19891231.nc ... done
  Downloading b.e21.BHISTsmbb.f09_g17.LE2-1281.019.cam.h1.FSNS.19900101-19991231.nc ... done
  Downloading b.e21.BHISTsmbb.f09_g17.LE2-1281.019.cam.h1.FSNS.20000101-20091231.nc ... done
  Downloading b.e21.BHISTsmbb.f09_g17.LE2-1281.019.cam.h1.FSNS.20100101-20141231.nc ... done
  Downloading b.e21.BSSP370smbb.f09_g17.LE2-1281.019.cam.h1.FSNS.20150101-20241231.nc ... done
  Downloading b.e21.BSSP370smbb.f09_g17.LE2-1281.019.cam.h1.FSNS.20250101-20341231.nc ... done
  Downloading b.e21.BSSP370smbb.f09_g17.LE2-1281.019.cam.h1.FSNS.20350101-20441231.nc ... done
  Downloading b.e21.BSSP370smbb.f09_g17.LE2-1281.019.cam.h1.FSNS.20450101-20541231.nc ... done
  Downloading b.e21.BSSP370smbb.f09_g17.LE2-1281.019.cam.h1.FSNS.20550101-20641231.nc ... done
  Downloading b.e21.BSSP370smbb.f09_g17.LE2-1281.019.cam.h1.FSNS.20650101-20741231.nc ... done
  Downloading b.e21.BSSP370smbb.f09_g17.LE2-1281.019.cam.h1.FSNS.20750101-20841231.nc ... done
  Downloading b.e21.BSSP370smbb.f09_g17.LE2-1281.019.cam.h1.FSNS.20850101-20941231.nc ... done
  Downloading b.e21.BSSP370smbb.f09_g17.LE2-1281.019.cam.h1.FSNS.20950101-21001231.nc ... done
  Downloading b.e21.BHISTsmbb.f09_g17.LE2-1281.019.cam.h1.FLNS.18500101-18591231.nc ... done
  Downloading b.e21.BHISTsmbb.f09_g17.LE2-1281.019.cam.h1.FLNS.18600101-18691231.nc ... done
  Downloading b.e21.BHISTsmbb.f09_g17.LE2-1281.019.cam.h1.FLNS.18700101-18791231.nc ... done
  Downloading b.e21.BHISTsmbb.f09_g17.LE2-1281.019.cam.h1.FLNS.18800101-18891231.nc ... done
  Downloading b.e21.BHISTsmbb.f09_g17.LE2-1281.019.cam.h1.FLNS.18900101-18991231.nc ... done
  Downloading b.e21.BHISTsmbb.f09_g17.LE2-1281.019.cam.h1.FLNS.19000101-19091231.nc ... done
  Downloading b.e21.BHISTsmbb.f09_g17.LE2-1281.019.cam.h1.FLNS.19100101-19191231.nc ... done
  Downloading b.e21.BHISTsmbb.f09_g17.LE2-1281.019.cam.h1.FLNS.19200101-19291231.nc ... done
  Downloading b.e21.BHISTsmbb.f09_g17.LE2-1281.019.cam.h1.FLNS.19300101-19391231.nc ... done
  Downloading b.e21.BHISTsmbb.f09_g17.LE2-1281.019.cam.h1.FLNS.19400101-19491231.nc ... done
  Downloading b.e21.BHISTsmbb.f09_g17.LE2-1281.019.cam.h1.FLNS.19500101-19591231.nc ... done
  Downloading b.e21.BHISTsmbb.f09_g17.LE2-1281.019.cam.h1.FLNS.19600101-19691231.nc ... done
  Downloading b.e21.BHISTsmbb.f09_g17.LE2-1281.019.cam.h1.FLNS.19700101-19791231.nc ... done
  Downloading b.e21.BHISTsmbb.f09_g17.LE2-1281.019.cam.h1.FLNS.19800101-19891231.nc ... done
  Downloading b.e21.BHISTsmbb.f09_g17.LE2-1281.019.cam.h1.FLNS.19900101-19991231.nc ... done
  Downloading b.e21.BHISTsmbb.f09_g17.LE2-1281.019.cam.h1.FLNS.20000101-20091231.nc ... done
  Downloading b.e21.BHISTsmbb.f09_g17.LE2-1281.019.cam.h1.FLNS.20100101-20141231.nc ... done
  Downloading b.e21.BSSP370smbb.f09_g17.LE2-1281.019.cam.h1.FLNS.20150101-20241231.nc ... done
  Downloading b.e21.BSSP370smbb.f09_g17.LE2-1281.019.cam.h1.FLNS.20250101-20341231.nc ... done
  Downloading b.e21.BSSP370smbb.f09_g17.LE2-1281.019.cam.h1.FLNS.20350101-20441231.nc ... done
  Downloading b.e21.BSSP370smbb.f09_g17.LE2-1281.019.cam.h1.FLNS.20450101-20541231.nc ... done
  Downloading b.e21.BSSP370smbb.f09_g17.LE2-1281.019.cam.h1.FLNS.20550101-20641231.nc ... done
  Downloading b.e21.BSSP370smbb.f09_g17.LE2-1281.019.cam.h1.FLNS.20650101-20741231.nc ... done
  Downloading b.e21.BSSP370smbb.f09_g17.LE2-1281.019.cam.h1.FLNS.20750101-20841231.nc ... done
  Downloading b.e21.BSSP370smbb.f09_g17.LE2-1281.019.cam.h1.FLNS.20850101-20941231.nc ... done
  Downloading b.e21.BSSP370smbb.f09_g17.LE2-1281.019.cam.h1.FLNS.20950101-21001231.nc ... done
  Downloading b.e21.BHISTsmbb.f09_g17.LE2-1281.019.cam.h1.PS.18500101-18591231.nc ... done
  Downloading b.e21.BHISTsmbb.f09_g17.LE2-1281.019.cam.h1.PS.18600101-18691231.nc ... done
  Downloading b.e21.BHISTsmbb.f09_g17.LE2-1281.019.cam.h1.PS.18700101-18791231.nc ... done
  Downloading b.e21.BHISTsmbb.f09_g17.LE2-1281.019.cam.h1.PS.18800101-18891231.nc ... done
  Downloading b.e21.BHISTsmbb.f09_g17.LE2-1281.019.cam.h1.PS.18900101-18991231.nc ... done
  Downloading b.e21.BHISTsmbb.f09_g17.LE2-1281.019.cam.h1.PS.19000101-19091231.nc ... done
  Downloading b.e21.BHISTsmbb.f09_g17.LE2-1281.019.cam.h1.PS.19100101-19191231.nc ... done
  Downloading b.e21.BHISTsmbb.f09_g17.LE2-1281.019.cam.h1.PS.19200101-19291231.nc ... done
  Downloading b.e21.BHISTsmbb.f09_g17.LE2-1281.019.cam.h1.PS.19300101-19391231.nc ... done
  Downloading b.e21.BHISTsmbb.f09_g17.LE2-1281.019.cam.h1.PS.19400101-19491231.nc ... done
  Downloading b.e21.BHISTsmbb.f09_g17.LE2-1281.019.cam.h1.PS.19500101-19591231.nc ... done
  Downloading b.e21.BHISTsmbb.f09_g17.LE2-1281.019.cam.h1.PS.19600101-19691231.nc ... done
  Downloading b.e21.BHISTsmbb.f09_g17.LE2-1281.019.cam.h1.PS.19700101-19791231.nc ... done
  Downloading b.e21.BHISTsmbb.f09_g17.LE2-1281.019.cam.h1.PS.19800101-19891231.nc ... done
  Downloading b.e21.BHISTsmbb.f09_g17.LE2-1281.019.cam.h1.PS.19900101-19991231.nc ... done
  Downloading b.e21.BHISTsmbb.f09_g17.LE2-1281.019.cam.h1.PS.20000101-20091231.nc ... done
  Downloading b.e21.BHISTsmbb.f09_g17.LE2-1281.019.cam.h1.PS.20100101-20141231.nc ... done
  Downloading b.e21.BSSP370smbb.f09_g17.LE2-1281.019.cam.h1.PS.20150101-20241231.nc ... done
  Downloading b.e21.BSSP370smbb.f09_g17.LE2-1281.019.cam.h1.PS.20250101-20341231.nc ... done
  Downloading b.e21.BSSP370smbb.f09_g17.LE2-1281.019.cam.h1.PS.20350101-20441231.nc ... done
  Downloading b.e21.BSSP370smbb.f09_g17.LE2-1281.019.cam.h1.PS.20450101-20541231.nc ... done
  Downloading b.e21.BSSP370smbb.f09_g17.LE2-1281.019.cam.h1.PS.20550101-20641231.nc ... done
  Downloading b.e21.BSSP370smbb.f09_g17.LE2-1281.019.cam.h1.PS.20650101-20741231.nc ... done
  Downloading b.e21.BSSP370smbb.f09_g17.LE2-1281.019.cam.h1.PS.20750101-20841231.nc ... done
  Downloading b.e21.BSSP370smbb.f09_g17.LE2-1281.019.cam.h1.PS.20850101-20941231.nc ... done
  Downloading b.e21.BSSP370smbb.f09_g17.LE2-1281.019.cam.h1.PS.20950101-21001231.nc ... done
  Downloading b.e21.BHISTsmbb.f09_g17.LE2-1281.019.cam.h1.WSPDSRFAV.18500101-18591231.nc ... done
  Downloading b.e21.BHISTsmbb.f09_g17.LE2-1281.019.cam.h1.WSPDSRFAV.18600101-18691231.nc ... done
  Downloading b.e21.BHISTsmbb.f09_g17.LE2-1281.019.cam.h1.WSPDSRFAV.18700101-18791231.nc ... done
  Downloading b.e21.BHISTsmbb.f09_g17.LE2-1281.019.cam.h1.WSPDSRFAV.18800101-18891231.nc ... done
  Downloading b.e21.BHISTsmbb.f09_g17.LE2-1281.019.cam.h1.WSPDSRFAV.18900101-18991231.nc ... done
  Downloading b.e21.BHISTsmbb.f09_g17.LE2-1281.019.cam.h1.WSPDSRFAV.19000101-19091231.nc ... done
  Downloading b.e21.BHISTsmbb.f09_g17.LE2-1281.019.cam.h1.WSPDSRFAV.19100101-19191231.nc ... done
  Downloading b.e21.BHISTsmbb.f09_g17.LE2-1281.019.cam.h1.WSPDSRFAV.19200101-19291231.nc ... done
  Downloading b.e21.BHISTsmbb.f09_g17.LE2-1281.019.cam.h1.WSPDSRFAV.19300101-19391231.nc ... done
  Downloading b.e21.BHISTsmbb.f09_g17.LE2-1281.019.cam.h1.WSPDSRFAV.19400101-19491231.nc ... done
  Downloading b.e21.BHISTsmbb.f09_g17.LE2-1281.019.cam.h1.WSPDSRFAV.19500101-19591231.nc ... done
  Downloading b.e21.BHISTsmbb.f09_g17.LE2-1281.019.cam.h1.WSPDSRFAV.19600101-19691231.nc ... done
  Downloading b.e21.BHISTsmbb.f09_g17.LE2-1281.019.cam.h1.WSPDSRFAV.19700101-19791231.nc ... done
  Downloading b.e21.BHISTsmbb.f09_g17.LE2-1281.019.cam.h1.WSPDSRFAV.19800101-19891231.nc ... done
  Downloading b.e21.BHISTsmbb.f09_g17.LE2-1281.019.cam.h1.WSPDSRFAV.19900101-19991231.nc ... done
  Downloading b.e21.BHISTsmbb.f09_g17.LE2-1281.019.cam.h1.WSPDSRFAV.20000101-20091231.nc ... done
  Downloading b.e21.BHISTsmbb.f09_g17.LE2-1281.019.cam.h1.WSPDSRFAV.20100101-20141231.nc ... done
  Downloading b.e21.BSSP370smbb.f09_g17.LE2-1281.019.cam.h1.WSPDSRFAV.20150101-20241231.nc ... done
  Downloading b.e21.BSSP370smbb.f09_g17.LE2-1281.019.cam.h1.WSPDSRFAV.20250101-20341231.nc ... done
  Downloading b.e21.BSSP370smbb.f09_g17.LE2-1281.019.cam.h1.WSPDSRFAV.20350101-20441231.nc ... done
  Downloading b.e21.BSSP370smbb.f09_g17.LE2-1281.019.cam.h1.WSPDSRFAV.20450101-20541231.nc ... done
  Downloading b.e21.BSSP370smbb.f09_g17.LE2-1281.019.cam.h1.WSPDSRFAV.20550101-20641231.nc ... done
  Downloading b.e21.BSSP370smbb.f09_g17.LE2-1281.019.cam.h1.WSPDSRFAV.20650101-20741231.nc ... done
  Downloading b.e21.BSSP370smbb.f09_g17.LE2-1281.019.cam.h1.WSPDSRFAV.20750101-20841231.nc ... done
  Downloading b.e21.BSSP370smbb.f09_g17.LE2-1281.019.cam.h1.WSPDSRFAV.20850101-20941231.nc ... done
  Downloading b.e21.BSSP370smbb.f09_g17.LE2-1281.019.cam.h1.WSPDSRFAV.20950101-21001231.nc ... done
  Downloading b.e21.BHISTsmbb.f09_g17.LE2-1281.019.cam.h1.QREFHT.18500101-18591231.nc ... done
  Downloading b.e21.BHISTsmbb.f09_g17.LE2-1281.019.cam.h1.QREFHT.18600101-18691231.nc ... done
  Downloading b.e21.BHISTsmbb.f09_g17.LE2-1281.019.cam.h1.QREFHT.18700101-18791231.nc ... done
  Downloading b.e21.BHISTsmbb.f09_g17.LE2-1281.019.cam.h1.QREFHT.18800101-18891231.nc ... done
  Downloading b.e21.BHISTsmbb.f09_g17.LE2-1281.019.cam.h1.QREFHT.18900101-18991231.nc ... done
  Downloading b.e21.BHISTsmbb.f09_g17.LE2-1281.019.cam.h1.QREFHT.19000101-19091231.nc ... done
  Downloading b.e21.BHISTsmbb.f09_g17.LE2-1281.019.cam.h1.QREFHT.19100101-19191231.nc ... done
  Downloading b.e21.BHISTsmbb.f09_g17.LE2-1281.019.cam.h1.QREFHT.19200101-19291231.nc ... done
  Downloading b.e21.BHISTsmbb.f09_g17.LE2-1281.019.cam.h1.QREFHT.19300101-19391231.nc ... done
  Downloading b.e21.BHISTsmbb.f09_g17.LE2-1281.019.cam.h1.QREFHT.19400101-19491231.nc ... done
  Downloading b.e21.BHISTsmbb.f09_g17.LE2-1281.019.cam.h1.QREFHT.19500101-19591231.nc ... done
  Downloading b.e21.BHISTsmbb.f09_g17.LE2-1281.019.cam.h1.QREFHT.19600101-19691231.nc ... done
  Downloading b.e21.BHISTsmbb.f09_g17.LE2-1281.019.cam.h1.QREFHT.19700101-19791231.nc ... done
  Downloading b.e21.BHISTsmbb.f09_g17.LE2-1281.019.cam.h1.QREFHT.19800101-19891231.nc ... done
  Downloading b.e21.BHISTsmbb.f09_g17.LE2-1281.019.cam.h1.QREFHT.19900101-19991231.nc ... done
  Downloading b.e21.BHISTsmbb.f09_g17.LE2-1281.019.cam.h1.QREFHT.20000101-20091231.nc ... done
  Downloading b.e21.BHISTsmbb.f09_g17.LE2-1281.019.cam.h1.QREFHT.20100101-20141231.nc ... done
  Downloading b.e21.BSSP370smbb.f09_g17.LE2-1281.019.cam.h1.QREFHT.20150101-20241231.nc ... done
  Downloading b.e21.BSSP370smbb.f09_g17.LE2-1281.019.cam.h1.QREFHT.20250101-20341231.nc ... done
  Downloading b.e21.BSSP370smbb.f09_g17.LE2-1281.019.cam.h1.QREFHT.20350101-20441231.nc ... done
  Downloading b.e21.BSSP370smbb.f09_g17.LE2-1281.019.cam.h1.QREFHT.20450101-20541231.nc ... done
  Downloading b.e21.BSSP370smbb.f09_g17.LE2-1281.019.cam.h1.QREFHT.20550101-20641231.nc ... done
  Downloading b.e21.BSSP370smbb.f09_g17.LE2-1281.019.cam.h1.QREFHT.20650101-20741231.nc ... done
  Downloading b.e21.BSSP370smbb.f09_g17.LE2-1281.019.cam.h1.QREFHT.20750101-20841231.nc ... done
  Downloading b.e21.BSSP370smbb.f09_g17.LE2-1281.019.cam.h1.QREFHT.20850101-20941231.nc ... done
  Downloading b.e21.BSSP370smbb.f09_g17.LE2-1281.019.cam.h1.QREFHT.20950101-21001231.nc ... done

================================================================================
Processing Member: LE2-1281.020
Destination: /data2/michsh/full_member_data/1281/020
================================================================================
Found 182 total historical and future files for this member.
  Downloading b.e21.BHISTsmbb.f09_g17.LE2-1281.020.cam.h1.TREFHTMX.18500101-18591231.nc ... done
  Downloading b.e21.BHISTsmbb.f09_g17.LE2-1281.020.cam.h1.TREFHTMX.18600101-18691231.nc ... done
  Downloading b.e21.BHISTsmbb.f09_g17.LE2-1281.020.cam.h1.TREFHTMX.18700101-18791231.nc ... done
  Downloading b.e21.BHISTsmbb.f09_g17.LE2-1281.020.cam.h1.TREFHTMX.18800101-18891231.nc ... done
  Downloading b.e21.BHISTsmbb.f09_g17.LE2-1281.020.cam.h1.TREFHTMX.18900101-18991231.nc ... done
  Downloading b.e21.BHISTsmbb.f09_g17.LE2-1281.020.cam.h1.TREFHTMX.19000101-19091231.nc ... done
  Downloading b.e21.BHISTsmbb.f09_g17.LE2-1281.020.cam.h1.TREFHTMX.19100101-19191231.nc ... done
  Downloading b.e21.BHISTsmbb.f09_g17.LE2-1281.020.cam.h1.TREFHTMX.19200101-19291231.nc ... done
  Downloading b.e21.BHISTsmbb.f09_g17.LE2-1281.020.cam.h1.TREFHTMX.19300101-19391231.nc ... done
  Downloading b.e21.BHISTsmbb.f09_g17.LE2-1281.020.cam.h1.TREFHTMX.19400101-19491231.nc ... done
  Downloading b.e21.BHISTsmbb.f09_g17.LE2-1281.020.cam.h1.TREFHTMX.19500101-19591231.nc ... done
  Downloading b.e21.BHISTsmbb.f09_g17.LE2-1281.020.cam.h1.TREFHTMX.19600101-19691231.nc ... done
  Downloading b.e21.BHISTsmbb.f09_g17.LE2-1281.020.cam.h1.TREFHTMX.19700101-19791231.nc ... done
  Downloading b.e21.BHISTsmbb.f09_g17.LE2-1281.020.cam.h1.TREFHTMX.19800101-19891231.nc ... done
  Downloading b.e21.BHISTsmbb.f09_g17.LE2-1281.020.cam.h1.TREFHTMX.19900101-19991231.nc ... done
  Downloading b.e21.BHISTsmbb.f09_g17.LE2-1281.020.cam.h1.TREFHTMX.20000101-20091231.nc ... done
  Downloading b.e21.BHISTsmbb.f09_g17.LE2-1281.020.cam.h1.TREFHTMX.20100101-20141231.nc ... done
  Downloading b.e21.BSSP370smbb.f09_g17.LE2-1281.020.cam.h1.TREFHTMX.20150101-20241231.nc ... done
  Downloading b.e21.BSSP370smbb.f09_g17.LE2-1281.020.cam.h1.TREFHTMX.20250101-20341231.nc ... done
  Downloading b.e21.BSSP370smbb.f09_g17.LE2-1281.020.cam.h1.TREFHTMX.20350101-20441231.nc ... done
  Downloading b.e21.BSSP370smbb.f09_g17.LE2-1281.020.cam.h1.TREFHTMX.20450101-20541231.nc ... done
  Downloading b.e21.BSSP370smbb.f09_g17.LE2-1281.020.cam.h1.TREFHTMX.20550101-20641231.nc ... done
  Downloading b.e21.BSSP370smbb.f09_g17.LE2-1281.020.cam.h1.TREFHTMX.20650101-20741231.nc ... done
  Downloading b.e21.BSSP370smbb.f09_g17.LE2-1281.020.cam.h1.TREFHTMX.20750101-20841231.nc ... done
  Downloading b.e21.BSSP370smbb.f09_g17.LE2-1281.020.cam.h1.TREFHTMX.20850101-20941231.nc ... done
  Downloading b.e21.BSSP370smbb.f09_g17.LE2-1281.020.cam.h1.TREFHTMX.20950101-21001231.nc ... done
  Downloading b.e21.BHISTsmbb.f09_g17.LE2-1281.020.cam.h1.TREFHTMN.18500101-18591231.nc ... done
  Downloading b.e21.BHISTsmbb.f09_g17.LE2-1281.020.cam.h1.TREFHTMN.18600101-18691231.nc ... done
  Downloading b.e21.BHISTsmbb.f09_g17.LE2-1281.020.cam.h1.TREFHTMN.18700101-18791231.nc ... done
  Downloading b.e21.BHISTsmbb.f09_g17.LE2-1281.020.cam.h1.TREFHTMN.18800101-18891231.nc ... done
  Downloading b.e21.BHISTsmbb.f09_g17.LE2-1281.020.cam.h1.TREFHTMN.18900101-18991231.nc ... done
  Downloading b.e21.BHISTsmbb.f09_g17.LE2-1281.020.cam.h1.TREFHTMN.19000101-19091231.nc ... done
  Downloading b.e21.BHISTsmbb.f09_g17.LE2-1281.020.cam.h1.TREFHTMN.19100101-19191231.nc ... done
  Downloading b.e21.BHISTsmbb.f09_g17.LE2-1281.020.cam.h1.TREFHTMN.19200101-19291231.nc ... done
  Downloading b.e21.BHISTsmbb.f09_g17.LE2-1281.020.cam.h1.TREFHTMN.19300101-19391231.nc ... done
  Downloading b.e21.BHISTsmbb.f09_g17.LE2-1281.020.cam.h1.TREFHTMN.19400101-19491231.nc ... done
  Downloading b.e21.BHISTsmbb.f09_g17.LE2-1281.020.cam.h1.TREFHTMN.19500101-19591231.nc ... done
  Downloading b.e21.BHISTsmbb.f09_g17.LE2-1281.020.cam.h1.TREFHTMN.19600101-19691231.nc ... done
  Downloading b.e21.BHISTsmbb.f09_g17.LE2-1281.020.cam.h1.TREFHTMN.19700101-19791231.nc ... done
  Downloading b.e21.BHISTsmbb.f09_g17.LE2-1281.020.cam.h1.TREFHTMN.19800101-19891231.nc ... done
  Downloading b.e21.BHISTsmbb.f09_g17.LE2-1281.020.cam.h1.TREFHTMN.19900101-19991231.nc ... done
  Downloading b.e21.BHISTsmbb.f09_g17.LE2-1281.020.cam.h1.TREFHTMN.20000101-20091231.nc ... done
  Downloading b.e21.BHISTsmbb.f09_g17.LE2-1281.020.cam.h1.TREFHTMN.20100101-20141231.nc ... done
  Downloading b.e21.BSSP370smbb.f09_g17.LE2-1281.020.cam.h1.TREFHTMN.20150101-20241231.nc ... done
  Downloading b.e21.BSSP370smbb.f09_g17.LE2-1281.020.cam.h1.TREFHTMN.20250101-20341231.nc ... done
  Downloading b.e21.BSSP370smbb.f09_g17.LE2-1281.020.cam.h1.TREFHTMN.20350101-20441231.nc ... done
  Downloading b.e21.BSSP370smbb.f09_g17.LE2-1281.020.cam.h1.TREFHTMN.20450101-20541231.nc ... done
  Downloading b.e21.BSSP370smbb.f09_g17.LE2-1281.020.cam.h1.TREFHTMN.20550101-20641231.nc ... done
  Downloading b.e21.BSSP370smbb.f09_g17.LE2-1281.020.cam.h1.TREFHTMN.20650101-20741231.nc ... done
  Downloading b.e21.BSSP370smbb.f09_g17.LE2-1281.020.cam.h1.TREFHTMN.20750101-20841231.nc ... done
  Downloading b.e21.BSSP370smbb.f09_g17.LE2-1281.020.cam.h1.TREFHTMN.20850101-20941231.nc ... done
  Downloading b.e21.BSSP370smbb.f09_g17.LE2-1281.020.cam.h1.TREFHTMN.20950101-21001231.nc ... done
  Downloading b.e21.BHISTsmbb.f09_g17.LE2-1281.020.cam.h1.FSNS.18500101-18591231.nc ... done
  Downloading b.e21.BHISTsmbb.f09_g17.LE2-1281.020.cam.h1.FSNS.18600101-18691231.nc ... done
  Downloading b.e21.BHISTsmbb.f09_g17.LE2-1281.020.cam.h1.FSNS.18700101-18791231.nc ... done
  Downloading b.e21.BHISTsmbb.f09_g17.LE2-1281.020.cam.h1.FSNS.18800101-18891231.nc ... done
  Downloading b.e21.BHISTsmbb.f09_g17.LE2-1281.020.cam.h1.FSNS.18900101-18991231.nc ... done
  Downloading b.e21.BHISTsmbb.f09_g17.LE2-1281.020.cam.h1.FSNS.19000101-19091231.nc ... done
  Downloading b.e21.BHISTsmbb.f09_g17.LE2-1281.020.cam.h1.FSNS.19100101-19191231.nc ... done
  Downloading b.e21.BHISTsmbb.f09_g17.LE2-1281.020.cam.h1.FSNS.19200101-19291231.nc ... done
  Downloading b.e21.BHISTsmbb.f09_g17.LE2-1281.020.cam.h1.FSNS.19300101-19391231.nc ... done
  Downloading b.e21.BHISTsmbb.f09_g17.LE2-1281.020.cam.h1.FSNS.19400101-19491231.nc ... done
  Downloading b.e21.BHISTsmbb.f09_g17.LE2-1281.020.cam.h1.FSNS.19500101-19591231.nc ... done
  Downloading b.e21.BHISTsmbb.f09_g17.LE2-1281.020.cam.h1.FSNS.19600101-19691231.nc ... done
  Downloading b.e21.BHISTsmbb.f09_g17.LE2-1281.020.cam.h1.FSNS.19700101-19791231.nc ... done
  Downloading b.e21.BHISTsmbb.f09_g17.LE2-1281.020.cam.h1.FSNS.19800101-19891231.nc ... done
  Downloading b.e21.BHISTsmbb.f09_g17.LE2-1281.020.cam.h1.FSNS.19900101-19991231.nc ... done
  Downloading b.e21.BHISTsmbb.f09_g17.LE2-1281.020.cam.h1.FSNS.20000101-20091231.nc ... done
  Downloading b.e21.BHISTsmbb.f09_g17.LE2-1281.020.cam.h1.FSNS.20100101-20141231.nc ... done
  Downloading b.e21.BSSP370smbb.f09_g17.LE2-1281.020.cam.h1.FSNS.20150101-20241231.nc ... done
  Downloading b.e21.BSSP370smbb.f09_g17.LE2-1281.020.cam.h1.FSNS.20250101-20341231.nc ... done
  Downloading b.e21.BSSP370smbb.f09_g17.LE2-1281.020.cam.h1.FSNS.20350101-20441231.nc ... done
  Downloading b.e21.BSSP370smbb.f09_g17.LE2-1281.020.cam.h1.FSNS.20450101-20541231.nc ... done
  Downloading b.e21.BSSP370smbb.f09_g17.LE2-1281.020.cam.h1.FSNS.20550101-20641231.nc ... done
  Downloading b.e21.BSSP370smbb.f09_g17.LE2-1281.020.cam.h1.FSNS.20650101-20741231.nc ... done
  Downloading b.e21.BSSP370smbb.f09_g17.LE2-1281.020.cam.h1.FSNS.20750101-20841231.nc ... done
  Downloading b.e21.BSSP370smbb.f09_g17.LE2-1281.020.cam.h1.FSNS.20850101-20941231.nc ... done
  Downloading b.e21.BSSP370smbb.f09_g17.LE2-1281.020.cam.h1.FSNS.20950101-21001231.nc ... done
  Downloading b.e21.BHISTsmbb.f09_g17.LE2-1281.020.cam.h1.FLNS.18500101-18591231.nc ... done
  Downloading b.e21.BHISTsmbb.f09_g17.LE2-1281.020.cam.h1.FLNS.18600101-18691231.nc ... done
  Downloading b.e21.BHISTsmbb.f09_g17.LE2-1281.020.cam.h1.FLNS.18700101-18791231.nc ... done
  Downloading b.e21.BHISTsmbb.f09_g17.LE2-1281.020.cam.h1.FLNS.18800101-18891231.nc ... done
  Downloading b.e21.BHISTsmbb.f09_g17.LE2-1281.020.cam.h1.FLNS.18900101-18991231.nc ... done
  Downloading b.e21.BHISTsmbb.f09_g17.LE2-1281.020.cam.h1.FLNS.19000101-19091231.nc ... done
  Downloading b.e21.BHISTsmbb.f09_g17.LE2-1281.020.cam.h1.FLNS.19100101-19191231.nc ... done
  Downloading b.e21.BHISTsmbb.f09_g17.LE2-1281.020.cam.h1.FLNS.19200101-19291231.nc ... done
  Downloading b.e21.BHISTsmbb.f09_g17.LE2-1281.020.cam.h1.FLNS.19300101-19391231.nc ... done
  Downloading b.e21.BHISTsmbb.f09_g17.LE2-1281.020.cam.h1.FLNS.19400101-19491231.nc ... done
  Downloading b.e21.BHISTsmbb.f09_g17.LE2-1281.020.cam.h1.FLNS.19500101-19591231.nc ... done
  Downloading b.e21.BHISTsmbb.f09_g17.LE2-1281.020.cam.h1.FLNS.19600101-19691231.nc ... done
  Downloading b.e21.BHISTsmbb.f09_g17.LE2-1281.020.cam.h1.FLNS.19700101-19791231.nc ... done
  Downloading b.e21.BHISTsmbb.f09_g17.LE2-1281.020.cam.h1.FLNS.19800101-19891231.nc ... done
  Downloading b.e21.BHISTsmbb.f09_g17.LE2-1281.020.cam.h1.FLNS.19900101-19991231.nc ... done
  Downloading b.e21.BHISTsmbb.f09_g17.LE2-1281.020.cam.h1.FLNS.20000101-20091231.nc ... done
  Downloading b.e21.BHISTsmbb.f09_g17.LE2-1281.020.cam.h1.FLNS.20100101-20141231.nc ... done
  Downloading b.e21.BSSP370smbb.f09_g17.LE2-1281.020.cam.h1.FLNS.20150101-20241231.nc ... done
  Downloading b.e21.BSSP370smbb.f09_g17.LE2-1281.020.cam.h1.FLNS.20250101-20341231.nc ... done
  Downloading b.e21.BSSP370smbb.f09_g17.LE2-1281.020.cam.h1.FLNS.20350101-20441231.nc ... done
  Downloading b.e21.BSSP370smbb.f09_g17.LE2-1281.020.cam.h1.FLNS.20450101-20541231.nc ... done
  Downloading b.e21.BSSP370smbb.f09_g17.LE2-1281.020.cam.h1.FLNS.20550101-20641231.nc ... done
  Downloading b.e21.BSSP370smbb.f09_g17.LE2-1281.020.cam.h1.FLNS.20650101-20741231.nc ... done
  Downloading b.e21.BSSP370smbb.f09_g17.LE2-1281.020.cam.h1.FLNS.20750101-20841231.nc ... done
  Downloading b.e21.BSSP370smbb.f09_g17.LE2-1281.020.cam.h1.FLNS.20850101-20941231.nc ... done
  Downloading b.e21.BSSP370smbb.f09_g17.LE2-1281.020.cam.h1.FLNS.20950101-21001231.nc ... done
  Downloading b.e21.BHISTsmbb.f09_g17.LE2-1281.020.cam.h1.PS.18500101-18591231.nc ... done
  Downloading b.e21.BHISTsmbb.f09_g17.LE2-1281.020.cam.h1.PS.18600101-18691231.nc ... done
  Downloading b.e21.BHISTsmbb.f09_g17.LE2-1281.020.cam.h1.PS.18700101-18791231.nc ... done
  Downloading b.e21.BHISTsmbb.f09_g17.LE2-1281.020.cam.h1.PS.18800101-18891231.nc ... done
  Downloading b.e21.BHISTsmbb.f09_g17.LE2-1281.020.cam.h1.PS.18900101-18991231.nc ... done
  Downloading b.e21.BHISTsmbb.f09_g17.LE2-1281.020.cam.h1.PS.19000101-19091231.nc ... done
  Downloading b.e21.BHISTsmbb.f09_g17.LE2-1281.020.cam.h1.PS.19100101-19191231.nc ... done
  Downloading b.e21.BHISTsmbb.f09_g17.LE2-1281.020.cam.h1.PS.19200101-19291231.nc ... done
  Downloading b.e21.BHISTsmbb.f09_g17.LE2-1281.020.cam.h1.PS.19300101-19391231.nc ... done
  Downloading b.e21.BHISTsmbb.f09_g17.LE2-1281.020.cam.h1.PS.19400101-19491231.nc ... done
  Downloading b.e21.BHISTsmbb.f09_g17.LE2-1281.020.cam.h1.PS.19500101-19591231.nc ... done
  Downloading b.e21.BHISTsmbb.f09_g17.LE2-1281.020.cam.h1.PS.19600101-19691231.nc ... done
  Downloading b.e21.BHISTsmbb.f09_g17.LE2-1281.020.cam.h1.PS.19700101-19791231.nc ... done
  Downloading b.e21.BHISTsmbb.f09_g17.LE2-1281.020.cam.h1.PS.19800101-19891231.nc ... done
  Downloading b.e21.BHISTsmbb.f09_g17.LE2-1281.020.cam.h1.PS.19900101-19991231.nc ... done
  Downloading b.e21.BHISTsmbb.f09_g17.LE2-1281.020.cam.h1.PS.20000101-20091231.nc ... done
  Downloading b.e21.BHISTsmbb.f09_g17.LE2-1281.020.cam.h1.PS.20100101-20141231.nc ... done
  Downloading b.e21.BSSP370smbb.f09_g17.LE2-1281.020.cam.h1.PS.20150101-20241231.nc ... done
  Downloading b.e21.BSSP370smbb.f09_g17.LE2-1281.020.cam.h1.PS.20250101-20341231.nc ... done
  Downloading b.e21.BSSP370smbb.f09_g17.LE2-1281.020.cam.h1.PS.20350101-20441231.nc ... done
  Downloading b.e21.BSSP370smbb.f09_g17.LE2-1281.020.cam.h1.PS.20450101-20541231.nc ... done
  Downloading b.e21.BSSP370smbb.f09_g17.LE2-1281.020.cam.h1.PS.20550101-20641231.nc ... done
  Downloading b.e21.BSSP370smbb.f09_g17.LE2-1281.020.cam.h1.PS.20650101-20741231.nc ... done
  Downloading b.e21.BSSP370smbb.f09_g17.LE2-1281.020.cam.h1.PS.20750101-20841231.nc ... done
  Downloading b.e21.BSSP370smbb.f09_g17.LE2-1281.020.cam.h1.PS.20850101-20941231.nc ... done
  Downloading b.e21.BSSP370smbb.f09_g17.LE2-1281.020.cam.h1.PS.20950101-21001231.nc ... done
  Downloading b.e21.BHISTsmbb.f09_g17.LE2-1281.020.cam.h1.WSPDSRFAV.18500101-18591231.nc ... done
  Downloading b.e21.BHISTsmbb.f09_g17.LE2-1281.020.cam.h1.WSPDSRFAV.18600101-18691231.nc ... done
  Downloading b.e21.BHISTsmbb.f09_g17.LE2-1281.020.cam.h1.WSPDSRFAV.18700101-18791231.nc ... done
  Downloading b.e21.BHISTsmbb.f09_g17.LE2-1281.020.cam.h1.WSPDSRFAV.18800101-18891231.nc ... done
  Downloading b.e21.BHISTsmbb.f09_g17.LE2-1281.020.cam.h1.WSPDSRFAV.18900101-18991231.nc ... done
  Downloading b.e21.BHISTsmbb.f09_g17.LE2-1281.020.cam.h1.WSPDSRFAV.19000101-19091231.nc ... done
  Downloading b.e21.BHISTsmbb.f09_g17.LE2-1281.020.cam.h1.WSPDSRFAV.19100101-19191231.nc ... done
  Downloading b.e21.BHISTsmbb.f09_g17.LE2-1281.020.cam.h1.WSPDSRFAV.19200101-19291231.nc ... done
  Downloading b.e21.BHISTsmbb.f09_g17.LE2-1281.020.cam.h1.WSPDSRFAV.19300101-19391231.nc ... done
  Downloading b.e21.BHISTsmbb.f09_g17.LE2-1281.020.cam.h1.WSPDSRFAV.19400101-19491231.nc ... done
  Downloading b.e21.BHISTsmbb.f09_g17.LE2-1281.020.cam.h1.WSPDSRFAV.19500101-19591231.nc ... done
  Downloading b.e21.BHISTsmbb.f09_g17.LE2-1281.020.cam.h1.WSPDSRFAV.19600101-19691231.nc ... done
  Downloading b.e21.BHISTsmbb.f09_g17.LE2-1281.020.cam.h1.WSPDSRFAV.19700101-19791231.nc ... done
  Downloading b.e21.BHISTsmbb.f09_g17.LE2-1281.020.cam.h1.WSPDSRFAV.19800101-19891231.nc ... done
  Downloading b.e21.BHISTsmbb.f09_g17.LE2-1281.020.cam.h1.WSPDSRFAV.19900101-19991231.nc ... done
  Downloading b.e21.BHISTsmbb.f09_g17.LE2-1281.020.cam.h1.WSPDSRFAV.20000101-20091231.nc ... done
  Downloading b.e21.BHISTsmbb.f09_g17.LE2-1281.020.cam.h1.WSPDSRFAV.20100101-20141231.nc ... done
  Downloading b.e21.BSSP370smbb.f09_g17.LE2-1281.020.cam.h1.WSPDSRFAV.20150101-20241231.nc ... done
  Downloading b.e21.BSSP370smbb.f09_g17.LE2-1281.020.cam.h1.WSPDSRFAV.20250101-20341231.nc ... done
  Downloading b.e21.BSSP370smbb.f09_g17.LE2-1281.020.cam.h1.WSPDSRFAV.20350101-20441231.nc ... done
  Downloading b.e21.BSSP370smbb.f09_g17.LE2-1281.020.cam.h1.WSPDSRFAV.20450101-20541231.nc ... done
  Downloading b.e21.BSSP370smbb.f09_g17.LE2-1281.020.cam.h1.WSPDSRFAV.20550101-20641231.nc ... done
  Downloading b.e21.BSSP370smbb.f09_g17.LE2-1281.020.cam.h1.WSPDSRFAV.20650101-20741231.nc ... done
  Downloading b.e21.BSSP370smbb.f09_g17.LE2-1281.020.cam.h1.WSPDSRFAV.20750101-20841231.nc ... done
  Downloading b.e21.BSSP370smbb.f09_g17.LE2-1281.020.cam.h1.WSPDSRFAV.20850101-20941231.nc ... done
  Downloading b.e21.BSSP370smbb.f09_g17.LE2-1281.020.cam.h1.WSPDSRFAV.20950101-21001231.nc ... done
  Downloading b.e21.BHISTsmbb.f09_g17.LE2-1281.020.cam.h1.QREFHT.18500101-18591231.nc ... done
  Downloading b.e21.BHISTsmbb.f09_g17.LE2-1281.020.cam.h1.QREFHT.18600101-18691231.nc ... done
  Downloading b.e21.BHISTsmbb.f09_g17.LE2-1281.020.cam.h1.QREFHT.18700101-18791231.nc ... done
  Downloading b.e21.BHISTsmbb.f09_g17.LE2-1281.020.cam.h1.QREFHT.18800101-18891231.nc ... done
  Downloading b.e21.BHISTsmbb.f09_g17.LE2-1281.020.cam.h1.QREFHT.18900101-18991231.nc ... done
  Downloading b.e21.BHISTsmbb.f09_g17.LE2-1281.020.cam.h1.QREFHT.19000101-19091231.nc ... done
  Downloading b.e21.BHISTsmbb.f09_g17.LE2-1281.020.cam.h1.QREFHT.19100101-19191231.nc ... done
  Downloading b.e21.BHISTsmbb.f09_g17.LE2-1281.020.cam.h1.QREFHT.19200101-19291231.nc ... done
  Downloading b.e21.BHISTsmbb.f09_g17.LE2-1281.020.cam.h1.QREFHT.19300101-19391231.nc ... done
  Downloading b.e21.BHISTsmbb.f09_g17.LE2-1281.020.cam.h1.QREFHT.19400101-19491231.nc ... done
  Downloading b.e21.BHISTsmbb.f09_g17.LE2-1281.020.cam.h1.QREFHT.19500101-19591231.nc ... done
  Downloading b.e21.BHISTsmbb.f09_g17.LE2-1281.020.cam.h1.QREFHT.19600101-19691231.nc ... done
  Downloading b.e21.BHISTsmbb.f09_g17.LE2-1281.020.cam.h1.QREFHT.19700101-19791231.nc ... done
  Downloading b.e21.BHISTsmbb.f09_g17.LE2-1281.020.cam.h1.QREFHT.19800101-19891231.nc ... done
  Downloading b.e21.BHISTsmbb.f09_g17.LE2-1281.020.cam.h1.QREFHT.19900101-19991231.nc ... done
  Downloading b.e21.BHISTsmbb.f09_g17.LE2-1281.020.cam.h1.QREFHT.20000101-20091231.nc ... done
  Downloading b.e21.BHISTsmbb.f09_g17.LE2-1281.020.cam.h1.QREFHT.20100101-20141231.nc ... done
  Downloading b.e21.BSSP370smbb.f09_g17.LE2-1281.020.cam.h1.QREFHT.20150101-20241231.nc ... done
  Downloading b.e21.BSSP370smbb.f09_g17.LE2-1281.020.cam.h1.QREFHT.20250101-20341231.nc ... done
  Downloading b.e21.BSSP370smbb.f09_g17.LE2-1281.020.cam.h1.QREFHT.20350101-20441231.nc ... done
  Downloading b.e21.BSSP370smbb.f09_g17.LE2-1281.020.cam.h1.QREFHT.20450101-20541231.nc ... done
  Downloading b.e21.BSSP370smbb.f09_g17.LE2-1281.020.cam.h1.QREFHT.20550101-20641231.nc ... done
  Downloading b.e21.BSSP370smbb.f09_g17.LE2-1281.020.cam.h1.QREFHT.20650101-20741231.nc ... done
  Downloading b.e21.BSSP370smbb.f09_g17.LE2-1281.020.cam.h1.QREFHT.20750101-20841231.nc ... done
  Downloading b.e21.BSSP370smbb.f09_g17.LE2-1281.020.cam.h1.QREFHT.20850101-20941231.nc ... done
  Downloading b.e21.BSSP370smbb.f09_g17.LE2-1281.020.cam.h1.QREFHT.20950101-21001231.nc ... done
All Task Completed!!!
